<?xml version="1.0" encoding="UTF-8" ?>
<gpx version="1.1" xmlns:xsi="http://www.w3.org/2001/XMLSchema-instance"
    xmlns="http://www.topografix.com/GPX/1/1"
    xsi:schemaLocation="http://www.topografix.com/GPX/1/1 http://www.topografix.com/GPX/1/1/gpx.xsd"
    creator="Openrunner - https://www.openrunner.com" >	<trk>
	                   <name>TRAIL 54 KM Pierre-Percée***-23435863</name>
						<trkseg>
					<trkpt lat="48.450530" lon="6.936040">
						<ele>308</ele>
						<time>2026-10-02T22:50:53Z</time>
					</trkpt>
					<trkpt lat="48.450560" lon="6.935950">
						<ele>308</ele>
						<time>2026-10-02T22:50:56Z</time>
					</trkpt>
					<trkpt lat="48.450680" lon="6.935570">
						<ele>311</ele>
						<time>2026-10-02T22:51:10Z</time>
					</trkpt>
					<trkpt lat="48.450790" lon="6.935210">
						<ele>315</ele>
						<time>2026-10-02T22:51:23Z</time>
					</trkpt>
					<trkpt lat="48.450750" lon="6.935150">
						<ele>315</ele>
						<time>2026-10-02T22:51:26Z</time>
					</trkpt>
					<trkpt lat="48.450750" lon="6.935100">
						<ele>315</ele>
						<time>2026-10-02T22:51:28Z</time>
					</trkpt>
					<trkpt lat="48.450770" lon="6.935040">
						<ele>316</ele>
						<time>2026-10-02T22:51:30Z</time>
					</trkpt>
					<trkpt lat="48.450780" lon="6.935030">
						<ele>316</ele>
						<time>2026-10-02T22:51:31Z</time>
					</trkpt>
					<trkpt lat="48.450800" lon="6.935010">
						<ele>317</ele>
						<time>2026-10-02T22:51:32Z</time>
					</trkpt>
					<trkpt lat="48.450840" lon="6.935020">
						<ele>317</ele>
						<time>2026-10-02T22:51:34Z</time>
					</trkpt>
					<trkpt lat="48.450860" lon="6.934950">
						<ele>319</ele>
						<time>2026-10-02T22:51:37Z</time>
					</trkpt>
					<trkpt lat="48.450860" lon="6.934950">
						<ele>319</ele>
						<time>2026-10-02T22:51:37Z</time>
					</trkpt>
					<trkpt lat="48.450890" lon="6.934850">
						<ele>323</ele>
						<time>2026-10-02T22:51:40Z</time>
					</trkpt>
					<trkpt lat="48.450830" lon="6.934780">
						<ele>325</ele>
						<time>2026-10-02T22:51:44Z</time>
					</trkpt>
					<trkpt lat="48.449880" lon="6.933720">
						<ele>333</ele>
						<time>2026-10-02T22:52:43Z</time>
					</trkpt>
					<trkpt lat="48.449390" lon="6.933220">
						<ele>331</ele>
						<time>2026-10-02T22:53:13Z</time>
					</trkpt>
					<trkpt lat="48.448770" lon="6.932730">
						<ele>331</ele>
						<time>2026-10-02T22:53:48Z</time>
					</trkpt>
					<trkpt lat="48.448170" lon="6.932320">
						<ele>330</ele>
						<time>2026-10-02T22:54:21Z</time>
					</trkpt>
					<trkpt lat="48.447320" lon="6.931810">
						<ele>327</ele>
						<time>2026-10-02T22:55:07Z</time>
					</trkpt>
					<trkpt lat="48.445910" lon="6.930740">
						<ele>325</ele>
						<time>2026-10-02T22:56:26Z</time>
					</trkpt>
					<trkpt lat="48.445930" lon="6.930630">
						<ele>329</ele>
						<time>2026-10-02T22:56:29Z</time>
					</trkpt>
					<trkpt lat="48.445850" lon="6.930510">
						<ele>332</ele>
						<time>2026-10-02T22:56:35Z</time>
					</trkpt>
					<trkpt lat="48.445680" lon="6.930350">
						<ele>334</ele>
						<time>2026-10-02T22:56:45Z</time>
					</trkpt>
					<trkpt lat="48.445330" lon="6.930070">
						<ele>337</ele>
						<time>2026-10-02T22:57:05Z</time>
					</trkpt>
					<trkpt lat="48.445020" lon="6.929900">
						<ele>338</ele>
						<time>2026-10-02T22:57:21Z</time>
					</trkpt>
					<trkpt lat="48.444830" lon="6.929810">
						<ele>338</ele>
						<time>2026-10-02T22:57:31Z</time>
					</trkpt>
					<trkpt lat="48.444640" lon="6.929710">
						<ele>338</ele>
						<time>2026-10-02T22:57:41Z</time>
					</trkpt>
					<trkpt lat="48.444550" lon="6.929680">
						<ele>338</ele>
						<time>2026-10-02T22:57:46Z</time>
					</trkpt>
					<trkpt lat="48.444380" lon="6.929560">
						<ele>339</ele>
						<time>2026-10-02T22:57:55Z</time>
					</trkpt>
					<trkpt lat="48.444200" lon="6.929450">
						<ele>339</ele>
						<time>2026-10-02T22:58:05Z</time>
					</trkpt>
					<trkpt lat="48.443870" lon="6.929090">
						<ele>344</ele>
						<time>2026-10-02T22:58:25Z</time>
					</trkpt>
					<trkpt lat="48.443810" lon="6.929050">
						<ele>344</ele>
						<time>2026-10-02T22:58:29Z</time>
					</trkpt>
					<trkpt lat="48.443690" lon="6.928900">
						<ele>347</ele>
						<time>2026-10-02T22:58:37Z</time>
					</trkpt>
					<trkpt lat="48.443360" lon="6.928770">
						<ele>342</ele>
						<time>2026-10-02T22:58:54Z</time>
					</trkpt>
					<trkpt lat="48.442950" lon="6.928440">
						<ele>338</ele>
						<time>2026-10-02T22:59:17Z</time>
					</trkpt>
					<trkpt lat="48.442810" lon="6.928300">
						<ele>336</ele>
						<time>2026-10-02T22:59:25Z</time>
					</trkpt>
					<trkpt lat="48.442670" lon="6.928210">
						<ele>333</ele>
						<time>2026-10-02T22:59:33Z</time>
					</trkpt>
					<trkpt lat="48.442350" lon="6.927880">
						<ele>329</ele>
						<time>2026-10-02T22:59:52Z</time>
					</trkpt>
					<trkpt lat="48.442250" lon="6.927790">
						<ele>327</ele>
						<time>2026-10-02T22:59:58Z</time>
					</trkpt>
					<trkpt lat="48.442160" lon="6.927650">
						<ele>327</ele>
						<time>2026-10-02T23:00:05Z</time>
					</trkpt>
					<trkpt lat="48.442110" lon="6.927730">
						<ele>324</ele>
						<time>2026-10-02T23:00:08Z</time>
					</trkpt>
					<trkpt lat="48.441710" lon="6.927150">
						<ele>318</ele>
						<time>2026-10-02T23:00:36Z</time>
					</trkpt>
					<trkpt lat="48.441430" lon="6.926810">
						<ele>317</ele>
						<time>2026-10-02T23:00:54Z</time>
					</trkpt>
					<trkpt lat="48.441310" lon="6.926630">
						<ele>317</ele>
						<time>2026-10-02T23:01:02Z</time>
					</trkpt>
					<trkpt lat="48.441220" lon="6.926480">
						<ele>318</ele>
						<time>2026-10-02T23:01:09Z</time>
					</trkpt>
					<trkpt lat="48.441080" lon="6.926210">
						<ele>318</ele>
						<time>2026-10-02T23:01:21Z</time>
					</trkpt>
					<trkpt lat="48.440880" lon="6.925750">
						<ele>315</ele>
						<time>2026-10-02T23:01:39Z</time>
					</trkpt>
					<trkpt lat="48.440730" lon="6.925370">
						<ele>317</ele>
						<time>2026-10-02T23:01:54Z</time>
					</trkpt>
					<trkpt lat="48.440630" lon="6.925060">
						<ele>318</ele>
						<time>2026-10-02T23:02:05Z</time>
					</trkpt>
					<trkpt lat="48.440600" lon="6.925000">
						<ele>318</ele>
						<time>2026-10-02T23:02:07Z</time>
					</trkpt>
					<trkpt lat="48.440600" lon="6.924910">
						<ele>318</ele>
						<time>2026-10-02T23:02:10Z</time>
					</trkpt>
					<trkpt lat="48.440580" lon="6.924680">
						<ele>318</ele>
						<time>2026-10-02T23:02:18Z</time>
					</trkpt>
					<trkpt lat="48.440580" lon="6.924680">
						<ele>318</ele>
						<time>2026-10-02T23:02:18Z</time>
					</trkpt>
					<trkpt lat="48.440560" lon="6.924440">
						<ele>318</ele>
						<time>2026-10-02T23:02:26Z</time>
					</trkpt>
					<trkpt lat="48.440560" lon="6.924200">
						<ele>318</ele>
						<time>2026-10-02T23:02:34Z</time>
					</trkpt>
					<trkpt lat="48.440580" lon="6.923980">
						<ele>317</ele>
						<time>2026-10-02T23:02:42Z</time>
					</trkpt>
					<trkpt lat="48.440650" lon="6.923760">
						<ele>316</ele>
						<time>2026-10-02T23:02:50Z</time>
					</trkpt>
					<trkpt lat="48.440720" lon="6.923580">
						<ele>316</ele>
						<time>2026-10-02T23:02:57Z</time>
					</trkpt>
					<trkpt lat="48.440800" lon="6.923440">
						<ele>316</ele>
						<time>2026-10-02T23:03:03Z</time>
					</trkpt>
					<trkpt lat="48.440900" lon="6.923330">
						<ele>316</ele>
						<time>2026-10-02T23:03:09Z</time>
					</trkpt>
					<trkpt lat="48.441180" lon="6.923070">
						<ele>317</ele>
						<time>2026-10-02T23:03:25Z</time>
					</trkpt>
					<trkpt lat="48.441380" lon="6.922940">
						<ele>317</ele>
						<time>2026-10-02T23:03:36Z</time>
					</trkpt>
					<trkpt lat="48.441500" lon="6.922900">
						<ele>317</ele>
						<time>2026-10-02T23:03:42Z</time>
					</trkpt>
					<trkpt lat="48.441640" lon="6.922880">
						<ele>318</ele>
						<time>2026-10-02T23:03:49Z</time>
					</trkpt>
					<trkpt lat="48.441640" lon="6.922870">
						<ele>318</ele>
						<time>2026-10-02T23:03:50Z</time>
					</trkpt>
					<trkpt lat="48.441670" lon="6.922820">
						<ele>317</ele>
						<time>2026-10-02T23:03:52Z</time>
					</trkpt>
					<trkpt lat="48.441670" lon="6.922700">
						<ele>314</ele>
						<time>2026-10-02T23:03:56Z</time>
					</trkpt>
					<trkpt lat="48.441670" lon="6.922700">
						<ele>314</ele>
						<time>2026-10-02T23:03:56Z</time>
					</trkpt>
					<trkpt lat="48.441650" lon="6.922580">
						<ele>311</ele>
						<time>2026-10-02T23:04:00Z</time>
					</trkpt>
					<trkpt lat="48.441600" lon="6.922260">
						<ele>312</ele>
						<time>2026-10-02T23:04:11Z</time>
					</trkpt>
					<trkpt lat="48.441570" lon="6.922130">
						<ele>314</ele>
						<time>2026-10-02T23:04:16Z</time>
					</trkpt>
					<trkpt lat="48.441530" lon="6.922000">
						<ele>316</ele>
						<time>2026-10-02T23:04:20Z</time>
					</trkpt>
					<trkpt lat="48.441740" lon="6.921850">
						<ele>320</ele>
						<time>2026-10-02T23:04:32Z</time>
					</trkpt>
					<trkpt lat="48.442090" lon="6.921570">
						<ele>331</ele>
						<time>2026-10-02T23:04:52Z</time>
					</trkpt>
					<trkpt lat="48.442230" lon="6.921570">
						<ele>333</ele>
						<time>2026-10-02T23:04:59Z</time>
					</trkpt>
					<trkpt lat="48.442430" lon="6.921610">
						<ele>334</ele>
						<time>2026-10-02T23:05:09Z</time>
					</trkpt>
					<trkpt lat="48.442670" lon="6.921580">
						<ele>336</ele>
						<time>2026-10-02T23:05:21Z</time>
					</trkpt>
					<trkpt lat="48.442920" lon="6.921490">
						<ele>340</ele>
						<time>2026-10-02T23:05:34Z</time>
					</trkpt>
					<trkpt lat="48.443600" lon="6.921200">
						<ele>351</ele>
						<time>2026-10-02T23:06:09Z</time>
					</trkpt>
					<trkpt lat="48.443910" lon="6.921020">
						<ele>355</ele>
						<time>2026-10-02T23:06:26Z</time>
					</trkpt>
					<trkpt lat="48.444270" lon="6.920740">
						<ele>360</ele>
						<time>2026-10-02T23:06:46Z</time>
					</trkpt>
					<trkpt lat="48.444530" lon="6.920520">
						<ele>360</ele>
						<time>2026-10-02T23:07:01Z</time>
					</trkpt>
					<trkpt lat="48.444730" lon="6.920270">
						<ele>361</ele>
						<time>2026-10-02T23:07:14Z</time>
					</trkpt>
					<trkpt lat="48.444800" lon="6.920080">
						<ele>364</ele>
						<time>2026-10-02T23:07:21Z</time>
					</trkpt>
					<trkpt lat="48.444890" lon="6.919880">
						<ele>367</ele>
						<time>2026-10-02T23:07:29Z</time>
					</trkpt>
					<trkpt lat="48.445040" lon="6.919390">
						<ele>379</ele>
						<time>2026-10-02T23:07:47Z</time>
					</trkpt>
					<trkpt lat="48.445170" lon="6.919050">
						<ele>387</ele>
						<time>2026-10-02T23:08:00Z</time>
					</trkpt>
					<trkpt lat="48.445490" lon="6.918900">
						<ele>387</ele>
						<time>2026-10-02T23:08:17Z</time>
					</trkpt>
					<trkpt lat="48.446120" lon="6.918700">
						<ele>392</ele>
						<time>2026-10-02T23:08:49Z</time>
					</trkpt>
					<trkpt lat="48.446240" lon="6.918720">
						<ele>392</ele>
						<time>2026-10-02T23:08:55Z</time>
					</trkpt>
					<trkpt lat="48.446460" lon="6.918710">
						<ele>395</ele>
						<time>2026-10-02T23:09:06Z</time>
					</trkpt>
					<trkpt lat="48.446820" lon="6.918650">
						<ele>401</ele>
						<time>2026-10-02T23:09:24Z</time>
					</trkpt>
					<trkpt lat="48.447200" lon="6.918520">
						<ele>410</ele>
						<time>2026-10-02T23:09:44Z</time>
					</trkpt>
					<trkpt lat="48.447670" lon="6.918550">
						<ele>412</ele>
						<time>2026-10-02T23:10:07Z</time>
					</trkpt>
					<trkpt lat="48.447930" lon="6.918530">
						<ele>414</ele>
						<time>2026-10-02T23:10:20Z</time>
					</trkpt>
					<trkpt lat="48.448330" lon="6.918520">
						<ele>417</ele>
						<time>2026-10-02T23:10:40Z</time>
					</trkpt>
					<trkpt lat="48.448660" lon="6.918560">
						<ele>420</ele>
						<time>2026-10-02T23:10:57Z</time>
					</trkpt>
					<trkpt lat="48.449040" lon="6.918550">
						<ele>426</ele>
						<time>2026-10-02T23:11:16Z</time>
					</trkpt>
					<trkpt lat="48.449190" lon="6.918540">
						<ele>427</ele>
						<time>2026-10-02T23:11:23Z</time>
					</trkpt>
					<trkpt lat="48.449370" lon="6.918490">
						<ele>428</ele>
						<time>2026-10-02T23:11:33Z</time>
					</trkpt>
					<trkpt lat="48.449570" lon="6.918300">
						<ele>433</ele>
						<time>2026-10-02T23:11:44Z</time>
					</trkpt>
					<trkpt lat="48.449710" lon="6.918110">
						<ele>438</ele>
						<time>2026-10-02T23:11:54Z</time>
					</trkpt>
					<trkpt lat="48.449820" lon="6.917920">
						<ele>441</ele>
						<time>2026-10-02T23:12:02Z</time>
					</trkpt>
					<trkpt lat="48.449900" lon="6.917700">
						<ele>446</ele>
						<time>2026-10-02T23:12:11Z</time>
					</trkpt>
					<trkpt lat="48.450220" lon="6.916600">
						<ele>464</ele>
						<time>2026-10-02T23:12:50Z</time>
					</trkpt>
					<trkpt lat="48.450350" lon="6.916320">
						<ele>464</ele>
						<time>2026-10-02T23:13:02Z</time>
					</trkpt>
					<trkpt lat="48.450620" lon="6.916210">
						<ele>453</ele>
						<time>2026-10-02T23:13:16Z</time>
					</trkpt>
					<trkpt lat="48.450850" lon="6.916120">
						<ele>443</ele>
						<time>2026-10-02T23:13:28Z</time>
					</trkpt>
					<trkpt lat="48.450900" lon="6.916050">
						<ele>443</ele>
						<time>2026-10-02T23:13:31Z</time>
					</trkpt>
					<trkpt lat="48.450950" lon="6.915970">
						<ele>443</ele>
						<time>2026-10-02T23:13:35Z</time>
					</trkpt>
					<trkpt lat="48.450980" lon="6.915760">
						<ele>444</ele>
						<time>2026-10-02T23:13:42Z</time>
					</trkpt>
					<trkpt lat="48.451130" lon="6.915780">
						<ele>442</ele>
						<time>2026-10-02T23:13:49Z</time>
					</trkpt>
					<trkpt lat="48.451500" lon="6.915810">
						<ele>435</ele>
						<time>2026-10-02T23:14:08Z</time>
					</trkpt>
					<trkpt lat="48.451920" lon="6.915940">
						<ele>429</ele>
						<time>2026-10-02T23:14:29Z</time>
					</trkpt>
					<trkpt lat="48.452090" lon="6.915950">
						<ele>427</ele>
						<time>2026-10-02T23:14:38Z</time>
					</trkpt>
					<trkpt lat="48.452260" lon="6.915920">
						<ele>425</ele>
						<time>2026-10-02T23:14:47Z</time>
					</trkpt>
					<trkpt lat="48.452410" lon="6.915870">
						<ele>424</ele>
						<time>2026-10-02T23:14:54Z</time>
					</trkpt>
					<trkpt lat="48.452590" lon="6.915890">
						<ele>421</ele>
						<time>2026-10-02T23:15:03Z</time>
					</trkpt>
					<trkpt lat="48.452810" lon="6.915970">
						<ele>414</ele>
						<time>2026-10-02T23:15:15Z</time>
					</trkpt>
					<trkpt lat="48.453040" lon="6.916150">
						<ele>405</ele>
						<time>2026-10-02T23:15:28Z</time>
					</trkpt>
					<trkpt lat="48.453140" lon="6.916270">
						<ele>401</ele>
						<time>2026-10-02T23:15:34Z</time>
					</trkpt>
					<trkpt lat="48.453230" lon="6.916340">
						<ele>398</ele>
						<time>2026-10-02T23:15:39Z</time>
					</trkpt>
					<trkpt lat="48.453340" lon="6.916350">
						<ele>395</ele>
						<time>2026-10-02T23:15:45Z</time>
					</trkpt>
					<trkpt lat="48.453480" lon="6.916310">
						<ele>394</ele>
						<time>2026-10-02T23:15:52Z</time>
					</trkpt>
					<trkpt lat="48.453430" lon="6.916480">
						<ele>393</ele>
						<time>2026-10-02T23:15:58Z</time>
					</trkpt>
					<trkpt lat="48.453430" lon="6.916480">
						<ele>393</ele>
						<time>2026-10-02T23:15:58Z</time>
					</trkpt>
					<trkpt lat="48.453330" lon="6.916570">
						<ele>392</ele>
						<time>2026-10-02T23:16:04Z</time>
					</trkpt>
					<trkpt lat="48.453330" lon="6.916570">
						<ele>392</ele>
						<time>2026-10-02T23:16:04Z</time>
					</trkpt>
					<trkpt lat="48.453130" lon="6.916740">
						<ele>396</ele>
						<time>2026-10-02T23:16:15Z</time>
					</trkpt>
					<trkpt lat="48.452820" lon="6.917000">
						<ele>398</ele>
						<time>2026-10-02T23:16:33Z</time>
					</trkpt>
					<trkpt lat="48.452800" lon="6.917040">
						<ele>397</ele>
						<time>2026-10-02T23:16:35Z</time>
					</trkpt>
					<trkpt lat="48.452760" lon="6.917120">
						<ele>396</ele>
						<time>2026-10-02T23:16:38Z</time>
					</trkpt>
					<trkpt lat="48.452790" lon="6.917260">
						<ele>393</ele>
						<time>2026-10-02T23:16:43Z</time>
					</trkpt>
					<trkpt lat="48.454290" lon="6.920860">
						<ele>381</ele>
						<time>2026-10-02T23:19:04Z</time>
					</trkpt>
					<trkpt lat="48.454310" lon="6.920850">
						<ele>381</ele>
						<time>2026-10-02T23:19:05Z</time>
					</trkpt>
					<trkpt lat="48.454380" lon="6.920870">
						<ele>382</ele>
						<time>2026-10-02T23:19:08Z</time>
					</trkpt>
					<trkpt lat="48.454430" lon="6.920870">
						<ele>383</ele>
						<time>2026-10-02T23:19:11Z</time>
					</trkpt>
					<trkpt lat="48.454550" lon="6.920830">
						<ele>384</ele>
						<time>2026-10-02T23:19:17Z</time>
					</trkpt>
					<trkpt lat="48.454580" lon="6.920830">
						<ele>384</ele>
						<time>2026-10-02T23:19:19Z</time>
					</trkpt>
					<trkpt lat="48.454720" lon="6.920760">
						<ele>386</ele>
						<time>2026-10-02T23:19:26Z</time>
					</trkpt>
					<trkpt lat="48.454890" lon="6.920730">
						<ele>388</ele>
						<time>2026-10-02T23:19:35Z</time>
					</trkpt>
					<trkpt lat="48.454990" lon="6.920690">
						<ele>389</ele>
						<time>2026-10-02T23:19:40Z</time>
					</trkpt>
					<trkpt lat="48.455020" lon="6.920690">
						<ele>389</ele>
						<time>2026-10-02T23:19:41Z</time>
					</trkpt>
					<trkpt lat="48.455050" lon="6.920660">
						<ele>388</ele>
						<time>2026-10-02T23:19:43Z</time>
					</trkpt>
					<trkpt lat="48.455140" lon="6.920710">
						<ele>388</ele>
						<time>2026-10-02T23:19:48Z</time>
					</trkpt>
					<trkpt lat="48.455140" lon="6.920760">
						<ele>389</ele>
						<time>2026-10-02T23:19:50Z</time>
					</trkpt>
					<trkpt lat="48.455170" lon="6.920790">
						<ele>389</ele>
						<time>2026-10-02T23:19:51Z</time>
					</trkpt>
					<trkpt lat="48.455260" lon="6.920870">
						<ele>389</ele>
						<time>2026-10-02T23:19:57Z</time>
					</trkpt>
					<trkpt lat="48.455330" lon="6.920960">
						<ele>389</ele>
						<time>2026-10-02T23:20:01Z</time>
					</trkpt>
					<trkpt lat="48.455380" lon="6.921060">
						<ele>390</ele>
						<time>2026-10-02T23:20:05Z</time>
					</trkpt>
					<trkpt lat="48.455440" lon="6.921220">
						<ele>391</ele>
						<time>2026-10-02T23:20:11Z</time>
					</trkpt>
					<trkpt lat="48.455550" lon="6.921390">
						<ele>391</ele>
						<time>2026-10-02T23:20:19Z</time>
					</trkpt>
					<trkpt lat="48.455550" lon="6.921520">
						<ele>392</ele>
						<time>2026-10-02T23:20:24Z</time>
					</trkpt>
					<trkpt lat="48.455540" lon="6.921680">
						<ele>393</ele>
						<time>2026-10-02T23:20:29Z</time>
					</trkpt>
					<trkpt lat="48.455510" lon="6.921760">
						<ele>394</ele>
						<time>2026-10-02T23:20:32Z</time>
					</trkpt>
					<trkpt lat="48.455480" lon="6.921870">
						<ele>395</ele>
						<time>2026-10-02T23:20:36Z</time>
					</trkpt>
					<trkpt lat="48.455480" lon="6.921940">
						<ele>395</ele>
						<time>2026-10-02T23:20:38Z</time>
					</trkpt>
					<trkpt lat="48.455480" lon="6.922350">
						<ele>398</ele>
						<time>2026-10-02T23:20:52Z</time>
					</trkpt>
					<trkpt lat="48.455480" lon="6.922350">
						<ele>398</ele>
						<time>2026-10-02T23:20:52Z</time>
					</trkpt>
					<trkpt lat="48.455520" lon="6.922760">
						<ele>399</ele>
						<time>2026-10-02T23:21:06Z</time>
					</trkpt>
					<trkpt lat="48.455540" lon="6.922920">
						<ele>399</ele>
						<time>2026-10-02T23:21:11Z</time>
					</trkpt>
					<trkpt lat="48.455540" lon="6.923250">
						<ele>400</ele>
						<time>2026-10-02T23:21:22Z</time>
					</trkpt>
					<trkpt lat="48.455620" lon="6.923610">
						<ele>400</ele>
						<time>2026-10-02T23:21:35Z</time>
					</trkpt>
					<trkpt lat="48.455650" lon="6.923910">
						<ele>402</ele>
						<time>2026-10-02T23:21:45Z</time>
					</trkpt>
					<trkpt lat="48.455770" lon="6.924120">
						<ele>400</ele>
						<time>2026-10-02T23:21:54Z</time>
					</trkpt>
					<trkpt lat="48.455820" lon="6.924270">
						<ele>401</ele>
						<time>2026-10-02T23:21:59Z</time>
					</trkpt>
					<trkpt lat="48.455930" lon="6.924410">
						<ele>403</ele>
						<time>2026-10-02T23:22:07Z</time>
					</trkpt>
					<trkpt lat="48.456050" lon="6.924370">
						<ele>402</ele>
						<time>2026-10-02T23:22:13Z</time>
					</trkpt>
					<trkpt lat="48.456190" lon="6.924250">
						<ele>401</ele>
						<time>2026-10-02T23:22:21Z</time>
					</trkpt>
					<trkpt lat="48.456450" lon="6.924230">
						<ele>401</ele>
						<time>2026-10-02T23:22:34Z</time>
					</trkpt>
					<trkpt lat="48.456650" lon="6.924120">
						<ele>399</ele>
						<time>2026-10-02T23:22:45Z</time>
					</trkpt>
					<trkpt lat="48.456780" lon="6.923970">
						<ele>398</ele>
						<time>2026-10-02T23:22:53Z</time>
					</trkpt>
					<trkpt lat="48.456960" lon="6.923640">
						<ele>395</ele>
						<time>2026-10-02T23:23:07Z</time>
					</trkpt>
					<trkpt lat="48.457110" lon="6.923580">
						<ele>394</ele>
						<time>2026-10-02T23:23:15Z</time>
					</trkpt>
					<trkpt lat="48.457390" lon="6.923330">
						<ele>391</ele>
						<time>2026-10-02T23:23:31Z</time>
					</trkpt>
					<trkpt lat="48.457600" lon="6.923230">
						<ele>391</ele>
						<time>2026-10-02T23:23:42Z</time>
					</trkpt>
					<trkpt lat="48.457900" lon="6.923150">
						<ele>393</ele>
						<time>2026-10-02T23:23:57Z</time>
					</trkpt>
					<trkpt lat="48.458270" lon="6.922900">
						<ele>393</ele>
						<time>2026-10-02T23:24:17Z</time>
					</trkpt>
					<trkpt lat="48.458380" lon="6.922850">
						<ele>393</ele>
						<time>2026-10-02T23:24:23Z</time>
					</trkpt>
					<trkpt lat="48.458470" lon="6.922810">
						<ele>392</ele>
						<time>2026-10-02T23:24:28Z</time>
					</trkpt>
					<trkpt lat="48.458720" lon="6.922820">
						<ele>392</ele>
						<time>2026-10-02T23:24:40Z</time>
					</trkpt>
					<trkpt lat="48.459010" lon="6.922960">
						<ele>392</ele>
						<time>2026-10-02T23:24:56Z</time>
					</trkpt>
					<trkpt lat="48.459240" lon="6.923090">
						<ele>392</ele>
						<time>2026-10-02T23:25:08Z</time>
					</trkpt>
					<trkpt lat="48.459320" lon="6.923160">
						<ele>392</ele>
						<time>2026-10-02T23:25:13Z</time>
					</trkpt>
					<trkpt lat="48.459400" lon="6.923390">
						<ele>393</ele>
						<time>2026-10-02T23:25:21Z</time>
					</trkpt>
					<trkpt lat="48.459430" lon="6.923770">
						<ele>396</ele>
						<time>2026-10-02T23:25:34Z</time>
					</trkpt>
					<trkpt lat="48.459600" lon="6.924330">
						<ele>397</ele>
						<time>2026-10-02T23:25:54Z</time>
					</trkpt>
					<trkpt lat="48.459690" lon="6.924610">
						<ele>397</ele>
						<time>2026-10-02T23:26:05Z</time>
					</trkpt>
					<trkpt lat="48.459660" lon="6.924860">
						<ele>400</ele>
						<time>2026-10-02T23:26:13Z</time>
					</trkpt>
					<trkpt lat="48.459820" lon="6.925190">
						<ele>399</ele>
						<time>2026-10-02T23:26:27Z</time>
					</trkpt>
					<trkpt lat="48.459850" lon="6.925620">
						<ele>401</ele>
						<time>2026-10-02T23:26:41Z</time>
					</trkpt>
					<trkpt lat="48.459990" lon="6.925860">
						<ele>398</ele>
						<time>2026-10-02T23:26:52Z</time>
					</trkpt>
					<trkpt lat="48.460020" lon="6.926020">
						<ele>399</ele>
						<time>2026-10-02T23:26:57Z</time>
					</trkpt>
					<trkpt lat="48.460070" lon="6.926200">
						<ele>401</ele>
						<time>2026-10-02T23:27:04Z</time>
					</trkpt>
					<trkpt lat="48.460090" lon="6.926470">
						<ele>403</ele>
						<time>2026-10-02T23:27:13Z</time>
					</trkpt>
					<trkpt lat="48.460130" lon="6.926550">
						<ele>403</ele>
						<time>2026-10-02T23:27:16Z</time>
					</trkpt>
					<trkpt lat="48.460290" lon="6.926410">
						<ele>404</ele>
						<time>2026-10-02T23:27:25Z</time>
					</trkpt>
					<trkpt lat="48.460400" lon="6.926230">
						<ele>403</ele>
						<time>2026-10-02T23:27:33Z</time>
					</trkpt>
					<trkpt lat="48.460570" lon="6.925770">
						<ele>400</ele>
						<time>2026-10-02T23:27:51Z</time>
					</trkpt>
					<trkpt lat="48.460800" lon="6.925410">
						<ele>398</ele>
						<time>2026-10-02T23:28:07Z</time>
					</trkpt>
					<trkpt lat="48.461340" lon="6.924490">
						<ele>394</ele>
						<time>2026-10-02T23:28:48Z</time>
					</trkpt>
					<trkpt lat="48.461540" lon="6.924160">
						<ele>390</ele>
						<time>2026-10-02T23:29:03Z</time>
					</trkpt>
					<trkpt lat="48.461820" lon="6.923840">
						<ele>390</ele>
						<time>2026-10-02T23:29:21Z</time>
					</trkpt>
					<trkpt lat="48.461910" lon="6.923740">
						<ele>390</ele>
						<time>2026-10-02T23:29:26Z</time>
					</trkpt>
					<trkpt lat="48.462230" lon="6.923630">
						<ele>390</ele>
						<time>2026-10-02T23:29:43Z</time>
					</trkpt>
					<trkpt lat="48.462350" lon="6.923660">
						<ele>390</ele>
						<time>2026-10-02T23:29:49Z</time>
					</trkpt>
					<trkpt lat="48.462570" lon="6.923730">
						<ele>391</ele>
						<time>2026-10-02T23:30:00Z</time>
					</trkpt>
					<trkpt lat="48.462700" lon="6.923880">
						<ele>392</ele>
						<time>2026-10-02T23:30:08Z</time>
					</trkpt>
					<trkpt lat="48.462960" lon="6.924110">
						<ele>391</ele>
						<time>2026-10-02T23:30:23Z</time>
					</trkpt>
					<trkpt lat="48.463110" lon="6.924320">
						<ele>391</ele>
						<time>2026-10-02T23:30:33Z</time>
					</trkpt>
					<trkpt lat="48.463250" lon="6.924770">
						<ele>390</ele>
						<time>2026-10-02T23:30:50Z</time>
					</trkpt>
					<trkpt lat="48.463280" lon="6.925080">
						<ele>390</ele>
						<time>2026-10-02T23:31:00Z</time>
					</trkpt>
					<trkpt lat="48.463280" lon="6.925170">
						<ele>390</ele>
						<time>2026-10-02T23:31:03Z</time>
					</trkpt>
					<trkpt lat="48.463050" lon="6.925770">
						<ele>398</ele>
						<time>2026-10-02T23:31:26Z</time>
					</trkpt>
					<trkpt lat="48.462900" lon="6.926000">
						<ele>404</ele>
						<time>2026-10-02T23:31:37Z</time>
					</trkpt>
					<trkpt lat="48.462750" lon="6.926470">
						<ele>410</ele>
						<time>2026-10-02T23:31:54Z</time>
					</trkpt>
					<trkpt lat="48.462590" lon="6.927060">
						<ele>414</ele>
						<time>2026-10-02T23:32:16Z</time>
					</trkpt>
					<trkpt lat="48.462470" lon="6.927790">
						<ele>412</ele>
						<time>2026-10-02T23:32:40Z</time>
					</trkpt>
					<trkpt lat="48.462370" lon="6.928200">
						<ele>413</ele>
						<time>2026-10-02T23:32:55Z</time>
					</trkpt>
					<trkpt lat="48.462420" lon="6.928310">
						<ele>411</ele>
						<time>2026-10-02T23:32:59Z</time>
					</trkpt>
					<trkpt lat="48.462550" lon="6.928470">
						<ele>410</ele>
						<time>2026-10-02T23:33:08Z</time>
					</trkpt>
					<trkpt lat="48.462740" lon="6.928490">
						<ele>410</ele>
						<time>2026-10-02T23:33:17Z</time>
					</trkpt>
					<trkpt lat="48.463130" lon="6.928070">
						<ele>404</ele>
						<time>2026-10-02T23:33:41Z</time>
					</trkpt>
					<trkpt lat="48.463330" lon="6.928000">
						<ele>401</ele>
						<time>2026-10-02T23:33:52Z</time>
					</trkpt>
					<trkpt lat="48.463460" lon="6.928000">
						<ele>403</ele>
						<time>2026-10-02T23:33:58Z</time>
					</trkpt>
					<trkpt lat="48.463610" lon="6.928020">
						<ele>405</ele>
						<time>2026-10-02T23:34:06Z</time>
					</trkpt>
					<trkpt lat="48.463790" lon="6.928020">
						<ele>407</ele>
						<time>2026-10-02T23:34:15Z</time>
					</trkpt>
					<trkpt lat="48.463950" lon="6.927580">
						<ele>401</ele>
						<time>2026-10-02T23:34:31Z</time>
					</trkpt>
					<trkpt lat="48.464220" lon="6.927360">
						<ele>399</ele>
						<time>2026-10-02T23:34:47Z</time>
					</trkpt>
					<trkpt lat="48.464390" lon="6.927250">
						<ele>398</ele>
						<time>2026-10-02T23:34:56Z</time>
					</trkpt>
					<trkpt lat="48.464720" lon="6.927240">
						<ele>397</ele>
						<time>2026-10-02T23:35:12Z</time>
					</trkpt>
					<trkpt lat="48.465200" lon="6.927290">
						<ele>396</ele>
						<time>2026-10-02T23:35:36Z</time>
					</trkpt>
					<trkpt lat="48.465700" lon="6.927530">
						<ele>395</ele>
						<time>2026-10-02T23:36:03Z</time>
					</trkpt>
					<trkpt lat="48.465950" lon="6.927830">
						<ele>397</ele>
						<time>2026-10-02T23:36:19Z</time>
					</trkpt>
					<trkpt lat="48.466190" lon="6.928040">
						<ele>398</ele>
						<time>2026-10-02T23:36:33Z</time>
					</trkpt>
					<trkpt lat="48.466370" lon="6.928320">
						<ele>397</ele>
						<time>2026-10-02T23:36:46Z</time>
					</trkpt>
					<trkpt lat="48.466540" lon="6.928570">
						<ele>398</ele>
						<time>2026-10-02T23:36:57Z</time>
					</trkpt>
					<trkpt lat="48.466730" lon="6.928770">
						<ele>397</ele>
						<time>2026-10-02T23:37:09Z</time>
					</trkpt>
					<trkpt lat="48.466830" lon="6.928920">
						<ele>398</ele>
						<time>2026-10-02T23:37:16Z</time>
					</trkpt>
					<trkpt lat="48.467000" lon="6.929190">
						<ele>398</ele>
						<time>2026-10-02T23:37:28Z</time>
					</trkpt>
					<trkpt lat="48.467130" lon="6.929350">
						<ele>400</ele>
						<time>2026-10-02T23:37:37Z</time>
					</trkpt>
					<trkpt lat="48.467190" lon="6.929470">
						<ele>401</ele>
						<time>2026-10-02T23:37:42Z</time>
					</trkpt>
					<trkpt lat="48.467240" lon="6.929520">
						<ele>401</ele>
						<time>2026-10-02T23:37:45Z</time>
					</trkpt>
					<trkpt lat="48.467300" lon="6.929530">
						<ele>401</ele>
						<time>2026-10-02T23:37:48Z</time>
					</trkpt>
					<trkpt lat="48.467430" lon="6.929510">
						<ele>399</ele>
						<time>2026-10-02T23:37:54Z</time>
					</trkpt>
					<trkpt lat="48.467430" lon="6.929510">
						<ele>399</ele>
						<time>2026-10-02T23:37:54Z</time>
					</trkpt>
					<trkpt lat="48.467570" lon="6.929630">
						<ele>401</ele>
						<time>2026-10-02T23:38:02Z</time>
					</trkpt>
					<trkpt lat="48.467560" lon="6.929510">
						<ele>400</ele>
						<time>2026-10-02T23:38:06Z</time>
					</trkpt>
					<trkpt lat="48.467580" lon="6.929450">
						<ele>400</ele>
						<time>2026-10-02T23:38:09Z</time>
					</trkpt>
					<trkpt lat="48.467580" lon="6.929330">
						<ele>399</ele>
						<time>2026-10-02T23:38:13Z</time>
					</trkpt>
					<trkpt lat="48.467560" lon="6.929060">
						<ele>397</ele>
						<time>2026-10-02T23:38:22Z</time>
					</trkpt>
					<trkpt lat="48.467280" lon="6.927700">
						<ele>399</ele>
						<time>2026-10-02T23:39:09Z</time>
					</trkpt>
					<trkpt lat="48.467050" lon="6.926500">
						<ele>399</ele>
						<time>2026-10-02T23:39:50Z</time>
					</trkpt>
					<trkpt lat="48.466830" lon="6.925500">
						<ele>401</ele>
						<time>2026-10-02T23:40:25Z</time>
					</trkpt>
					<trkpt lat="48.466750" lon="6.925190">
						<ele>402</ele>
						<time>2026-10-02T23:40:36Z</time>
					</trkpt>
					<trkpt lat="48.466600" lon="6.924750">
						<ele>403</ele>
						<time>2026-10-02T23:40:53Z</time>
					</trkpt>
					<trkpt lat="48.466570" lon="6.924670">
						<ele>403</ele>
						<time>2026-10-02T23:40:56Z</time>
					</trkpt>
					<trkpt lat="48.466530" lon="6.924490">
						<ele>404</ele>
						<time>2026-10-02T23:41:02Z</time>
					</trkpt>
					<trkpt lat="48.466410" lon="6.924120">
						<ele>405</ele>
						<time>2026-10-02T23:41:16Z</time>
					</trkpt>
					<trkpt lat="48.466150" lon="6.923420">
						<ele>401</ele>
						<time>2026-10-02T23:41:42Z</time>
					</trkpt>
					<trkpt lat="48.465860" lon="6.922580">
						<ele>396</ele>
						<time>2026-10-02T23:42:14Z</time>
					</trkpt>
					<trkpt lat="48.465770" lon="6.922240">
						<ele>394</ele>
						<time>2026-10-02T23:42:26Z</time>
					</trkpt>
					<trkpt lat="48.465720" lon="6.921920">
						<ele>392</ele>
						<time>2026-10-02T23:42:37Z</time>
					</trkpt>
					<trkpt lat="48.465660" lon="6.921670">
						<ele>391</ele>
						<time>2026-10-02T23:42:46Z</time>
					</trkpt>
					<trkpt lat="48.465680" lon="6.921380">
						<ele>390</ele>
						<time>2026-10-02T23:42:55Z</time>
					</trkpt>
					<trkpt lat="48.465870" lon="6.921210">
						<ele>390</ele>
						<time>2026-10-02T23:43:06Z</time>
					</trkpt>
					<trkpt lat="48.466120" lon="6.921140">
						<ele>391</ele>
						<time>2026-10-02T23:43:19Z</time>
					</trkpt>
					<trkpt lat="48.466580" lon="6.921080">
						<ele>392</ele>
						<time>2026-10-02T23:43:42Z</time>
					</trkpt>
					<trkpt lat="48.467340" lon="6.921140">
						<ele>393</ele>
						<time>2026-10-02T23:44:20Z</time>
					</trkpt>
					<trkpt lat="48.467600" lon="6.921210">
						<ele>394</ele>
						<time>2026-10-02T23:44:34Z</time>
					</trkpt>
					<trkpt lat="48.467880" lon="6.921200">
						<ele>393</ele>
						<time>2026-10-02T23:44:48Z</time>
					</trkpt>
					<trkpt lat="48.468030" lon="6.921250">
						<ele>394</ele>
						<time>2026-10-02T23:44:55Z</time>
					</trkpt>
					<trkpt lat="48.468460" lon="6.921540">
						<ele>395</ele>
						<time>2026-10-02T23:45:19Z</time>
					</trkpt>
					<trkpt lat="48.468610" lon="6.921600">
						<ele>395</ele>
						<time>2026-10-02T23:45:27Z</time>
					</trkpt>
					<trkpt lat="48.468750" lon="6.921740">
						<ele>395</ele>
						<time>2026-10-02T23:45:35Z</time>
					</trkpt>
					<trkpt lat="48.468890" lon="6.921910">
						<ele>396</ele>
						<time>2026-10-02T23:45:44Z</time>
					</trkpt>
					<trkpt lat="48.469040" lon="6.922020">
						<ele>396</ele>
						<time>2026-10-02T23:45:52Z</time>
					</trkpt>
					<trkpt lat="48.469190" lon="6.922180">
						<ele>396</ele>
						<time>2026-10-02T23:46:02Z</time>
					</trkpt>
					<trkpt lat="48.469270" lon="6.922350">
						<ele>397</ele>
						<time>2026-10-02T23:46:09Z</time>
					</trkpt>
					<trkpt lat="48.469280" lon="6.922510">
						<ele>399</ele>
						<time>2026-10-02T23:46:14Z</time>
					</trkpt>
					<trkpt lat="48.469370" lon="6.922660">
						<ele>400</ele>
						<time>2026-10-02T23:46:21Z</time>
					</trkpt>
					<trkpt lat="48.469500" lon="6.922680">
						<ele>399</ele>
						<time>2026-10-02T23:46:27Z</time>
					</trkpt>
					<trkpt lat="48.469830" lon="6.922420">
						<ele>392</ele>
						<time>2026-10-02T23:46:46Z</time>
					</trkpt>
					<trkpt lat="48.470020" lon="6.922330">
						<ele>390</ele>
						<time>2026-10-02T23:46:56Z</time>
					</trkpt>
					<trkpt lat="48.470130" lon="6.922330">
						<ele>390</ele>
						<time>2026-10-02T23:47:01Z</time>
					</trkpt>
					<trkpt lat="48.470180" lon="6.922360">
						<ele>390</ele>
						<time>2026-10-02T23:47:04Z</time>
					</trkpt>
					<trkpt lat="48.470500" lon="6.922460">
						<ele>389</ele>
						<time>2026-10-02T23:47:20Z</time>
					</trkpt>
					<trkpt lat="48.470660" lon="6.922600">
						<ele>390</ele>
						<time>2026-10-02T23:47:29Z</time>
					</trkpt>
					<trkpt lat="48.470770" lon="6.922790">
						<ele>391</ele>
						<time>2026-10-02T23:47:38Z</time>
					</trkpt>
					<trkpt lat="48.470920" lon="6.922960">
						<ele>391</ele>
						<time>2026-10-02T23:47:47Z</time>
					</trkpt>
					<trkpt lat="48.471210" lon="6.923500">
						<ele>392</ele>
						<time>2026-10-02T23:48:10Z</time>
					</trkpt>
					<trkpt lat="48.471200" lon="6.923680">
						<ele>393</ele>
						<time>2026-10-02T23:48:16Z</time>
					</trkpt>
					<trkpt lat="48.471330" lon="6.924040">
						<ele>394</ele>
						<time>2026-10-02T23:48:30Z</time>
					</trkpt>
					<trkpt lat="48.471430" lon="6.924170">
						<ele>393</ele>
						<time>2026-10-02T23:48:37Z</time>
					</trkpt>
					<trkpt lat="48.471700" lon="6.924980">
						<ele>393</ele>
						<time>2026-10-02T23:49:07Z</time>
					</trkpt>
					<trkpt lat="48.471740" lon="6.925150">
						<ele>393</ele>
						<time>2026-10-02T23:49:13Z</time>
					</trkpt>
					<trkpt lat="48.471900" lon="6.925350">
						<ele>392</ele>
						<time>2026-10-02T23:49:23Z</time>
					</trkpt>
					<trkpt lat="48.472000" lon="6.925530">
						<ele>392</ele>
						<time>2026-10-02T23:49:31Z</time>
					</trkpt>
					<trkpt lat="48.472200" lon="6.926170">
						<ele>393</ele>
						<time>2026-10-02T23:49:54Z</time>
					</trkpt>
					<trkpt lat="48.472310" lon="6.926600">
						<ele>392</ele>
						<time>2026-10-02T23:50:10Z</time>
					</trkpt>
					<trkpt lat="48.472340" lon="6.926950">
						<ele>394</ele>
						<time>2026-10-02T23:50:21Z</time>
					</trkpt>
					<trkpt lat="48.472390" lon="6.927170">
						<ele>394</ele>
						<time>2026-10-02T23:50:29Z</time>
					</trkpt>
					<trkpt lat="48.472550" lon="6.927580">
						<ele>395</ele>
						<time>2026-10-02T23:50:45Z</time>
					</trkpt>
					<trkpt lat="48.472640" lon="6.927690">
						<ele>396</ele>
						<time>2026-10-02T23:50:51Z</time>
					</trkpt>
					<trkpt lat="48.472770" lon="6.927720">
						<ele>395</ele>
						<time>2026-10-02T23:50:57Z</time>
					</trkpt>
					<trkpt lat="48.472960" lon="6.927690">
						<ele>393</ele>
						<time>2026-10-02T23:51:07Z</time>
					</trkpt>
					<trkpt lat="48.473110" lon="6.927730">
						<ele>393</ele>
						<time>2026-10-02T23:51:14Z</time>
					</trkpt>
					<trkpt lat="48.473210" lon="6.927850">
						<ele>393</ele>
						<time>2026-10-02T23:51:21Z</time>
					</trkpt>
					<trkpt lat="48.473330" lon="6.927900">
						<ele>393</ele>
						<time>2026-10-02T23:51:27Z</time>
					</trkpt>
					<trkpt lat="48.473480" lon="6.928050">
						<ele>394</ele>
						<time>2026-10-02T23:51:36Z</time>
					</trkpt>
					<trkpt lat="48.473580" lon="6.928200">
						<ele>395</ele>
						<time>2026-10-02T23:51:43Z</time>
					</trkpt>
					<trkpt lat="48.473740" lon="6.928290">
						<ele>394</ele>
						<time>2026-10-02T23:51:52Z</time>
					</trkpt>
					<trkpt lat="48.474070" lon="6.928560">
						<ele>393</ele>
						<time>2026-10-02T23:52:10Z</time>
					</trkpt>
					<trkpt lat="48.474200" lon="6.928720">
						<ele>393</ele>
						<time>2026-10-02T23:52:19Z</time>
					</trkpt>
					<trkpt lat="48.474460" lon="6.928920">
						<ele>394</ele>
						<time>2026-10-02T23:52:33Z</time>
					</trkpt>
					<trkpt lat="48.474510" lon="6.929070">
						<ele>395</ele>
						<time>2026-10-02T23:52:39Z</time>
					</trkpt>
					<trkpt lat="48.474590" lon="6.929320">
						<ele>397</ele>
						<time>2026-10-02T23:52:48Z</time>
					</trkpt>
					<trkpt lat="48.474660" lon="6.929440">
						<ele>398</ele>
						<time>2026-10-02T23:52:53Z</time>
					</trkpt>
					<trkpt lat="48.474760" lon="6.929460">
						<ele>398</ele>
						<time>2026-10-02T23:52:58Z</time>
					</trkpt>
					<trkpt lat="48.474840" lon="6.929430">
						<ele>398</ele>
						<time>2026-10-02T23:53:03Z</time>
					</trkpt>
					<trkpt lat="48.474980" lon="6.929270">
						<ele>395</ele>
						<time>2026-10-02T23:53:11Z</time>
					</trkpt>
					<trkpt lat="48.475080" lon="6.929220">
						<ele>395</ele>
						<time>2026-10-02T23:53:17Z</time>
					</trkpt>
					<trkpt lat="48.476340" lon="6.929240">
						<ele>402</ele>
						<time>2026-10-02T23:54:20Z</time>
					</trkpt>
					<trkpt lat="48.476700" lon="6.929200">
						<ele>403</ele>
						<time>2026-10-02T23:54:38Z</time>
					</trkpt>
					<trkpt lat="48.476760" lon="6.929160">
						<ele>403</ele>
						<time>2026-10-02T23:54:41Z</time>
					</trkpt>
					<trkpt lat="48.476820" lon="6.929120">
						<ele>404</ele>
						<time>2026-10-02T23:54:44Z</time>
					</trkpt>
					<trkpt lat="48.476880" lon="6.929020">
						<ele>405</ele>
						<time>2026-10-02T23:54:49Z</time>
					</trkpt>
					<trkpt lat="48.476880" lon="6.928970">
						<ele>406</ele>
						<time>2026-10-02T23:54:50Z</time>
					</trkpt>
					<trkpt lat="48.476860" lon="6.928920">
						<ele>407</ele>
						<time>2026-10-02T23:54:52Z</time>
					</trkpt>
					<trkpt lat="48.476800" lon="6.928820">
						<ele>408</ele>
						<time>2026-10-02T23:54:57Z</time>
					</trkpt>
					<trkpt lat="48.476700" lon="6.928710">
						<ele>408</ele>
						<time>2026-10-02T23:55:03Z</time>
					</trkpt>
					<trkpt lat="48.476540" lon="6.928590">
						<ele>408</ele>
						<time>2026-10-02T23:55:12Z</time>
					</trkpt>
					<trkpt lat="48.476410" lon="6.928480">
						<ele>408</ele>
						<time>2026-10-02T23:55:19Z</time>
					</trkpt>
					<trkpt lat="48.476320" lon="6.928370">
						<ele>408</ele>
						<time>2026-10-02T23:55:25Z</time>
					</trkpt>
					<trkpt lat="48.476220" lon="6.928300">
						<ele>408</ele>
						<time>2026-10-02T23:55:31Z</time>
					</trkpt>
					<trkpt lat="48.476110" lon="6.928250">
						<ele>408</ele>
						<time>2026-10-02T23:55:37Z</time>
					</trkpt>
					<trkpt lat="48.475960" lon="6.928200">
						<ele>407</ele>
						<time>2026-10-02T23:55:44Z</time>
					</trkpt>
					<trkpt lat="48.475710" lon="6.928180">
						<ele>405</ele>
						<time>2026-10-02T23:55:57Z</time>
					</trkpt>
					<trkpt lat="48.475460" lon="6.928190">
						<ele>403</ele>
						<time>2026-10-02T23:56:09Z</time>
					</trkpt>
					<trkpt lat="48.475560" lon="6.928150">
						<ele>404</ele>
						<time>2026-10-02T23:56:14Z</time>
					</trkpt>
					<trkpt lat="48.475810" lon="6.928000">
						<ele>411</ele>
						<time>2026-10-02T23:56:28Z</time>
					</trkpt>
					<trkpt lat="48.475700" lon="6.927550">
						<ele>420</ele>
						<time>2026-10-02T23:56:44Z</time>
					</trkpt>
					<trkpt lat="48.475490" lon="6.927400">
						<ele>419</ele>
						<time>2026-10-02T23:56:55Z</time>
					</trkpt>
					<trkpt lat="48.474920" lon="6.926740">
						<ele>417</ele>
						<time>2026-10-02T23:57:31Z</time>
					</trkpt>
					<trkpt lat="48.474490" lon="6.925790">
						<ele>420</ele>
						<time>2026-10-02T23:58:10Z</time>
					</trkpt>
					<trkpt lat="48.474010" lon="6.924260">
						<ele>420</ele>
						<time>2026-10-02T23:59:06Z</time>
					</trkpt>
					<trkpt lat="48.473940" lon="6.924010">
						<ele>420</ele>
						<time>2026-10-02T23:59:15Z</time>
					</trkpt>
					<trkpt lat="48.473870" lon="6.923590">
						<ele>421</ele>
						<time>2026-10-02T23:59:29Z</time>
					</trkpt>
					<trkpt lat="48.473940" lon="6.923390">
						<ele>426</ele>
						<time>2026-10-02T23:59:37Z</time>
					</trkpt>
					<trkpt lat="48.474020" lon="6.923270">
						<ele>429</ele>
						<time>2026-10-02T23:59:42Z</time>
					</trkpt>
					<trkpt lat="48.474040" lon="6.923140">
						<ele>429</ele>
						<time>2026-10-02T23:59:47Z</time>
					</trkpt>
					<trkpt lat="48.474100" lon="6.923070">
						<ele>431</ele>
						<time>2026-10-02T23:59:50Z</time>
					</trkpt>
					<trkpt lat="48.474120" lon="6.922950">
						<ele>431</ele>
						<time>2026-10-02T23:59:55Z</time>
					</trkpt>
					<trkpt lat="48.474170" lon="6.922810">
						<ele>433</ele>
						<time>2026-10-03T00:00:00Z</time>
					</trkpt>
					<trkpt lat="48.474230" lon="6.922700">
						<ele>433</ele>
						<time>2026-10-03T00:00:05Z</time>
					</trkpt>
					<trkpt lat="48.474300" lon="6.922670">
						<ele>434</ele>
						<time>2026-10-03T00:00:08Z</time>
					</trkpt>
					<trkpt lat="48.474350" lon="6.922810">
						<ele>436</ele>
						<time>2026-10-03T00:00:13Z</time>
					</trkpt>
					<trkpt lat="48.474360" lon="6.923060">
						<ele>438</ele>
						<time>2026-10-03T00:00:22Z</time>
					</trkpt>
					<trkpt lat="48.474430" lon="6.923140">
						<ele>440</ele>
						<time>2026-10-03T00:00:26Z</time>
					</trkpt>
					<trkpt lat="48.474430" lon="6.923330">
						<ele>441</ele>
						<time>2026-10-03T00:00:32Z</time>
					</trkpt>
					<trkpt lat="48.474480" lon="6.923540">
						<ele>441</ele>
						<time>2026-10-03T00:00:40Z</time>
					</trkpt>
					<trkpt lat="48.474520" lon="6.923830">
						<ele>440</ele>
						<time>2026-10-03T00:00:50Z</time>
					</trkpt>
					<trkpt lat="48.474570" lon="6.924030">
						<ele>441</ele>
						<time>2026-10-03T00:00:57Z</time>
					</trkpt>
					<trkpt lat="48.474700" lon="6.924290">
						<ele>444</ele>
						<time>2026-10-03T00:01:08Z</time>
					</trkpt>
					<trkpt lat="48.474820" lon="6.924600">
						<ele>446</ele>
						<time>2026-10-03T00:01:20Z</time>
					</trkpt>
					<trkpt lat="48.474930" lon="6.925120">
						<ele>446</ele>
						<time>2026-10-03T00:01:38Z</time>
					</trkpt>
					<trkpt lat="48.475040" lon="6.925280">
						<ele>447</ele>
						<time>2026-10-03T00:01:45Z</time>
					</trkpt>
					<trkpt lat="48.475080" lon="6.925440">
						<ele>446</ele>
						<time>2026-10-03T00:01:51Z</time>
					</trkpt>
					<trkpt lat="48.475250" lon="6.925650">
						<ele>447</ele>
						<time>2026-10-03T00:02:02Z</time>
					</trkpt>
					<trkpt lat="48.475610" lon="6.926040">
						<ele>451</ele>
						<time>2026-10-03T00:02:24Z</time>
					</trkpt>
					<trkpt lat="48.475760" lon="6.926140">
						<ele>454</ele>
						<time>2026-10-03T00:02:32Z</time>
					</trkpt>
					<trkpt lat="48.475930" lon="6.926320">
						<ele>454</ele>
						<time>2026-10-03T00:02:43Z</time>
					</trkpt>
					<trkpt lat="48.476090" lon="6.926430">
						<ele>454</ele>
						<time>2026-10-03T00:02:52Z</time>
					</trkpt>
					<trkpt lat="48.476250" lon="6.926600">
						<ele>454</ele>
						<time>2026-10-03T00:03:01Z</time>
					</trkpt>
					<trkpt lat="48.476570" lon="6.926750">
						<ele>457</ele>
						<time>2026-10-03T00:03:18Z</time>
					</trkpt>
					<trkpt lat="48.476770" lon="6.926950">
						<ele>456</ele>
						<time>2026-10-03T00:03:30Z</time>
					</trkpt>
					<trkpt lat="48.477170" lon="6.927060">
						<ele>459</ele>
						<time>2026-10-03T00:03:50Z</time>
					</trkpt>
					<trkpt lat="48.477380" lon="6.927240">
						<ele>459</ele>
						<time>2026-10-03T00:04:03Z</time>
					</trkpt>
					<trkpt lat="48.477730" lon="6.927450">
						<ele>458</ele>
						<time>2026-10-03T00:04:21Z</time>
					</trkpt>
					<trkpt lat="48.477840" lon="6.927490">
						<ele>459</ele>
						<time>2026-10-03T00:04:27Z</time>
					</trkpt>
					<trkpt lat="48.478050" lon="6.927640">
						<ele>457</ele>
						<time>2026-10-03T00:04:39Z</time>
					</trkpt>
					<trkpt lat="48.478190" lon="6.927700">
						<ele>458</ele>
						<time>2026-10-03T00:04:46Z</time>
					</trkpt>
					<trkpt lat="48.478360" lon="6.927870">
						<ele>457</ele>
						<time>2026-10-03T00:04:56Z</time>
					</trkpt>
					<trkpt lat="48.478430" lon="6.927910">
						<ele>457</ele>
						<time>2026-10-03T00:05:00Z</time>
					</trkpt>
					<trkpt lat="48.478470" lon="6.927940">
						<ele>458</ele>
						<time>2026-10-03T00:05:02Z</time>
					</trkpt>
					<trkpt lat="48.478560" lon="6.928090">
						<ele>457</ele>
						<time>2026-10-03T00:05:09Z</time>
					</trkpt>
					<trkpt lat="48.478680" lon="6.928200">
						<ele>458</ele>
						<time>2026-10-03T00:05:16Z</time>
					</trkpt>
					<trkpt lat="48.478840" lon="6.928280">
						<ele>461</ele>
						<time>2026-10-03T00:05:24Z</time>
					</trkpt>
					<trkpt lat="48.478930" lon="6.928340">
						<ele>462</ele>
						<time>2026-10-03T00:05:29Z</time>
					</trkpt>
					<trkpt lat="48.479010" lon="6.928470">
						<ele>462</ele>
						<time>2026-10-03T00:05:35Z</time>
					</trkpt>
					<trkpt lat="48.479180" lon="6.928700">
						<ele>462</ele>
						<time>2026-10-03T00:05:47Z</time>
					</trkpt>
					<trkpt lat="48.479560" lon="6.929200">
						<ele>464</ele>
						<time>2026-10-03T00:06:12Z</time>
					</trkpt>
					<trkpt lat="48.479700" lon="6.929430">
						<ele>463</ele>
						<time>2026-10-03T00:06:22Z</time>
					</trkpt>
					<trkpt lat="48.479790" lon="6.929680">
						<ele>460</ele>
						<time>2026-10-03T00:06:32Z</time>
					</trkpt>
					<trkpt lat="48.479990" lon="6.929890">
						<ele>464</ele>
						<time>2026-10-03T00:06:44Z</time>
					</trkpt>
					<trkpt lat="48.480200" lon="6.930160">
						<ele>464</ele>
						<time>2026-10-03T00:06:58Z</time>
					</trkpt>
					<trkpt lat="48.480400" lon="6.930500">
						<ele>464</ele>
						<time>2026-10-03T00:07:13Z</time>
					</trkpt>
					<trkpt lat="48.480630" lon="6.930740">
						<ele>469</ele>
						<time>2026-10-03T00:07:27Z</time>
					</trkpt>
					<trkpt lat="48.480840" lon="6.930910">
						<ele>475</ele>
						<time>2026-10-03T00:07:39Z</time>
					</trkpt>
					<trkpt lat="48.481100" lon="6.931200">
						<ele>476</ele>
						<time>2026-10-03T00:07:55Z</time>
					</trkpt>
					<trkpt lat="48.481220" lon="6.931210">
						<ele>479</ele>
						<time>2026-10-03T00:08:01Z</time>
					</trkpt>
					<trkpt lat="48.481390" lon="6.931140">
						<ele>484</ele>
						<time>2026-10-03T00:08:10Z</time>
					</trkpt>
					<trkpt lat="48.481500" lon="6.931120">
						<ele>487</ele>
						<time>2026-10-03T00:08:15Z</time>
					</trkpt>
					<trkpt lat="48.481630" lon="6.931230">
						<ele>490</ele>
						<time>2026-10-03T00:08:23Z</time>
					</trkpt>
					<trkpt lat="48.481830" lon="6.931560">
						<ele>490</ele>
						<time>2026-10-03T00:08:37Z</time>
					</trkpt>
					<trkpt lat="48.482100" lon="6.931980">
						<ele>488</ele>
						<time>2026-10-03T00:08:57Z</time>
					</trkpt>
					<trkpt lat="48.482240" lon="6.932160">
						<ele>489</ele>
						<time>2026-10-03T00:09:06Z</time>
					</trkpt>
					<trkpt lat="48.482420" lon="6.932400">
						<ele>491</ele>
						<time>2026-10-03T00:09:18Z</time>
					</trkpt>
					<trkpt lat="48.482780" lon="6.932750">
						<ele>489</ele>
						<time>2026-10-03T00:09:39Z</time>
					</trkpt>
					<trkpt lat="48.483140" lon="6.932930">
						<ele>487</ele>
						<time>2026-10-03T00:09:58Z</time>
					</trkpt>
					<trkpt lat="48.483460" lon="6.933030">
						<ele>487</ele>
						<time>2026-10-03T00:10:15Z</time>
					</trkpt>
					<trkpt lat="48.483670" lon="6.933250">
						<ele>489</ele>
						<time>2026-10-03T00:10:28Z</time>
					</trkpt>
					<trkpt lat="48.483900" lon="6.933390">
						<ele>490</ele>
						<time>2026-10-03T00:10:40Z</time>
					</trkpt>
					<trkpt lat="48.484140" lon="6.933480">
						<ele>492</ele>
						<time>2026-10-03T00:10:52Z</time>
					</trkpt>
					<trkpt lat="48.484280" lon="6.933590">
						<ele>492</ele>
						<time>2026-10-03T00:11:00Z</time>
					</trkpt>
					<trkpt lat="48.484380" lon="6.933810">
						<ele>491</ele>
						<time>2026-10-03T00:11:09Z</time>
					</trkpt>
					<trkpt lat="48.484490" lon="6.934160">
						<ele>491</ele>
						<time>2026-10-03T00:11:22Z</time>
					</trkpt>
					<trkpt lat="48.484670" lon="6.934610">
						<ele>489</ele>
						<time>2026-10-03T00:11:39Z</time>
					</trkpt>
					<trkpt lat="48.484800" lon="6.934930">
						<ele>489</ele>
						<time>2026-10-03T00:11:52Z</time>
					</trkpt>
					<trkpt lat="48.484850" lon="6.935230">
						<ele>488</ele>
						<time>2026-10-03T00:12:02Z</time>
					</trkpt>
					<trkpt lat="48.484850" lon="6.935510">
						<ele>487</ele>
						<time>2026-10-03T00:12:11Z</time>
					</trkpt>
					<trkpt lat="48.484820" lon="6.935740">
						<ele>486</ele>
						<time>2026-10-03T00:12:19Z</time>
					</trkpt>
					<trkpt lat="48.484770" lon="6.935900">
						<ele>484</ele>
						<time>2026-10-03T00:12:25Z</time>
					</trkpt>
					<trkpt lat="48.484690" lon="6.935880">
						<ele>483</ele>
						<time>2026-10-03T00:12:29Z</time>
					</trkpt>
					<trkpt lat="48.484630" lon="6.935980">
						<ele>483</ele>
						<time>2026-10-03T00:12:34Z</time>
					</trkpt>
					<trkpt lat="48.484540" lon="6.936170">
						<ele>482</ele>
						<time>2026-10-03T00:12:41Z</time>
					</trkpt>
					<trkpt lat="48.484380" lon="6.936400">
						<ele>482</ele>
						<time>2026-10-03T00:12:52Z</time>
					</trkpt>
					<trkpt lat="48.484250" lon="6.936610">
						<ele>482</ele>
						<time>2026-10-03T00:13:02Z</time>
					</trkpt>
					<trkpt lat="48.484080" lon="6.936800">
						<ele>482</ele>
						<time>2026-10-03T00:13:13Z</time>
					</trkpt>
					<trkpt lat="48.483850" lon="6.937040">
						<ele>482</ele>
						<time>2026-10-03T00:13:27Z</time>
					</trkpt>
					<trkpt lat="48.483630" lon="6.937250">
						<ele>483</ele>
						<time>2026-10-03T00:13:40Z</time>
					</trkpt>
					<trkpt lat="48.483560" lon="6.937430">
						<ele>485</ele>
						<time>2026-10-03T00:13:46Z</time>
					</trkpt>
					<trkpt lat="48.483490" lon="6.937720">
						<ele>486</ele>
						<time>2026-10-03T00:13:57Z</time>
					</trkpt>
					<trkpt lat="48.483440" lon="6.937850">
						<ele>486</ele>
						<time>2026-10-03T00:14:02Z</time>
					</trkpt>
					<trkpt lat="48.483450" lon="6.937970">
						<ele>486</ele>
						<time>2026-10-03T00:14:06Z</time>
					</trkpt>
					<trkpt lat="48.483480" lon="6.938040">
						<ele>486</ele>
						<time>2026-10-03T00:14:08Z</time>
					</trkpt>
					<trkpt lat="48.483500" lon="6.938080">
						<ele>486</ele>
						<time>2026-10-03T00:14:10Z</time>
					</trkpt>
					<trkpt lat="48.483630" lon="6.938130">
						<ele>486</ele>
						<time>2026-10-03T00:14:17Z</time>
					</trkpt>
					<trkpt lat="48.483650" lon="6.938330">
						<ele>486</ele>
						<time>2026-10-03T00:14:24Z</time>
					</trkpt>
					<trkpt lat="48.483680" lon="6.938560">
						<ele>486</ele>
						<time>2026-10-03T00:14:31Z</time>
					</trkpt>
					<trkpt lat="48.483820" lon="6.939020">
						<ele>486</ele>
						<time>2026-10-03T00:14:48Z</time>
					</trkpt>
					<trkpt lat="48.483860" lon="6.939230">
						<ele>486</ele>
						<time>2026-10-03T00:14:55Z</time>
					</trkpt>
					<trkpt lat="48.483860" lon="6.939490">
						<ele>487</ele>
						<time>2026-10-03T00:15:04Z</time>
					</trkpt>
					<trkpt lat="48.483820" lon="6.940000">
						<ele>487</ele>
						<time>2026-10-03T00:15:21Z</time>
					</trkpt>
					<trkpt lat="48.483810" lon="6.940340">
						<ele>490</ele>
						<time>2026-10-03T00:15:32Z</time>
					</trkpt>
					<trkpt lat="48.483870" lon="6.941030">
						<ele>493</ele>
						<time>2026-10-03T00:15:55Z</time>
					</trkpt>
					<trkpt lat="48.483860" lon="6.941210">
						<ele>494</ele>
						<time>2026-10-03T00:16:01Z</time>
					</trkpt>
					<trkpt lat="48.483790" lon="6.941910">
						<ele>495</ele>
						<time>2026-10-03T00:16:25Z</time>
					</trkpt>
					<trkpt lat="48.483640" lon="6.942920">
						<ele>496</ele>
						<time>2026-10-03T00:16:59Z</time>
					</trkpt>
					<trkpt lat="48.483530" lon="6.943370">
						<ele>498</ele>
						<time>2026-10-03T00:17:15Z</time>
					</trkpt>
					<trkpt lat="48.483300" lon="6.943470">
						<ele>502</ele>
						<time>2026-10-03T00:17:27Z</time>
					</trkpt>
					<trkpt lat="48.482940" lon="6.943740">
						<ele>504</ele>
						<time>2026-10-03T00:17:47Z</time>
					</trkpt>
					<trkpt lat="48.482820" lon="6.943750">
						<ele>505</ele>
						<time>2026-10-03T00:17:53Z</time>
					</trkpt>
					<trkpt lat="48.482540" lon="6.943620">
						<ele>505</ele>
						<time>2026-10-03T00:18:08Z</time>
					</trkpt>
					<trkpt lat="48.482440" lon="6.943490">
						<ele>503</ele>
						<time>2026-10-03T00:18:14Z</time>
					</trkpt>
					<trkpt lat="48.482340" lon="6.943310">
						<ele>499</ele>
						<time>2026-10-03T00:18:22Z</time>
					</trkpt>
					<trkpt lat="48.482200" lon="6.943150">
						<ele>494</ele>
						<time>2026-10-03T00:18:31Z</time>
					</trkpt>
					<trkpt lat="48.482070" lon="6.943140">
						<ele>491</ele>
						<time>2026-10-03T00:18:38Z</time>
					</trkpt>
					<trkpt lat="48.481960" lon="6.943170">
						<ele>488</ele>
						<time>2026-10-03T00:18:43Z</time>
					</trkpt>
					<trkpt lat="48.481860" lon="6.943450">
						<ele>487</ele>
						<time>2026-10-03T00:18:54Z</time>
					</trkpt>
					<trkpt lat="48.481860" lon="6.943600">
						<ele>487</ele>
						<time>2026-10-03T00:18:59Z</time>
					</trkpt>
					<trkpt lat="48.481920" lon="6.943840">
						<ele>489</ele>
						<time>2026-10-03T00:19:07Z</time>
					</trkpt>
					<trkpt lat="48.481970" lon="6.944060">
						<ele>490</ele>
						<time>2026-10-03T00:19:15Z</time>
					</trkpt>
					<trkpt lat="48.482180" lon="6.944530">
						<ele>495</ele>
						<time>2026-10-03T00:19:34Z</time>
					</trkpt>
					<trkpt lat="48.482380" lon="6.945190">
						<ele>498</ele>
						<time>2026-10-03T00:19:58Z</time>
					</trkpt>
					<trkpt lat="48.482430" lon="6.945610">
						<ele>496</ele>
						<time>2026-10-03T00:20:12Z</time>
					</trkpt>
					<trkpt lat="48.482580" lon="6.946150">
						<ele>496</ele>
						<time>2026-10-03T00:20:31Z</time>
					</trkpt>
					<trkpt lat="48.482670" lon="6.946240">
						<ele>497</ele>
						<time>2026-10-03T00:20:37Z</time>
					</trkpt>
					<trkpt lat="48.482720" lon="6.946450">
						<ele>497</ele>
						<time>2026-10-03T00:20:44Z</time>
					</trkpt>
					<trkpt lat="48.482800" lon="6.946680">
						<ele>498</ele>
						<time>2026-10-03T00:20:53Z</time>
					</trkpt>
					<trkpt lat="48.482870" lon="6.947110">
						<ele>498</ele>
						<time>2026-10-03T00:21:07Z</time>
					</trkpt>
					<trkpt lat="48.482970" lon="6.947380">
						<ele>499</ele>
						<time>2026-10-03T00:21:18Z</time>
					</trkpt>
					<trkpt lat="48.483140" lon="6.947890">
						<ele>502</ele>
						<time>2026-10-03T00:21:37Z</time>
					</trkpt>
					<trkpt lat="48.483260" lon="6.948090">
						<ele>505</ele>
						<time>2026-10-03T00:21:46Z</time>
					</trkpt>
					<trkpt lat="48.483360" lon="6.948120">
						<ele>507</ele>
						<time>2026-10-03T00:21:51Z</time>
					</trkpt>
					<trkpt lat="48.483620" lon="6.948680">
						<ele>510</ele>
						<time>2026-10-03T00:22:13Z</time>
					</trkpt>
					<trkpt lat="48.483670" lon="6.948760">
						<ele>511</ele>
						<time>2026-10-03T00:22:17Z</time>
					</trkpt>
					<trkpt lat="48.483790" lon="6.949090">
						<ele>513</ele>
						<time>2026-10-03T00:22:30Z</time>
					</trkpt>
					<trkpt lat="48.483820" lon="6.949170">
						<ele>514</ele>
						<time>2026-10-03T00:22:33Z</time>
					</trkpt>
					<trkpt lat="48.483900" lon="6.949210">
						<ele>516</ele>
						<time>2026-10-03T00:22:37Z</time>
					</trkpt>
					<trkpt lat="48.483940" lon="6.949320">
						<ele>517</ele>
						<time>2026-10-03T00:22:41Z</time>
					</trkpt>
					<trkpt lat="48.484090" lon="6.949370">
						<ele>519</ele>
						<time>2026-10-03T00:22:49Z</time>
					</trkpt>
					<trkpt lat="48.484100" lon="6.949290">
						<ele>519</ele>
						<time>2026-10-03T00:22:51Z</time>
					</trkpt>
					<trkpt lat="48.484400" lon="6.949710">
						<ele>520</ele>
						<time>2026-10-03T00:23:12Z</time>
					</trkpt>
					<trkpt lat="48.484750" lon="6.949910">
						<ele>518</ele>
						<time>2026-10-03T00:23:31Z</time>
					</trkpt>
					<trkpt lat="48.484920" lon="6.949900">
						<ele>516</ele>
						<time>2026-10-03T00:23:39Z</time>
					</trkpt>
					<trkpt lat="48.485460" lon="6.949040">
						<ele>494</ele>
						<time>2026-10-03T00:24:18Z</time>
					</trkpt>
					<trkpt lat="48.485730" lon="6.948460">
						<ele>486</ele>
						<time>2026-10-03T00:24:42Z</time>
					</trkpt>
					<trkpt lat="48.485910" lon="6.948310">
						<ele>483</ele>
						<time>2026-10-03T00:24:52Z</time>
					</trkpt>
					<trkpt lat="48.485940" lon="6.949490">
						<ele>483</ele>
						<time>2026-10-03T00:25:31Z</time>
					</trkpt>
					<trkpt lat="48.486110" lon="6.950520">
						<ele>475</ele>
						<time>2026-10-03T00:26:07Z</time>
					</trkpt>
					<trkpt lat="48.485660" lon="6.951120">
						<ele>481</ele>
						<time>2026-10-03T00:26:37Z</time>
					</trkpt>
					<trkpt lat="48.484410" lon="6.952080">
						<ele>494</ele>
						<time>2026-10-03T00:27:47Z</time>
					</trkpt>
					<trkpt lat="48.483720" lon="6.953290">
						<ele>502</ele>
						<time>2026-10-03T00:28:40Z</time>
					</trkpt>
					<trkpt lat="48.482140" lon="6.953870">
						<ele>506</ele>
						<time>2026-10-03T00:30:01Z</time>
					</trkpt>
					<trkpt lat="48.481590" lon="6.953840">
						<ele>502</ele>
						<time>2026-10-03T00:30:29Z</time>
					</trkpt>
					<trkpt lat="48.481210" lon="6.953970">
						<ele>504</ele>
						<time>2026-10-03T00:30:48Z</time>
					</trkpt>
					<trkpt lat="48.482070" lon="6.954570">
						<ele>486</ele>
						<time>2026-10-03T00:31:36Z</time>
					</trkpt>
					<trkpt lat="48.482050" lon="6.954530">
						<ele>487</ele>
						<time>2026-10-03T00:31:37Z</time>
					</trkpt>
					<trkpt lat="48.481850" lon="6.954320">
						<ele>490</ele>
						<time>2026-10-03T00:31:49Z</time>
					</trkpt>
					<trkpt lat="48.481540" lon="6.954160">
						<ele>495</ele>
						<time>2026-10-03T00:32:06Z</time>
					</trkpt>
					<trkpt lat="48.481850" lon="6.954320">
						<ele>490</ele>
						<time>2026-10-03T00:32:22Z</time>
					</trkpt>
					<trkpt lat="48.482050" lon="6.954530">
						<ele>487</ele>
						<time>2026-10-03T00:32:34Z</time>
					</trkpt>
					<trkpt lat="48.482070" lon="6.954570">
						<ele>486</ele>
						<time>2026-10-03T00:32:36Z</time>
					</trkpt>
					<trkpt lat="48.482370" lon="6.955130">
						<ele>475</ele>
						<time>2026-10-03T00:33:00Z</time>
					</trkpt>
					<trkpt lat="48.482770" lon="6.955440">
						<ele>468</ele>
						<time>2026-10-03T00:33:22Z</time>
					</trkpt>
					<trkpt lat="48.483110" lon="6.955630">
						<ele>464</ele>
						<time>2026-10-03T00:33:41Z</time>
					</trkpt>
					<trkpt lat="48.483420" lon="6.955930">
						<ele>458</ele>
						<time>2026-10-03T00:33:59Z</time>
					</trkpt>
					<trkpt lat="48.483620" lon="6.956090">
						<ele>455</ele>
						<time>2026-10-03T00:34:10Z</time>
					</trkpt>
					<trkpt lat="48.483800" lon="6.956250">
						<ele>454</ele>
						<time>2026-10-03T00:34:21Z</time>
					</trkpt>
					<trkpt lat="48.484290" lon="6.956830">
						<ele>454</ele>
						<time>2026-10-03T00:34:52Z</time>
					</trkpt>
					<trkpt lat="48.484540" lon="6.957050">
						<ele>455</ele>
						<time>2026-10-03T00:35:06Z</time>
					</trkpt>
					<trkpt lat="48.484690" lon="6.957160">
						<ele>456</ele>
						<time>2026-10-03T00:35:15Z</time>
					</trkpt>
					<trkpt lat="48.484910" lon="6.957270">
						<ele>459</ele>
						<time>2026-10-03T00:35:26Z</time>
					</trkpt>
					<trkpt lat="48.485070" lon="6.957320">
						<ele>461</ele>
						<time>2026-10-03T00:35:35Z</time>
					</trkpt>
					<trkpt lat="48.485260" lon="6.957340">
						<ele>463</ele>
						<time>2026-10-03T00:35:44Z</time>
					</trkpt>
					<trkpt lat="48.485610" lon="6.957230">
						<ele>466</ele>
						<time>2026-10-03T00:36:02Z</time>
					</trkpt>
					<trkpt lat="48.485750" lon="6.957160">
						<ele>467</ele>
						<time>2026-10-03T00:36:09Z</time>
					</trkpt>
					<trkpt lat="48.485860" lon="6.957100">
						<ele>469</ele>
						<time>2026-10-03T00:36:15Z</time>
					</trkpt>
					<trkpt lat="48.485940" lon="6.957030">
						<ele>470</ele>
						<time>2026-10-03T00:36:20Z</time>
					</trkpt>
					<trkpt lat="48.486020" lon="6.956920">
						<ele>471</ele>
						<time>2026-10-03T00:36:25Z</time>
					</trkpt>
					<trkpt lat="48.486560" lon="6.955970">
						<ele>471</ele>
						<time>2026-10-03T00:37:07Z</time>
					</trkpt>
					<trkpt lat="48.486700" lon="6.955810">
						<ele>472</ele>
						<time>2026-10-03T00:37:16Z</time>
					</trkpt>
					<trkpt lat="48.486790" lon="6.955810">
						<ele>473</ele>
						<time>2026-10-03T00:37:20Z</time>
					</trkpt>
					<trkpt lat="48.486940" lon="6.955870">
						<ele>476</ele>
						<time>2026-10-03T00:37:28Z</time>
					</trkpt>
					<trkpt lat="48.487220" lon="6.955840">
						<ele>480</ele>
						<time>2026-10-03T00:37:42Z</time>
					</trkpt>
					<trkpt lat="48.487570" lon="6.955630">
						<ele>479</ele>
						<time>2026-10-03T00:38:01Z</time>
					</trkpt>
					<trkpt lat="48.487770" lon="6.955540">
						<ele>478</ele>
						<time>2026-10-03T00:38:11Z</time>
					</trkpt>
					<trkpt lat="48.488010" lon="6.955590">
						<ele>479</ele>
						<time>2026-10-03T00:38:23Z</time>
					</trkpt>
					<trkpt lat="48.488160" lon="6.955640">
						<ele>481</ele>
						<time>2026-10-03T00:38:31Z</time>
					</trkpt>
					<trkpt lat="48.488440" lon="6.955870">
						<ele>485</ele>
						<time>2026-10-03T00:38:47Z</time>
					</trkpt>
					<trkpt lat="48.488570" lon="6.955980">
						<ele>487</ele>
						<time>2026-10-03T00:38:54Z</time>
					</trkpt>
					<trkpt lat="48.489190" lon="6.956560">
						<ele>494</ele>
						<time>2026-10-03T00:39:31Z</time>
					</trkpt>
					<trkpt lat="48.489750" lon="6.956810">
						<ele>497</ele>
						<time>2026-10-03T00:40:00Z</time>
					</trkpt>
					<trkpt lat="48.490290" lon="6.956950">
						<ele>498</ele>
						<time>2026-10-03T00:40:28Z</time>
					</trkpt>
					<trkpt lat="48.490430" lon="6.957170">
						<ele>500</ele>
						<time>2026-10-03T00:40:38Z</time>
					</trkpt>
					<trkpt lat="48.490620" lon="6.957480">
						<ele>502</ele>
						<time>2026-10-03T00:40:52Z</time>
					</trkpt>
					<trkpt lat="48.490880" lon="6.957820">
						<ele>500</ele>
						<time>2026-10-03T00:41:09Z</time>
					</trkpt>
					<trkpt lat="48.490840" lon="6.958220">
						<ele>501</ele>
						<time>2026-10-03T00:41:22Z</time>
					</trkpt>
					<trkpt lat="48.490740" lon="6.958480">
						<ele>503</ele>
						<time>2026-10-03T00:41:32Z</time>
					</trkpt>
					<trkpt lat="48.490570" lon="6.959100">
						<ele>507</ele>
						<time>2026-10-03T00:41:55Z</time>
					</trkpt>
					<trkpt lat="48.490410" lon="6.959420">
						<ele>511</ele>
						<time>2026-10-03T00:42:08Z</time>
					</trkpt>
					<trkpt lat="48.490360" lon="6.959530">
						<ele>512</ele>
						<time>2026-10-03T00:42:12Z</time>
					</trkpt>
					<trkpt lat="48.490210" lon="6.959780">
						<ele>515</ele>
						<time>2026-10-03T00:42:23Z</time>
					</trkpt>
					<trkpt lat="48.490090" lon="6.960020">
						<ele>518</ele>
						<time>2026-10-03T00:42:33Z</time>
					</trkpt>
					<trkpt lat="48.489700" lon="6.960280">
						<ele>518</ele>
						<time>2026-10-03T00:42:55Z</time>
					</trkpt>
					<trkpt lat="48.489520" lon="6.960450">
						<ele>517</ele>
						<time>2026-10-03T00:43:05Z</time>
					</trkpt>
					<trkpt lat="48.489310" lon="6.960750">
						<ele>515</ele>
						<time>2026-10-03T00:43:20Z</time>
					</trkpt>
					<trkpt lat="48.489210" lon="6.961000">
						<ele>516</ele>
						<time>2026-10-03T00:43:30Z</time>
					</trkpt>
					<trkpt lat="48.489140" lon="6.961110">
						<ele>516</ele>
						<time>2026-10-03T00:43:35Z</time>
					</trkpt>
					<trkpt lat="48.489000" lon="6.961310">
						<ele>514</ele>
						<time>2026-10-03T00:43:44Z</time>
					</trkpt>
					<trkpt lat="48.488820" lon="6.961490">
						<ele>512</ele>
						<time>2026-10-03T00:43:55Z</time>
					</trkpt>
					<trkpt lat="48.488700" lon="6.961620">
						<ele>511</ele>
						<time>2026-10-03T00:44:02Z</time>
					</trkpt>
					<trkpt lat="48.488550" lon="6.961710">
						<ele>510</ele>
						<time>2026-10-03T00:44:11Z</time>
					</trkpt>
					<trkpt lat="48.488290" lon="6.962380">
						<ele>511</ele>
						<time>2026-10-03T00:44:36Z</time>
					</trkpt>
					<trkpt lat="48.488230" lon="6.962580">
						<ele>511</ele>
						<time>2026-10-03T00:44:44Z</time>
					</trkpt>
					<trkpt lat="48.488100" lon="6.962850">
						<ele>509</ele>
						<time>2026-10-03T00:44:55Z</time>
					</trkpt>
					<trkpt lat="48.487940" lon="6.963060">
						<ele>509</ele>
						<time>2026-10-03T00:45:05Z</time>
					</trkpt>
					<trkpt lat="48.487830" lon="6.963200">
						<ele>509</ele>
						<time>2026-10-03T00:45:12Z</time>
					</trkpt>
					<trkpt lat="48.487720" lon="6.963410">
						<ele>510</ele>
						<time>2026-10-03T00:45:21Z</time>
					</trkpt>
					<trkpt lat="48.487670" lon="6.963620">
						<ele>510</ele>
						<time>2026-10-03T00:45:29Z</time>
					</trkpt>
					<trkpt lat="48.487680" lon="6.963770">
						<ele>510</ele>
						<time>2026-10-03T00:45:34Z</time>
					</trkpt>
					<trkpt lat="48.487700" lon="6.963830">
						<ele>510</ele>
						<time>2026-10-03T00:45:36Z</time>
					</trkpt>
					<trkpt lat="48.487560" lon="6.964370">
						<ele>513</ele>
						<time>2026-10-03T00:45:55Z</time>
					</trkpt>
					<trkpt lat="48.487520" lon="6.964640">
						<ele>515</ele>
						<time>2026-10-03T00:46:04Z</time>
					</trkpt>
					<trkpt lat="48.487500" lon="6.964880">
						<ele>517</ele>
						<time>2026-10-03T00:46:12Z</time>
					</trkpt>
					<trkpt lat="48.487320" lon="6.965450">
						<ele>520</ele>
						<time>2026-10-03T00:46:33Z</time>
					</trkpt>
					<trkpt lat="48.487250" lon="6.965850">
						<ele>523</ele>
						<time>2026-10-03T00:46:47Z</time>
					</trkpt>
					<trkpt lat="48.487120" lon="6.966210">
						<ele>525</ele>
						<time>2026-10-03T00:47:01Z</time>
					</trkpt>
					<trkpt lat="48.487040" lon="6.966390">
						<ele>527</ele>
						<time>2026-10-03T00:47:08Z</time>
					</trkpt>
					<trkpt lat="48.486540" lon="6.966630">
						<ele>536</ele>
						<time>2026-10-03T00:47:34Z</time>
					</trkpt>
					<trkpt lat="48.486510" lon="6.966700">
						<ele>536</ele>
						<time>2026-10-03T00:47:37Z</time>
					</trkpt>
					<trkpt lat="48.486410" lon="6.967000">
						<ele>540</ele>
						<time>2026-10-03T00:47:48Z</time>
					</trkpt>
					<trkpt lat="48.486360" lon="6.967200">
						<ele>542</ele>
						<time>2026-10-03T00:47:55Z</time>
					</trkpt>
					<trkpt lat="48.486320" lon="6.967340">
						<ele>545</ele>
						<time>2026-10-03T00:48:00Z</time>
					</trkpt>
					<trkpt lat="48.486140" lon="6.967480">
						<ele>548</ele>
						<time>2026-10-03T00:48:10Z</time>
					</trkpt>
					<trkpt lat="48.485860" lon="6.967390">
						<ele>548</ele>
						<time>2026-10-03T00:48:25Z</time>
					</trkpt>
					<trkpt lat="48.485620" lon="6.967370">
						<ele>545</ele>
						<time>2026-10-03T00:48:37Z</time>
					</trkpt>
					<trkpt lat="48.485480" lon="6.967410">
						<ele>545</ele>
						<time>2026-10-03T00:48:44Z</time>
					</trkpt>
					<trkpt lat="48.485410" lon="6.967560">
						<ele>547</ele>
						<time>2026-10-03T00:48:50Z</time>
					</trkpt>
					<trkpt lat="48.485450" lon="6.967850">
						<ele>551</ele>
						<time>2026-10-03T00:49:00Z</time>
					</trkpt>
					<trkpt lat="48.485580" lon="6.968200">
						<ele>558</ele>
						<time>2026-10-03T00:49:13Z</time>
					</trkpt>
					<trkpt lat="48.485690" lon="6.968390">
						<ele>562</ele>
						<time>2026-10-03T00:49:21Z</time>
					</trkpt>
					<trkpt lat="48.485860" lon="6.968350">
						<ele>564</ele>
						<time>2026-10-03T00:49:30Z</time>
					</trkpt>
					<trkpt lat="48.486010" lon="6.968150">
						<ele>559</ele>
						<time>2026-10-03T00:49:40Z</time>
					</trkpt>
					<trkpt lat="48.486150" lon="6.967930">
						<ele>555</ele>
						<time>2026-10-03T00:49:50Z</time>
					</trkpt>
					<trkpt lat="48.486360" lon="6.967760">
						<ele>550</ele>
						<time>2026-10-03T00:50:02Z</time>
					</trkpt>
					<trkpt lat="48.486440" lon="6.967710">
						<ele>549</ele>
						<time>2026-10-03T00:50:06Z</time>
					</trkpt>
					<trkpt lat="48.486500" lon="6.967640">
						<ele>547</ele>
						<time>2026-10-03T00:50:10Z</time>
					</trkpt>
					<trkpt lat="48.486550" lon="6.967590">
						<ele>546</ele>
						<time>2026-10-03T00:50:13Z</time>
					</trkpt>
					<trkpt lat="48.486600" lon="6.967640">
						<ele>546</ele>
						<time>2026-10-03T00:50:16Z</time>
					</trkpt>
					<trkpt lat="48.486600" lon="6.967820">
						<ele>549</ele>
						<time>2026-10-03T00:50:22Z</time>
					</trkpt>
					<trkpt lat="48.486610" lon="6.968030">
						<ele>552</ele>
						<time>2026-10-03T00:50:29Z</time>
					</trkpt>
					<trkpt lat="48.486690" lon="6.968220">
						<ele>553</ele>
						<time>2026-10-03T00:50:37Z</time>
					</trkpt>
					<trkpt lat="48.486800" lon="6.968610">
						<ele>554</ele>
						<time>2026-10-03T00:50:51Z</time>
					</trkpt>
					<trkpt lat="48.486910" lon="6.969040">
						<ele>557</ele>
						<time>2026-10-03T00:51:06Z</time>
					</trkpt>
					<trkpt lat="48.487080" lon="6.969410">
						<ele>556</ele>
						<time>2026-10-03T00:51:21Z</time>
					</trkpt>
					<trkpt lat="48.487220" lon="6.969790">
						<ele>556</ele>
						<time>2026-10-03T00:51:35Z</time>
					</trkpt>
					<trkpt lat="48.487240" lon="6.970010">
						<ele>558</ele>
						<time>2026-10-03T00:51:43Z</time>
					</trkpt>
					<trkpt lat="48.487540" lon="6.970460">
						<ele>552</ele>
						<time>2026-10-03T00:52:04Z</time>
					</trkpt>
					<trkpt lat="48.487720" lon="6.970760">
						<ele>551</ele>
						<time>2026-10-03T00:52:17Z</time>
					</trkpt>
					<trkpt lat="48.487790" lon="6.970600">
						<ele>548</ele>
						<time>2026-10-03T00:52:24Z</time>
					</trkpt>
					<trkpt lat="48.487960" lon="6.970880">
						<ele>548</ele>
						<time>2026-10-03T00:52:36Z</time>
					</trkpt>
					<trkpt lat="48.488070" lon="6.971150">
						<ele>548</ele>
						<time>2026-10-03T00:52:47Z</time>
					</trkpt>
					<trkpt lat="48.488210" lon="6.971400">
						<ele>548</ele>
						<time>2026-10-03T00:52:58Z</time>
					</trkpt>
					<trkpt lat="48.488340" lon="6.971760">
						<ele>549</ele>
						<time>2026-10-03T00:53:11Z</time>
					</trkpt>
					<trkpt lat="48.488500" lon="6.972080">
						<ele>545</ele>
						<time>2026-10-03T00:53:24Z</time>
					</trkpt>
					<trkpt lat="48.488710" lon="6.972470">
						<ele>543</ele>
						<time>2026-10-03T00:53:41Z</time>
					</trkpt>
					<trkpt lat="48.488900" lon="6.972730">
						<ele>543</ele>
						<time>2026-10-03T00:53:54Z</time>
					</trkpt>
					<trkpt lat="48.489070" lon="6.973030">
						<ele>544</ele>
						<time>2026-10-03T00:54:07Z</time>
					</trkpt>
					<trkpt lat="48.489270" lon="6.973350">
						<ele>544</ele>
						<time>2026-10-03T00:54:22Z</time>
					</trkpt>
					<trkpt lat="48.489480" lon="6.973600">
						<ele>541</ele>
						<time>2026-10-03T00:54:35Z</time>
					</trkpt>
					<trkpt lat="48.489730" lon="6.973840">
						<ele>542</ele>
						<time>2026-10-03T00:54:50Z</time>
					</trkpt>
					<trkpt lat="48.489940" lon="6.973900">
						<ele>544</ele>
						<time>2026-10-03T00:55:01Z</time>
					</trkpt>
					<trkpt lat="48.490220" lon="6.974030">
						<ele>545</ele>
						<time>2026-10-03T00:55:15Z</time>
					</trkpt>
					<trkpt lat="48.490460" lon="6.974240">
						<ele>546</ele>
						<time>2026-10-03T00:55:29Z</time>
					</trkpt>
					<trkpt lat="48.490740" lon="6.974440">
						<ele>549</ele>
						<time>2026-10-03T00:55:45Z</time>
					</trkpt>
					<trkpt lat="48.490860" lon="6.974560">
						<ele>550</ele>
						<time>2026-10-03T00:55:52Z</time>
					</trkpt>
					<trkpt lat="48.490740" lon="6.974610">
						<ele>551</ele>
						<time>2026-10-03T00:55:58Z</time>
					</trkpt>
					<trkpt lat="48.490660" lon="6.974660">
						<ele>550</ele>
						<time>2026-10-03T00:56:02Z</time>
					</trkpt>
					<trkpt lat="48.490550" lon="6.974770">
						<ele>550</ele>
						<time>2026-10-03T00:56:09Z</time>
					</trkpt>
					<trkpt lat="48.490460" lon="6.974960">
						<ele>550</ele>
						<time>2026-10-03T00:56:17Z</time>
					</trkpt>
					<trkpt lat="48.490360" lon="6.975130">
						<ele>549</ele>
						<time>2026-10-03T00:56:24Z</time>
					</trkpt>
					<trkpt lat="48.490330" lon="6.975290">
						<ele>548</ele>
						<time>2026-10-03T00:56:30Z</time>
					</trkpt>
					<trkpt lat="48.490410" lon="6.975490">
						<ele>551</ele>
						<time>2026-10-03T00:56:37Z</time>
					</trkpt>
					<trkpt lat="48.490510" lon="6.975720">
						<ele>554</ele>
						<time>2026-10-03T00:56:47Z</time>
					</trkpt>
					<trkpt lat="48.490600" lon="6.975930">
						<ele>558</ele>
						<time>2026-10-03T00:56:55Z</time>
					</trkpt>
					<trkpt lat="48.490660" lon="6.976120">
						<ele>561</ele>
						<time>2026-10-03T00:57:02Z</time>
					</trkpt>
					<trkpt lat="48.490610" lon="6.976310">
						<ele>562</ele>
						<time>2026-10-03T00:57:09Z</time>
					</trkpt>
					<trkpt lat="48.490550" lon="6.976450">
						<ele>562</ele>
						<time>2026-10-03T00:57:14Z</time>
					</trkpt>
					<trkpt lat="48.490490" lon="6.976660">
						<ele>563</ele>
						<time>2026-10-03T00:57:22Z</time>
					</trkpt>
					<trkpt lat="48.490500" lon="6.976800">
						<ele>564</ele>
						<time>2026-10-03T00:57:26Z</time>
					</trkpt>
					<trkpt lat="48.490550" lon="6.977000">
						<ele>565</ele>
						<time>2026-10-03T00:57:34Z</time>
					</trkpt>
					<trkpt lat="48.490700" lon="6.977350">
						<ele>569</ele>
						<time>2026-10-03T00:57:47Z</time>
					</trkpt>
					<trkpt lat="48.490840" lon="6.977530">
						<ele>573</ele>
						<time>2026-10-03T00:57:57Z</time>
					</trkpt>
					<trkpt lat="48.491090" lon="6.977680">
						<ele>571</ele>
						<time>2026-10-03T00:58:10Z</time>
					</trkpt>
					<trkpt lat="48.491190" lon="6.977750">
						<ele>571</ele>
						<time>2026-10-03T00:58:16Z</time>
					</trkpt>
					<trkpt lat="48.491390" lon="6.977940">
						<ele>570</ele>
						<time>2026-10-03T00:58:27Z</time>
					</trkpt>
					<trkpt lat="48.491570" lon="6.978190">
						<ele>571</ele>
						<time>2026-10-03T00:58:40Z</time>
					</trkpt>
					<trkpt lat="48.491760" lon="6.978390">
						<ele>572</ele>
						<time>2026-10-03T00:58:51Z</time>
					</trkpt>
					<trkpt lat="48.491980" lon="6.978810">
						<ele>570</ele>
						<time>2026-10-03T00:59:09Z</time>
					</trkpt>
					<trkpt lat="48.492240" lon="6.979380">
						<ele>572</ele>
						<time>2026-10-03T00:59:32Z</time>
					</trkpt>
					<trkpt lat="48.492420" lon="6.979710">
						<ele>574</ele>
						<time>2026-10-03T00:59:46Z</time>
					</trkpt>
					<trkpt lat="48.492500" lon="6.979860">
						<ele>575</ele>
						<time>2026-10-03T00:59:52Z</time>
					</trkpt>
					<trkpt lat="48.492520" lon="6.979960">
						<ele>575</ele>
						<time>2026-10-03T00:59:56Z</time>
					</trkpt>
					<trkpt lat="48.492510" lon="6.980200">
						<ele>576</ele>
						<time>2026-10-03T01:00:04Z</time>
					</trkpt>
					<trkpt lat="48.492650" lon="6.980430">
						<ele>578</ele>
						<time>2026-10-03T01:00:14Z</time>
					</trkpt>
					<trkpt lat="48.492610" lon="6.980740">
						<ele>578</ele>
						<time>2026-10-03T01:00:25Z</time>
					</trkpt>
					<trkpt lat="48.492570" lon="6.980950">
						<ele>579</ele>
						<time>2026-10-03T01:00:32Z</time>
					</trkpt>
					<trkpt lat="48.492410" lon="6.981530">
						<ele>577</ele>
						<time>2026-10-03T01:00:53Z</time>
					</trkpt>
					<trkpt lat="48.492400" lon="6.981720">
						<ele>577</ele>
						<time>2026-10-03T01:00:59Z</time>
					</trkpt>
					<trkpt lat="48.492390" lon="6.981900">
						<ele>576</ele>
						<time>2026-10-03T01:01:05Z</time>
					</trkpt>
					<trkpt lat="48.492430" lon="6.982150">
						<ele>577</ele>
						<time>2026-10-03T01:01:14Z</time>
					</trkpt>
					<trkpt lat="48.492470" lon="6.982350">
						<ele>577</ele>
						<time>2026-10-03T01:01:21Z</time>
					</trkpt>
					<trkpt lat="48.492510" lon="6.982690">
						<ele>578</ele>
						<time>2026-10-03T01:01:32Z</time>
					</trkpt>
					<trkpt lat="48.492500" lon="6.982960">
						<ele>577</ele>
						<time>2026-10-03T01:01:41Z</time>
					</trkpt>
					<trkpt lat="48.492520" lon="6.983080">
						<ele>577</ele>
						<time>2026-10-03T01:01:45Z</time>
					</trkpt>
					<trkpt lat="48.492560" lon="6.983200">
						<ele>578</ele>
						<time>2026-10-03T01:01:50Z</time>
					</trkpt>
					<trkpt lat="48.492610" lon="6.983230">
						<ele>578</ele>
						<time>2026-10-03T01:01:52Z</time>
					</trkpt>
					<trkpt lat="48.492710" lon="6.983370">
						<ele>579</ele>
						<time>2026-10-03T01:01:59Z</time>
					</trkpt>
					<trkpt lat="48.492790" lon="6.983690">
						<ele>579</ele>
						<time>2026-10-03T01:02:10Z</time>
					</trkpt>
					<trkpt lat="48.492780" lon="6.984040">
						<ele>578</ele>
						<time>2026-10-03T01:02:22Z</time>
					</trkpt>
					<trkpt lat="48.492750" lon="6.984430">
						<ele>578</ele>
						<time>2026-10-03T01:02:35Z</time>
					</trkpt>
					<trkpt lat="48.492740" lon="6.985210">
						<ele>580</ele>
						<time>2026-10-03T01:03:01Z</time>
					</trkpt>
					<trkpt lat="48.492790" lon="6.985830">
						<ele>585</ele>
						<time>2026-10-03T01:03:22Z</time>
					</trkpt>
					<trkpt lat="48.492810" lon="6.986140">
						<ele>587</ele>
						<time>2026-10-03T01:03:32Z</time>
					</trkpt>
					<trkpt lat="48.492740" lon="6.986680">
						<ele>592</ele>
						<time>2026-10-03T01:03:50Z</time>
					</trkpt>
					<trkpt lat="48.492700" lon="6.986950">
						<ele>594</ele>
						<time>2026-10-03T01:03:59Z</time>
					</trkpt>
					<trkpt lat="48.492640" lon="6.987270">
						<ele>598</ele>
						<time>2026-10-03T01:04:10Z</time>
					</trkpt>
					<trkpt lat="48.492570" lon="6.987570">
						<ele>601</ele>
						<time>2026-10-03T01:04:21Z</time>
					</trkpt>
					<trkpt lat="48.492520" lon="6.987810">
						<ele>603</ele>
						<time>2026-10-03T01:04:29Z</time>
					</trkpt>
					<trkpt lat="48.492420" lon="6.987890">
						<ele>604</ele>
						<time>2026-10-03T01:04:35Z</time>
					</trkpt>
					<trkpt lat="48.492110" lon="6.987940">
						<ele>605</ele>
						<time>2026-10-03T01:04:51Z</time>
					</trkpt>
					<trkpt lat="48.491730" lon="6.987970">
						<ele>608</ele>
						<time>2026-10-03T01:05:10Z</time>
					</trkpt>
					<trkpt lat="48.491430" lon="6.987890">
						<ele>608</ele>
						<time>2026-10-03T01:05:25Z</time>
					</trkpt>
					<trkpt lat="48.491270" lon="6.987880">
						<ele>609</ele>
						<time>2026-10-03T01:05:33Z</time>
					</trkpt>
					<trkpt lat="48.491060" lon="6.987910">
						<ele>610</ele>
						<time>2026-10-03T01:05:43Z</time>
					</trkpt>
					<trkpt lat="48.491040" lon="6.987920">
						<ele>610</ele>
						<time>2026-10-03T01:05:45Z</time>
					</trkpt>
					<trkpt lat="48.490860" lon="6.987990">
						<ele>611</ele>
						<time>2026-10-03T01:05:54Z</time>
					</trkpt>
					<trkpt lat="48.490520" lon="6.988100">
						<ele>606</ele>
						<time>2026-10-03T01:06:11Z</time>
					</trkpt>
					<trkpt lat="48.490550" lon="6.988170">
						<ele>608</ele>
						<time>2026-10-03T01:06:14Z</time>
					</trkpt>
					<trkpt lat="48.490690" lon="6.988170">
						<ele>611</ele>
						<time>2026-10-03T01:06:21Z</time>
					</trkpt>
					<trkpt lat="48.490800" lon="6.988200">
						<ele>614</ele>
						<time>2026-10-03T01:06:27Z</time>
					</trkpt>
					<trkpt lat="48.490880" lon="6.988310">
						<ele>615</ele>
						<time>2026-10-03T01:06:32Z</time>
					</trkpt>
					<trkpt lat="48.490950" lon="6.988460">
						<ele>613</ele>
						<time>2026-10-03T01:06:38Z</time>
					</trkpt>
					<trkpt lat="48.491060" lon="6.988590">
						<ele>610</ele>
						<time>2026-10-03T01:06:45Z</time>
					</trkpt>
					<trkpt lat="48.491260" lon="6.988870">
						<ele>607</ele>
						<time>2026-10-03T01:06:59Z</time>
					</trkpt>
					<trkpt lat="48.491430" lon="6.989020">
						<ele>606</ele>
						<time>2026-10-03T01:07:09Z</time>
					</trkpt>
					<trkpt lat="48.491580" lon="6.989140">
						<ele>606</ele>
						<time>2026-10-03T01:07:17Z</time>
					</trkpt>
					<trkpt lat="48.491710" lon="6.989270">
						<ele>604</ele>
						<time>2026-10-03T01:07:25Z</time>
					</trkpt>
					<trkpt lat="48.491870" lon="6.989370">
						<ele>603</ele>
						<time>2026-10-03T01:07:34Z</time>
					</trkpt>
					<trkpt lat="48.492150" lon="6.989500">
						<ele>603</ele>
						<time>2026-10-03T01:07:48Z</time>
					</trkpt>
					<trkpt lat="48.492310" lon="6.989600">
						<ele>602</ele>
						<time>2026-10-03T01:07:57Z</time>
					</trkpt>
					<trkpt lat="48.492460" lon="6.989710">
						<ele>602</ele>
						<time>2026-10-03T01:08:05Z</time>
					</trkpt>
					<trkpt lat="48.493040" lon="6.990030">
						<ele>600</ele>
						<time>2026-10-03T01:08:36Z</time>
					</trkpt>
					<trkpt lat="48.493270" lon="6.990260">
						<ele>598</ele>
						<time>2026-10-03T01:08:50Z</time>
					</trkpt>
					<trkpt lat="48.493290" lon="6.990410">
						<ele>598</ele>
						<time>2026-10-03T01:08:55Z</time>
					</trkpt>
					<trkpt lat="48.493360" lon="6.990600">
						<ele>597</ele>
						<time>2026-10-03T01:09:02Z</time>
					</trkpt>
					<trkpt lat="48.493630" lon="6.991200">
						<ele>589</ele>
						<time>2026-10-03T01:09:26Z</time>
					</trkpt>
					<trkpt lat="48.494110" lon="6.993550">
						<ele>600</ele>
						<time>2026-10-03T01:10:48Z</time>
					</trkpt>
					<trkpt lat="48.494170" lon="6.994620">
						<ele>601</ele>
						<time>2026-10-03T01:11:23Z</time>
					</trkpt>
					<trkpt lat="48.494140" lon="6.995020">
						<ele>599</ele>
						<time>2026-10-03T01:11:37Z</time>
					</trkpt>
					<trkpt lat="48.494340" lon="6.996060">
						<ele>588</ele>
						<time>2026-10-03T01:12:13Z</time>
					</trkpt>
					<trkpt lat="48.495090" lon="6.997950">
						<ele>581</ele>
						<time>2026-10-03T01:13:26Z</time>
					</trkpt>
					<trkpt lat="48.495010" lon="6.999490">
						<ele>582</ele>
						<time>2026-10-03T01:14:17Z</time>
					</trkpt>
					<trkpt lat="48.493890" lon="7.002760">
						<ele>625</ele>
						<time>2026-10-03T01:16:19Z</time>
					</trkpt>
					<trkpt lat="48.493730" lon="7.002830">
						<ele>627</ele>
						<time>2026-10-03T01:16:27Z</time>
					</trkpt>
					<trkpt lat="48.493400" lon="7.002800">
						<ele>629</ele>
						<time>2026-10-03T01:16:44Z</time>
					</trkpt>
					<trkpt lat="48.493080" lon="7.002680">
						<ele>629</ele>
						<time>2026-10-03T01:17:00Z</time>
					</trkpt>
					<trkpt lat="48.492990" lon="7.002630">
						<ele>628</ele>
						<time>2026-10-03T01:17:05Z</time>
					</trkpt>
					<trkpt lat="48.492930" lon="7.002610">
						<ele>628</ele>
						<time>2026-10-03T01:17:08Z</time>
					</trkpt>
					<trkpt lat="48.492790" lon="7.002620">
						<ele>629</ele>
						<time>2026-10-03T01:17:15Z</time>
					</trkpt>
					<trkpt lat="48.492730" lon="7.002590">
						<ele>629</ele>
						<time>2026-10-03T01:17:18Z</time>
					</trkpt>
					<trkpt lat="48.492670" lon="7.002560">
						<ele>628</ele>
						<time>2026-10-03T01:17:22Z</time>
					</trkpt>
					<trkpt lat="48.492520" lon="7.002500">
						<ele>628</ele>
						<time>2026-10-03T01:17:29Z</time>
					</trkpt>
					<trkpt lat="48.492460" lon="7.002530">
						<ele>627</ele>
						<time>2026-10-03T01:17:33Z</time>
					</trkpt>
					<trkpt lat="48.492380" lon="7.002650">
						<ele>627</ele>
						<time>2026-10-03T01:17:38Z</time>
					</trkpt>
					<trkpt lat="48.492370" lon="7.002760">
						<ele>629</ele>
						<time>2026-10-03T01:17:42Z</time>
					</trkpt>
					<trkpt lat="48.492420" lon="7.003150">
						<ele>637</ele>
						<time>2026-10-03T01:17:55Z</time>
					</trkpt>
					<trkpt lat="48.492410" lon="7.003540">
						<ele>641</ele>
						<time>2026-10-03T01:18:08Z</time>
					</trkpt>
					<trkpt lat="48.492450" lon="7.004530">
						<ele>644</ele>
						<time>2026-10-03T01:18:41Z</time>
					</trkpt>
					<trkpt lat="48.492430" lon="7.004850">
						<ele>644</ele>
						<time>2026-10-03T01:18:52Z</time>
					</trkpt>
					<trkpt lat="48.492400" lon="7.004980">
						<ele>644</ele>
						<time>2026-10-03T01:18:56Z</time>
					</trkpt>
					<trkpt lat="48.492430" lon="7.005220">
						<ele>642</ele>
						<time>2026-10-03T01:19:04Z</time>
					</trkpt>
					<trkpt lat="48.492480" lon="7.005460">
						<ele>640</ele>
						<time>2026-10-03T01:19:13Z</time>
					</trkpt>
					<trkpt lat="48.492720" lon="7.005680">
						<ele>641</ele>
						<time>2026-10-03T01:19:27Z</time>
					</trkpt>
					<trkpt lat="48.492840" lon="7.005760">
						<ele>642</ele>
						<time>2026-10-03T01:19:33Z</time>
					</trkpt>
					<trkpt lat="48.493010" lon="7.005940">
						<ele>642</ele>
						<time>2026-10-03T01:19:44Z</time>
					</trkpt>
					<trkpt lat="48.493130" lon="7.006020">
						<ele>642</ele>
						<time>2026-10-03T01:19:50Z</time>
					</trkpt>
					<trkpt lat="48.493250" lon="7.006120">
						<ele>643</ele>
						<time>2026-10-03T01:19:57Z</time>
					</trkpt>
					<trkpt lat="48.493610" lon="7.006440">
						<ele>641</ele>
						<time>2026-10-03T01:20:18Z</time>
					</trkpt>
					<trkpt lat="48.494000" lon="7.006760">
						<ele>636</ele>
						<time>2026-10-03T01:20:40Z</time>
					</trkpt>
					<trkpt lat="48.494160" lon="7.006920">
						<ele>633</ele>
						<time>2026-10-03T01:20:50Z</time>
					</trkpt>
					<trkpt lat="48.494330" lon="7.007060">
						<ele>628</ele>
						<time>2026-10-03T01:20:59Z</time>
					</trkpt>
					<trkpt lat="48.494420" lon="7.007290">
						<ele>624</ele>
						<time>2026-10-03T01:21:08Z</time>
					</trkpt>
					<trkpt lat="48.495180" lon="7.008710">
						<ele>623</ele>
						<time>2026-10-03T01:22:09Z</time>
					</trkpt>
					<trkpt lat="48.495350" lon="7.009030">
						<ele>626</ele>
						<time>2026-10-03T01:22:22Z</time>
					</trkpt>
					<trkpt lat="48.495820" lon="7.009560">
						<ele>636</ele>
						<time>2026-10-03T01:22:52Z</time>
					</trkpt>
					<trkpt lat="48.496250" lon="7.010120">
						<ele>641</ele>
						<time>2026-10-03T01:23:20Z</time>
					</trkpt>
					<trkpt lat="48.496350" lon="7.010240">
						<ele>642</ele>
						<time>2026-10-03T01:23:27Z</time>
					</trkpt>
					<trkpt lat="48.496390" lon="7.010310">
						<ele>643</ele>
						<time>2026-10-03T01:23:30Z</time>
					</trkpt>
					<trkpt lat="48.496570" lon="7.010620">
						<ele>648</ele>
						<time>2026-10-03T01:23:43Z</time>
					</trkpt>
					<trkpt lat="48.496620" lon="7.010740">
						<ele>650</ele>
						<time>2026-10-03T01:23:48Z</time>
					</trkpt>
					<trkpt lat="48.496750" lon="7.011250">
						<ele>653</ele>
						<time>2026-10-03T01:24:06Z</time>
					</trkpt>
					<trkpt lat="48.496780" lon="7.011410">
						<ele>654</ele>
						<time>2026-10-03T01:24:12Z</time>
					</trkpt>
					<trkpt lat="48.496770" lon="7.011650">
						<ele>655</ele>
						<time>2026-10-03T01:24:20Z</time>
					</trkpt>
					<trkpt lat="48.496800" lon="7.011830">
						<ele>656</ele>
						<time>2026-10-03T01:24:26Z</time>
					</trkpt>
					<trkpt lat="48.496810" lon="7.012040">
						<ele>658</ele>
						<time>2026-10-03T01:24:33Z</time>
					</trkpt>
					<trkpt lat="48.496820" lon="7.012290">
						<ele>660</ele>
						<time>2026-10-03T01:24:41Z</time>
					</trkpt>
					<trkpt lat="48.496800" lon="7.012390">
						<ele>661</ele>
						<time>2026-10-03T01:24:45Z</time>
					</trkpt>
					<trkpt lat="48.496740" lon="7.012550">
						<ele>662</ele>
						<time>2026-10-03T01:24:51Z</time>
					</trkpt>
					<trkpt lat="48.496700" lon="7.012690">
						<ele>662</ele>
						<time>2026-10-03T01:24:56Z</time>
					</trkpt>
					<trkpt lat="48.496560" lon="7.012980">
						<ele>662</ele>
						<time>2026-10-03T01:25:08Z</time>
					</trkpt>
					<trkpt lat="48.496450" lon="7.013270">
						<ele>663</ele>
						<time>2026-10-03T01:25:19Z</time>
					</trkpt>
					<trkpt lat="48.496340" lon="7.013440">
						<ele>662</ele>
						<time>2026-10-03T01:25:27Z</time>
					</trkpt>
					<trkpt lat="48.496130" lon="7.013550">
						<ele>658</ele>
						<time>2026-10-03T01:25:38Z</time>
					</trkpt>
					<trkpt lat="48.495970" lon="7.013600">
						<ele>656</ele>
						<time>2026-10-03T01:25:46Z</time>
					</trkpt>
					<trkpt lat="48.495860" lon="7.013680">
						<ele>655</ele>
						<time>2026-10-03T01:25:52Z</time>
					</trkpt>
					<trkpt lat="48.495760" lon="7.013730">
						<ele>653</ele>
						<time>2026-10-03T01:25:57Z</time>
					</trkpt>
					<trkpt lat="48.495630" lon="7.013730">
						<ele>650</ele>
						<time>2026-10-03T01:26:04Z</time>
					</trkpt>
					<trkpt lat="48.495500" lon="7.013750">
						<ele>646</ele>
						<time>2026-10-03T01:26:10Z</time>
					</trkpt>
					<trkpt lat="48.495330" lon="7.013700">
						<ele>642</ele>
						<time>2026-10-03T01:26:19Z</time>
					</trkpt>
					<trkpt lat="48.495260" lon="7.013610">
						<ele>640</ele>
						<time>2026-10-03T01:26:24Z</time>
					</trkpt>
					<trkpt lat="48.495200" lon="7.013640">
						<ele>639</ele>
						<time>2026-10-03T01:26:27Z</time>
					</trkpt>
					<trkpt lat="48.495150" lon="7.013690">
						<ele>638</ele>
						<time>2026-10-03T01:26:30Z</time>
					</trkpt>
					<trkpt lat="48.495190" lon="7.013940">
						<ele>639</ele>
						<time>2026-10-03T01:26:38Z</time>
					</trkpt>
					<trkpt lat="48.495210" lon="7.014020">
						<ele>640</ele>
						<time>2026-10-03T01:26:41Z</time>
					</trkpt>
					<trkpt lat="48.495180" lon="7.014070">
						<ele>639</ele>
						<time>2026-10-03T01:26:43Z</time>
					</trkpt>
					<trkpt lat="48.495130" lon="7.014090">
						<ele>638</ele>
						<time>2026-10-03T01:26:46Z</time>
					</trkpt>
					<trkpt lat="48.495130" lon="7.014200">
						<ele>638</ele>
						<time>2026-10-03T01:26:50Z</time>
					</trkpt>
					<trkpt lat="48.495150" lon="7.014320">
						<ele>636</ele>
						<time>2026-10-03T01:26:54Z</time>
					</trkpt>
					<trkpt lat="48.495190" lon="7.014430">
						<ele>635</ele>
						<time>2026-10-03T01:26:58Z</time>
					</trkpt>
					<trkpt lat="48.495090" lon="7.014450">
						<ele>633</ele>
						<time>2026-10-03T01:27:03Z</time>
					</trkpt>
					<trkpt lat="48.495040" lon="7.014430">
						<ele>632</ele>
						<time>2026-10-03T01:27:05Z</time>
					</trkpt>
					<trkpt lat="48.495000" lon="7.014350">
						<ele>632</ele>
						<time>2026-10-03T01:27:09Z</time>
					</trkpt>
					<trkpt lat="48.494950" lon="7.014330">
						<ele>631</ele>
						<time>2026-10-03T01:27:11Z</time>
					</trkpt>
					<trkpt lat="48.494970" lon="7.014450">
						<ele>629</ele>
						<time>2026-10-03T01:27:15Z</time>
					</trkpt>
					<trkpt lat="48.494970" lon="7.014580">
						<ele>627</ele>
						<time>2026-10-03T01:27:20Z</time>
					</trkpt>
					<trkpt lat="48.495000" lon="7.014710">
						<ele>627</ele>
						<time>2026-10-03T01:27:24Z</time>
					</trkpt>
					<trkpt lat="48.495000" lon="7.014780">
						<ele>625</ele>
						<time>2026-10-03T01:27:27Z</time>
					</trkpt>
					<trkpt lat="48.494990" lon="7.014900">
						<ele>623</ele>
						<time>2026-10-03T01:27:31Z</time>
					</trkpt>
					<trkpt lat="48.495090" lon="7.015040">
						<ele>623</ele>
						<time>2026-10-03T01:27:37Z</time>
					</trkpt>
					<trkpt lat="48.495190" lon="7.015140">
						<ele>622</ele>
						<time>2026-10-03T01:27:44Z</time>
					</trkpt>
					<trkpt lat="48.495380" lon="7.015190">
						<ele>623</ele>
						<time>2026-10-03T01:27:53Z</time>
					</trkpt>
					<trkpt lat="48.495600" lon="7.015280">
						<ele>624</ele>
						<time>2026-10-03T01:28:05Z</time>
					</trkpt>
					<trkpt lat="48.495880" lon="7.015270">
						<ele>628</ele>
						<time>2026-10-03T01:28:19Z</time>
					</trkpt>
					<trkpt lat="48.496200" lon="7.015310">
						<ele>634</ele>
						<time>2026-10-03T01:28:35Z</time>
					</trkpt>
					<trkpt lat="48.496340" lon="7.015360">
						<ele>635</ele>
						<time>2026-10-03T01:28:42Z</time>
					</trkpt>
					<trkpt lat="48.496480" lon="7.015420">
						<ele>636</ele>
						<time>2026-10-03T01:28:49Z</time>
					</trkpt>
					<trkpt lat="48.496590" lon="7.015520">
						<ele>635</ele>
						<time>2026-10-03T01:28:56Z</time>
					</trkpt>
					<trkpt lat="48.496720" lon="7.015690">
						<ele>633</ele>
						<time>2026-10-03T01:29:04Z</time>
					</trkpt>
					<trkpt lat="48.496920" lon="7.015950">
						<ele>630</ele>
						<time>2026-10-03T01:29:17Z</time>
					</trkpt>
					<trkpt lat="48.497080" lon="7.016110">
						<ele>629</ele>
						<time>2026-10-03T01:29:27Z</time>
					</trkpt>
					<trkpt lat="48.497130" lon="7.016140">
						<ele>630</ele>
						<time>2026-10-03T01:29:30Z</time>
					</trkpt>
					<trkpt lat="48.497400" lon="7.016330">
						<ele>631</ele>
						<time>2026-10-03T01:29:45Z</time>
					</trkpt>
					<trkpt lat="48.497550" lon="7.016420">
						<ele>631</ele>
						<time>2026-10-03T01:29:53Z</time>
					</trkpt>
					<trkpt lat="48.497740" lon="7.016680">
						<ele>627</ele>
						<time>2026-10-03T01:30:05Z</time>
					</trkpt>
					<trkpt lat="48.497800" lon="7.016820">
						<ele>623</ele>
						<time>2026-10-03T01:30:11Z</time>
					</trkpt>
					<trkpt lat="48.497940" lon="7.017140">
						<ele>617</ele>
						<time>2026-10-03T01:30:24Z</time>
					</trkpt>
					<trkpt lat="48.497990" lon="7.017320">
						<ele>613</ele>
						<time>2026-10-03T01:30:30Z</time>
					</trkpt>
					<trkpt lat="48.498150" lon="7.017780">
						<ele>606</ele>
						<time>2026-10-03T01:30:47Z</time>
					</trkpt>
					<trkpt lat="48.498220" lon="7.018030">
						<ele>602</ele>
						<time>2026-10-03T01:30:56Z</time>
					</trkpt>
					<trkpt lat="48.498280" lon="7.018330">
						<ele>597</ele>
						<time>2026-10-03T01:31:07Z</time>
					</trkpt>
					<trkpt lat="48.498320" lon="7.018640">
						<ele>592</ele>
						<time>2026-10-03T01:31:17Z</time>
					</trkpt>
					<trkpt lat="48.498340" lon="7.018910">
						<ele>587</ele>
						<time>2026-10-03T01:31:26Z</time>
					</trkpt>
					<trkpt lat="48.498330" lon="7.019140">
						<ele>581</ele>
						<time>2026-10-03T01:31:34Z</time>
					</trkpt>
					<trkpt lat="48.498350" lon="7.019410">
						<ele>582</ele>
						<time>2026-10-03T01:31:43Z</time>
					</trkpt>
					<trkpt lat="48.498330" lon="7.019620">
						<ele>581</ele>
						<time>2026-10-03T01:31:50Z</time>
					</trkpt>
					<trkpt lat="48.497880" lon="7.021360">
						<ele>593</ele>
						<time>2026-10-03T01:32:52Z</time>
					</trkpt>
					<trkpt lat="48.497920" lon="7.021390">
						<ele>595</ele>
						<time>2026-10-03T01:32:54Z</time>
					</trkpt>
					<trkpt lat="48.498190" lon="7.021480">
						<ele>605</ele>
						<time>2026-10-03T01:33:08Z</time>
					</trkpt>
					<trkpt lat="48.498510" lon="7.021440">
						<ele>613</ele>
						<time>2026-10-03T01:33:24Z</time>
					</trkpt>
					<trkpt lat="48.499080" lon="7.021000">
						<ele>623</ele>
						<time>2026-10-03T01:33:56Z</time>
					</trkpt>
					<trkpt lat="48.499700" lon="7.020670">
						<ele>634</ele>
						<time>2026-10-03T01:34:29Z</time>
					</trkpt>
					<trkpt lat="48.499840" lon="7.020530">
						<ele>636</ele>
						<time>2026-10-03T01:34:37Z</time>
					</trkpt>
					<trkpt lat="48.499920" lon="7.020550">
						<ele>638</ele>
						<time>2026-10-03T01:34:41Z</time>
					</trkpt>
					<trkpt lat="48.500170" lon="7.020660">
						<ele>638</ele>
						<time>2026-10-03T01:34:55Z</time>
					</trkpt>
					<trkpt lat="48.500230" lon="7.021730">
						<ele>649</ele>
						<time>2026-10-03T01:35:30Z</time>
					</trkpt>
					<trkpt lat="48.500250" lon="7.021860">
						<ele>650</ele>
						<time>2026-10-03T01:35:35Z</time>
					</trkpt>
					<trkpt lat="48.500450" lon="7.023410">
						<ele>661</ele>
						<time>2026-10-03T01:36:27Z</time>
					</trkpt>
					<trkpt lat="48.501010" lon="7.025180">
						<ele>672</ele>
						<time>2026-10-03T01:37:32Z</time>
					</trkpt>
					<trkpt lat="48.501570" lon="7.027850">
						<ele>673</ele>
						<time>2026-10-03T01:39:05Z</time>
					</trkpt>
					<trkpt lat="48.502230" lon="7.029570">
						<ele>681</ele>
						<time>2026-10-03T01:40:11Z</time>
					</trkpt>
					<trkpt lat="48.502230" lon="7.029930">
						<ele>685</ele>
						<time>2026-10-03T01:40:23Z</time>
					</trkpt>
					<trkpt lat="48.503140" lon="7.031650">
						<ele>668</ele>
						<time>2026-10-03T01:41:36Z</time>
					</trkpt>
					<trkpt lat="48.503280" lon="7.032210">
						<ele>666</ele>
						<time>2026-10-03T01:41:55Z</time>
					</trkpt>
					<trkpt lat="48.503320" lon="7.034060">
						<ele>656</ele>
						<time>2026-10-03T01:42:57Z</time>
					</trkpt>
					<trkpt lat="48.503560" lon="7.035130">
						<ele>653</ele>
						<time>2026-10-03T01:43:34Z</time>
					</trkpt>
					<trkpt lat="48.503550" lon="7.035220">
						<ele>653</ele>
						<time>2026-10-03T01:43:37Z</time>
					</trkpt>
					<trkpt lat="48.503610" lon="7.035790">
						<ele>653</ele>
						<time>2026-10-03T01:43:56Z</time>
					</trkpt>
					<trkpt lat="48.503710" lon="7.036260">
						<ele>652</ele>
						<time>2026-10-03T01:44:13Z</time>
					</trkpt>
					<trkpt lat="48.503800" lon="7.036550">
						<ele>653</ele>
						<time>2026-10-03T01:44:23Z</time>
					</trkpt>
					<trkpt lat="48.503970" lon="7.036860">
						<ele>653</ele>
						<time>2026-10-03T01:44:37Z</time>
					</trkpt>
					<trkpt lat="48.504010" lon="7.036930">
						<ele>652</ele>
						<time>2026-10-03T01:44:40Z</time>
					</trkpt>
					<trkpt lat="48.504550" lon="7.037450">
						<ele>651</ele>
						<time>2026-10-03T01:45:12Z</time>
					</trkpt>
					<trkpt lat="48.504730" lon="7.037790">
						<ele>649</ele>
						<time>2026-10-03T01:45:26Z</time>
					</trkpt>
					<trkpt lat="48.504760" lon="7.037860">
						<ele>649</ele>
						<time>2026-10-03T01:45:29Z</time>
					</trkpt>
					<trkpt lat="48.504870" lon="7.038200">
						<ele>649</ele>
						<time>2026-10-03T01:45:42Z</time>
					</trkpt>
					<trkpt lat="48.505130" lon="7.038590">
						<ele>650</ele>
						<time>2026-10-03T01:46:00Z</time>
					</trkpt>
					<trkpt lat="48.505220" lon="7.038780">
						<ele>651</ele>
						<time>2026-10-03T01:46:08Z</time>
					</trkpt>
					<trkpt lat="48.505260" lon="7.039030">
						<ele>652</ele>
						<time>2026-10-03T01:46:16Z</time>
					</trkpt>
					<trkpt lat="48.505310" lon="7.039100">
						<ele>652</ele>
						<time>2026-10-03T01:46:20Z</time>
					</trkpt>
					<trkpt lat="48.505360" lon="7.039320">
						<ele>653</ele>
						<time>2026-10-03T01:46:27Z</time>
					</trkpt>
					<trkpt lat="48.505390" lon="7.039660">
						<ele>655</ele>
						<time>2026-10-03T01:46:39Z</time>
					</trkpt>
					<trkpt lat="48.505430" lon="7.039780">
						<ele>655</ele>
						<time>2026-10-03T01:46:43Z</time>
					</trkpt>
					<trkpt lat="48.505850" lon="7.040290">
						<ele>661</ele>
						<time>2026-10-03T01:47:10Z</time>
					</trkpt>
					<trkpt lat="48.506460" lon="7.040570">
						<ele>661</ele>
						<time>2026-10-03T01:47:42Z</time>
					</trkpt>
					<trkpt lat="48.506930" lon="7.040680">
						<ele>663</ele>
						<time>2026-10-03T01:48:06Z</time>
					</trkpt>
					<trkpt lat="48.507350" lon="7.040610">
						<ele>665</ele>
						<time>2026-10-03T01:48:27Z</time>
					</trkpt>
					<trkpt lat="48.507730" lon="7.040500">
						<ele>663</ele>
						<time>2026-10-03T01:48:46Z</time>
					</trkpt>
					<trkpt lat="48.508580" lon="7.040510">
						<ele>661</ele>
						<time>2026-10-03T01:49:29Z</time>
					</trkpt>
					<trkpt lat="48.508800" lon="7.040540">
						<ele>658</ele>
						<time>2026-10-03T01:49:40Z</time>
					</trkpt>
					<trkpt lat="48.509030" lon="7.040650">
						<ele>656</ele>
						<time>2026-10-03T01:49:52Z</time>
					</trkpt>
					<trkpt lat="48.509170" lon="7.040830">
						<ele>656</ele>
						<time>2026-10-03T01:50:01Z</time>
					</trkpt>
					<trkpt lat="48.509260" lon="7.041040">
						<ele>656</ele>
						<time>2026-10-03T01:50:10Z</time>
					</trkpt>
					<trkpt lat="48.509350" lon="7.041420">
						<ele>658</ele>
						<time>2026-10-03T01:50:23Z</time>
					</trkpt>
					<trkpt lat="48.509390" lon="7.041890">
						<ele>661</ele>
						<time>2026-10-03T01:50:39Z</time>
					</trkpt>
					<trkpt lat="48.509500" lon="7.042350">
						<ele>661</ele>
						<time>2026-10-03T01:50:55Z</time>
					</trkpt>
					<trkpt lat="48.509730" lon="7.042970">
						<ele>662</ele>
						<time>2026-10-03T01:51:18Z</time>
					</trkpt>
					<trkpt lat="48.510080" lon="7.043650">
						<ele>663</ele>
						<time>2026-10-03T01:51:47Z</time>
					</trkpt>
					<trkpt lat="48.510580" lon="7.044320">
						<ele>663</ele>
						<time>2026-10-03T01:52:20Z</time>
					</trkpt>
					<trkpt lat="48.510810" lon="7.045030">
						<ele>665</ele>
						<time>2026-10-03T01:52:47Z</time>
					</trkpt>
					<trkpt lat="48.511300" lon="7.046420">
						<ele>665</ele>
						<time>2026-10-03T01:53:39Z</time>
					</trkpt>
					<trkpt lat="48.511810" lon="7.047240">
						<ele>657</ele>
						<time>2026-10-03T01:54:16Z</time>
					</trkpt>
					<trkpt lat="48.512750" lon="7.048960">
						<ele>652</ele>
						<time>2026-10-03T01:55:30Z</time>
					</trkpt>
					<trkpt lat="48.513010" lon="7.049690">
						<ele>651</ele>
						<time>2026-10-03T01:55:58Z</time>
					</trkpt>
					<trkpt lat="48.513160" lon="7.050550">
						<ele>649</ele>
						<time>2026-10-03T01:56:27Z</time>
					</trkpt>
					<trkpt lat="48.513130" lon="7.051620">
						<ele>657</ele>
						<time>2026-10-03T01:57:02Z</time>
					</trkpt>
					<trkpt lat="48.513120" lon="7.051910">
						<ele>660</ele>
						<time>2026-10-03T01:57:12Z</time>
					</trkpt>
					<trkpt lat="48.513210" lon="7.052580">
						<ele>664</ele>
						<time>2026-10-03T01:57:35Z</time>
					</trkpt>
					<trkpt lat="48.513200" lon="7.052680">
						<ele>666</ele>
						<time>2026-10-03T01:57:38Z</time>
					</trkpt>
					<trkpt lat="48.513160" lon="7.052720">
						<ele>668</ele>
						<time>2026-10-03T01:57:41Z</time>
					</trkpt>
					<trkpt lat="48.513100" lon="7.052730">
						<ele>670</ele>
						<time>2026-10-03T01:57:44Z</time>
					</trkpt>
					<trkpt lat="48.512950" lon="7.052510">
						<ele>671</ele>
						<time>2026-10-03T01:57:54Z</time>
					</trkpt>
					<trkpt lat="48.512720" lon="7.052130">
						<ele>674</ele>
						<time>2026-10-03T01:58:11Z</time>
					</trkpt>
					<trkpt lat="48.512300" lon="7.051870">
						<ele>678</ele>
						<time>2026-10-03T01:58:34Z</time>
					</trkpt>
					<trkpt lat="48.512140" lon="7.051850">
						<ele>679</ele>
						<time>2026-10-03T01:58:42Z</time>
					</trkpt>
					<trkpt lat="48.511960" lon="7.051830">
						<ele>680</ele>
						<time>2026-10-03T01:58:51Z</time>
					</trkpt>
					<trkpt lat="48.511550" lon="7.051590">
						<ele>681</ele>
						<time>2026-10-03T01:59:13Z</time>
					</trkpt>
					<trkpt lat="48.511010" lon="7.050980">
						<ele>682</ele>
						<time>2026-10-03T01:59:47Z</time>
					</trkpt>
					<trkpt lat="48.510910" lon="7.050990">
						<ele>681</ele>
						<time>2026-10-03T01:59:52Z</time>
					</trkpt>
					<trkpt lat="48.510870" lon="7.051120">
						<ele>678</ele>
						<time>2026-10-03T01:59:56Z</time>
					</trkpt>
					<trkpt lat="48.510960" lon="7.051350">
						<ele>675</ele>
						<time>2026-10-03T02:00:05Z</time>
					</trkpt>
					<trkpt lat="48.511030" lon="7.051650">
						<ele>672</ele>
						<time>2026-10-03T02:00:16Z</time>
					</trkpt>
					<trkpt lat="48.511130" lon="7.052150">
						<ele>668</ele>
						<time>2026-10-03T02:00:33Z</time>
					</trkpt>
					<trkpt lat="48.511160" lon="7.053030">
						<ele>665</ele>
						<time>2026-10-03T02:01:02Z</time>
					</trkpt>
					<trkpt lat="48.511050" lon="7.053540">
						<ele>660</ele>
						<time>2026-10-03T02:01:20Z</time>
					</trkpt>
					<trkpt lat="48.510800" lon="7.054480">
						<ele>649</ele>
						<time>2026-10-03T02:01:54Z</time>
					</trkpt>
					<trkpt lat="48.510800" lon="7.054990">
						<ele>646</ele>
						<time>2026-10-03T02:02:11Z</time>
					</trkpt>
					<trkpt lat="48.510900" lon="7.055500">
						<ele>646</ele>
						<time>2026-10-03T02:02:28Z</time>
					</trkpt>
					<trkpt lat="48.511010" lon="7.055900">
						<ele>647</ele>
						<time>2026-10-03T02:02:43Z</time>
					</trkpt>
					<trkpt lat="48.511260" lon="7.056820">
						<ele>641</ele>
						<time>2026-10-03T02:03:16Z</time>
					</trkpt>
					<trkpt lat="48.511570" lon="7.058120">
						<ele>641</ele>
						<time>2026-10-03T02:04:01Z</time>
					</trkpt>
					<trkpt lat="48.511570" lon="7.059300">
						<ele>633</ele>
						<time>2026-10-03T02:04:40Z</time>
					</trkpt>
					<trkpt lat="48.511660" lon="7.059780">
						<ele>636</ele>
						<time>2026-10-03T02:04:57Z</time>
					</trkpt>
					<trkpt lat="48.511610" lon="7.060170">
						<ele>636</ele>
						<time>2026-10-03T02:05:10Z</time>
					</trkpt>
					<trkpt lat="48.511450" lon="7.060620">
						<ele>636</ele>
						<time>2026-10-03T02:05:27Z</time>
					</trkpt>
					<trkpt lat="48.511140" lon="7.061140">
						<ele>637</ele>
						<time>2026-10-03T02:05:50Z</time>
					</trkpt>
					<trkpt lat="48.510920" lon="7.061480">
						<ele>640</ele>
						<time>2026-10-03T02:06:06Z</time>
					</trkpt>
					<trkpt lat="48.510580" lon="7.061500">
						<ele>641</ele>
						<time>2026-10-03T02:06:23Z</time>
					</trkpt>
					<trkpt lat="48.510360" lon="7.061350">
						<ele>640</ele>
						<time>2026-10-03T02:06:35Z</time>
					</trkpt>
					<trkpt lat="48.510110" lon="7.061090">
						<ele>635</ele>
						<time>2026-10-03T02:06:50Z</time>
					</trkpt>
					<trkpt lat="48.510030" lon="7.061010">
						<ele>634</ele>
						<time>2026-10-03T02:06:55Z</time>
					</trkpt>
					<trkpt lat="48.509250" lon="7.060310">
						<ele>632</ele>
						<time>2026-10-03T02:07:41Z</time>
					</trkpt>
					<trkpt lat="48.508320" lon="7.059550">
						<ele>624</ele>
						<time>2026-10-03T02:08:33Z</time>
					</trkpt>
					<trkpt lat="48.507770" lon="7.059220">
						<ele>623</ele>
						<time>2026-10-03T02:09:03Z</time>
					</trkpt>
					<trkpt lat="48.506920" lon="7.058730">
						<ele>621</ele>
						<time>2026-10-03T02:09:49Z</time>
					</trkpt>
					<trkpt lat="48.506530" lon="7.058450">
						<ele>618</ele>
						<time>2026-10-03T02:10:10Z</time>
					</trkpt>
					<trkpt lat="48.506120" lon="7.058170">
						<ele>614</ele>
						<time>2026-10-03T02:10:33Z</time>
					</trkpt>
					<trkpt lat="48.505460" lon="7.057880">
						<ele>604</ele>
						<time>2026-10-03T02:11:07Z</time>
					</trkpt>
					<trkpt lat="48.505240" lon="7.057880">
						<ele>602</ele>
						<time>2026-10-03T02:11:18Z</time>
					</trkpt>
					<trkpt lat="48.505150" lon="7.057970">
						<ele>603</ele>
						<time>2026-10-03T02:11:24Z</time>
					</trkpt>
					<trkpt lat="48.505060" lon="7.058120">
						<ele>605</ele>
						<time>2026-10-03T02:11:30Z</time>
					</trkpt>
					<trkpt lat="48.504950" lon="7.058600">
						<ele>606</ele>
						<time>2026-10-03T02:11:47Z</time>
					</trkpt>
					<trkpt lat="48.504910" lon="7.059270">
						<ele>604</ele>
						<time>2026-10-03T02:12:09Z</time>
					</trkpt>
					<trkpt lat="48.505190" lon="7.060080">
						<ele>607</ele>
						<time>2026-10-03T02:12:40Z</time>
					</trkpt>
					<trkpt lat="48.505450" lon="7.060840">
						<ele>602</ele>
						<time>2026-10-03T02:13:08Z</time>
					</trkpt>
					<trkpt lat="48.505710" lon="7.061750">
						<ele>593</ele>
						<time>2026-10-03T02:13:41Z</time>
					</trkpt>
					<trkpt lat="48.505830" lon="7.062320">
						<ele>589</ele>
						<time>2026-10-03T02:14:01Z</time>
					</trkpt>
					<trkpt lat="48.505800" lon="7.063120">
						<ele>580</ele>
						<time>2026-10-03T02:14:27Z</time>
					</trkpt>
					<trkpt lat="48.505860" lon="7.064040">
						<ele>574</ele>
						<time>2026-10-03T02:14:58Z</time>
					</trkpt>
					<trkpt lat="48.505900" lon="7.064320">
						<ele>574</ele>
						<time>2026-10-03T02:15:07Z</time>
					</trkpt>
					<trkpt lat="48.505830" lon="7.064620">
						<ele>565</ele>
						<time>2026-10-03T02:15:18Z</time>
					</trkpt>
					<trkpt lat="48.505850" lon="7.065180">
						<ele>560</ele>
						<time>2026-10-03T02:15:37Z</time>
					</trkpt>
					<trkpt lat="48.505830" lon="7.065250">
						<ele>558</ele>
						<time>2026-10-03T02:15:39Z</time>
					</trkpt>
					<trkpt lat="48.505790" lon="7.065290">
						<ele>555</ele>
						<time>2026-10-03T02:15:42Z</time>
					</trkpt>
					<trkpt lat="48.505750" lon="7.065290">
						<ele>553</ele>
						<time>2026-10-03T02:15:44Z</time>
					</trkpt>
					<trkpt lat="48.505710" lon="7.065230">
						<ele>552</ele>
						<time>2026-10-03T02:15:46Z</time>
					</trkpt>
					<trkpt lat="48.505690" lon="7.065110">
						<ele>553</ele>
						<time>2026-10-03T02:15:50Z</time>
					</trkpt>
					<trkpt lat="48.505670" lon="7.064490">
						<ele>559</ele>
						<time>2026-10-03T02:16:11Z</time>
					</trkpt>
					<trkpt lat="48.505660" lon="7.064300">
						<ele>560</ele>
						<time>2026-10-03T02:16:17Z</time>
					</trkpt>
					<trkpt lat="48.505550" lon="7.064050">
						<ele>557</ele>
						<time>2026-10-03T02:16:27Z</time>
					</trkpt>
					<trkpt lat="48.505270" lon="7.063550">
						<ele>545</ele>
						<time>2026-10-03T02:16:49Z</time>
					</trkpt>
					<trkpt lat="48.505070" lon="7.062870">
						<ele>538</ele>
						<time>2026-10-03T02:17:14Z</time>
					</trkpt>
					<trkpt lat="48.505070" lon="7.062560">
						<ele>541</ele>
						<time>2026-10-03T02:17:24Z</time>
					</trkpt>
					<trkpt lat="48.505040" lon="7.062330">
						<ele>543</ele>
						<time>2026-10-03T02:17:32Z</time>
					</trkpt>
					<trkpt lat="48.504490" lon="7.061530">
						<ele>528</ele>
						<time>2026-10-03T02:18:10Z</time>
					</trkpt>
					<trkpt lat="48.504110" lon="7.061210">
						<ele>516</ele>
						<time>2026-10-03T02:18:32Z</time>
					</trkpt>
					<trkpt lat="48.503670" lon="7.060650">
						<ele>504</ele>
						<time>2026-10-03T02:19:01Z</time>
					</trkpt>
					<trkpt lat="48.503440" lon="7.060380">
						<ele>494</ele>
						<time>2026-10-03T02:19:15Z</time>
					</trkpt>
					<trkpt lat="48.503260" lon="7.060050">
						<ele>489</ele>
						<time>2026-10-03T02:19:29Z</time>
					</trkpt>
					<trkpt lat="48.503000" lon="7.059220">
						<ele>485</ele>
						<time>2026-10-03T02:20:00Z</time>
					</trkpt>
					<trkpt lat="48.502910" lon="7.058940">
						<ele>482</ele>
						<time>2026-10-03T02:20:10Z</time>
					</trkpt>
					<trkpt lat="48.502800" lon="7.058520">
						<ele>478</ele>
						<time>2026-10-03T02:20:25Z</time>
					</trkpt>
					<trkpt lat="48.502760" lon="7.058080">
						<ele>476</ele>
						<time>2026-10-03T02:20:40Z</time>
					</trkpt>
					<trkpt lat="48.502730" lon="7.057430">
						<ele>473</ele>
						<time>2026-10-03T02:21:01Z</time>
					</trkpt>
					<trkpt lat="48.502710" lon="7.057250">
						<ele>471</ele>
						<time>2026-10-03T02:21:07Z</time>
					</trkpt>
					<trkpt lat="48.502650" lon="7.057090">
						<ele>468</ele>
						<time>2026-10-03T02:21:14Z</time>
					</trkpt>
					<trkpt lat="48.502820" lon="7.056500">
						<ele>472</ele>
						<time>2026-10-03T02:21:35Z</time>
					</trkpt>
					<trkpt lat="48.503090" lon="7.055800">
						<ele>475</ele>
						<time>2026-10-03T02:22:02Z</time>
					</trkpt>
					<trkpt lat="48.503290" lon="7.055500">
						<ele>476</ele>
						<time>2026-10-03T02:22:16Z</time>
					</trkpt>
					<trkpt lat="48.503490" lon="7.055270">
						<ele>477</ele>
						<time>2026-10-03T02:22:28Z</time>
					</trkpt>
					<trkpt lat="48.503720" lon="7.055130">
						<ele>479</ele>
						<time>2026-10-03T02:22:41Z</time>
					</trkpt>
					<trkpt lat="48.504140" lon="7.055060">
						<ele>487</ele>
						<time>2026-10-03T02:23:02Z</time>
					</trkpt>
					<trkpt lat="48.504300" lon="7.054980">
						<ele>487</ele>
						<time>2026-10-03T02:23:10Z</time>
					</trkpt>
					<trkpt lat="48.504310" lon="7.055040">
						<ele>489</ele>
						<time>2026-10-03T02:23:12Z</time>
					</trkpt>
					<trkpt lat="48.504360" lon="7.055080">
						<ele>491</ele>
						<time>2026-10-03T02:23:15Z</time>
					</trkpt>
					<trkpt lat="48.504680" lon="7.055020">
						<ele>493</ele>
						<time>2026-10-03T02:23:31Z</time>
					</trkpt>
					<trkpt lat="48.504840" lon="7.055020">
						<ele>496</ele>
						<time>2026-10-03T02:23:39Z</time>
					</trkpt>
					<trkpt lat="48.505100" lon="7.055140">
						<ele>503</ele>
						<time>2026-10-03T02:23:53Z</time>
					</trkpt>
					<trkpt lat="48.505530" lon="7.055410">
						<ele>514</ele>
						<time>2026-10-03T02:24:16Z</time>
					</trkpt>
					<trkpt lat="48.505860" lon="7.055660">
						<ele>522</ele>
						<time>2026-10-03T02:24:35Z</time>
					</trkpt>
					<trkpt lat="48.506210" lon="7.055840">
						<ele>525</ele>
						<time>2026-10-03T02:24:53Z</time>
					</trkpt>
					<trkpt lat="48.506570" lon="7.055900">
						<ele>525</ele>
						<time>2026-10-03T02:25:11Z</time>
					</trkpt>
					<trkpt lat="48.507150" lon="7.056210">
						<ele>531</ele>
						<time>2026-10-03T02:25:42Z</time>
					</trkpt>
					<trkpt lat="48.508030" lon="7.056810">
						<ele>538</ele>
						<time>2026-10-03T02:26:31Z</time>
					</trkpt>
					<trkpt lat="48.508610" lon="7.057180">
						<ele>541</ele>
						<time>2026-10-03T02:27:02Z</time>
					</trkpt>
					<trkpt lat="48.509280" lon="7.057670">
						<ele>545</ele>
						<time>2026-10-03T02:27:39Z</time>
					</trkpt>
					<trkpt lat="48.509630" lon="7.057790">
						<ele>555</ele>
						<time>2026-10-03T02:27:57Z</time>
					</trkpt>
					<trkpt lat="48.509710" lon="7.057710">
						<ele>556</ele>
						<time>2026-10-03T02:28:02Z</time>
					</trkpt>
					<trkpt lat="48.509740" lon="7.057510">
						<ele>555</ele>
						<time>2026-10-03T02:28:09Z</time>
					</trkpt>
					<trkpt lat="48.509550" lon="7.057110">
						<ele>551</ele>
						<time>2026-10-03T02:28:25Z</time>
					</trkpt>
					<trkpt lat="48.509370" lon="7.056530">
						<ele>545</ele>
						<time>2026-10-03T02:28:46Z</time>
					</trkpt>
					<trkpt lat="48.509230" lon="7.055580">
						<ele>545</ele>
						<time>2026-10-03T02:29:19Z</time>
					</trkpt>
					<trkpt lat="48.509160" lon="7.054550">
						<ele>550</ele>
						<time>2026-10-03T02:29:53Z</time>
					</trkpt>
					<trkpt lat="48.509200" lon="7.054000">
						<ele>554</ele>
						<time>2026-10-03T02:30:11Z</time>
					</trkpt>
					<trkpt lat="48.509290" lon="7.053070">
						<ele>563</ele>
						<time>2026-10-03T02:30:43Z</time>
					</trkpt>
					<trkpt lat="48.509230" lon="7.052710">
						<ele>565</ele>
						<time>2026-10-03T02:30:55Z</time>
					</trkpt>
					<trkpt lat="48.509180" lon="7.052100">
						<ele>580</ele>
						<time>2026-10-03T02:31:15Z</time>
					</trkpt>
					<trkpt lat="48.509120" lon="7.051980">
						<ele>583</ele>
						<time>2026-10-03T02:31:20Z</time>
					</trkpt>
					<trkpt lat="48.508920" lon="7.051850">
						<ele>585</ele>
						<time>2026-10-03T02:31:31Z</time>
					</trkpt>
					<trkpt lat="48.508770" lon="7.051780">
						<ele>586</ele>
						<time>2026-10-03T02:31:39Z</time>
					</trkpt>
					<trkpt lat="48.508590" lon="7.051850">
						<ele>581</ele>
						<time>2026-10-03T02:31:48Z</time>
					</trkpt>
					<trkpt lat="48.508070" lon="7.051890">
						<ele>572</ele>
						<time>2026-10-03T02:32:14Z</time>
					</trkpt>
					<trkpt lat="48.507860" lon="7.051860">
						<ele>569</ele>
						<time>2026-10-03T02:32:25Z</time>
					</trkpt>
					<trkpt lat="48.507510" lon="7.051560">
						<ele>574</ele>
						<time>2026-10-03T02:32:45Z</time>
					</trkpt>
					<trkpt lat="48.506530" lon="7.049870">
						<ele>587</ele>
						<time>2026-10-03T02:33:59Z</time>
					</trkpt>
					<trkpt lat="48.506400" lon="7.049260">
						<ele>590</ele>
						<time>2026-10-03T02:34:21Z</time>
					</trkpt>
					<trkpt lat="48.506440" lon="7.048760">
						<ele>597</ele>
						<time>2026-10-03T02:34:37Z</time>
					</trkpt>
					<trkpt lat="48.506510" lon="7.048160">
						<ele>606</ele>
						<time>2026-10-03T02:34:58Z</time>
					</trkpt>
					<trkpt lat="48.506430" lon="7.047140">
						<ele>612</ele>
						<time>2026-10-03T02:35:32Z</time>
					</trkpt>
					<trkpt lat="48.506410" lon="7.046210">
						<ele>619</ele>
						<time>2026-10-03T02:36:03Z</time>
					</trkpt>
					<trkpt lat="48.506370" lon="7.045770">
						<ele>621</ele>
						<time>2026-10-03T02:36:17Z</time>
					</trkpt>
					<trkpt lat="48.506280" lon="7.045470">
						<ele>624</ele>
						<time>2026-10-03T02:36:28Z</time>
					</trkpt>
					<trkpt lat="48.506180" lon="7.045260">
						<ele>626</ele>
						<time>2026-10-03T02:36:37Z</time>
					</trkpt>
					<trkpt lat="48.505960" lon="7.045150">
						<ele>623</ele>
						<time>2026-10-03T02:36:48Z</time>
					</trkpt>
					<trkpt lat="48.505710" lon="7.045080">
						<ele>621</ele>
						<time>2026-10-03T02:37:01Z</time>
					</trkpt>
					<trkpt lat="48.504750" lon="7.045000">
						<ele>616</ele>
						<time>2026-10-03T02:37:49Z</time>
					</trkpt>
					<trkpt lat="48.504430" lon="7.044890">
						<ele>615</ele>
						<time>2026-10-03T02:38:06Z</time>
					</trkpt>
					<trkpt lat="48.503950" lon="7.044570">
						<ele>612</ele>
						<time>2026-10-03T02:38:32Z</time>
					</trkpt>
					<trkpt lat="48.503790" lon="7.044330">
						<ele>614</ele>
						<time>2026-10-03T02:38:43Z</time>
					</trkpt>
					<trkpt lat="48.503720" lon="7.044160">
						<ele>616</ele>
						<time>2026-10-03T02:38:50Z</time>
					</trkpt>
					<trkpt lat="48.503700" lon="7.044010">
						<ele>615</ele>
						<time>2026-10-03T02:38:55Z</time>
					</trkpt>
					<trkpt lat="48.503700" lon="7.043870">
						<ele>615</ele>
						<time>2026-10-03T02:38:59Z</time>
					</trkpt>
					<trkpt lat="48.503800" lon="7.043660">
						<ele>618</ele>
						<time>2026-10-03T02:39:08Z</time>
					</trkpt>
					<trkpt lat="48.504040" lon="7.043480">
						<ele>625</ele>
						<time>2026-10-03T02:39:21Z</time>
					</trkpt>
					<trkpt lat="48.504320" lon="7.043320">
						<ele>633</ele>
						<time>2026-10-03T02:39:36Z</time>
					</trkpt>
					<trkpt lat="48.504670" lon="7.042740">
						<ele>638</ele>
						<time>2026-10-03T02:40:02Z</time>
					</trkpt>
					<trkpt lat="48.504870" lon="7.042160">
						<ele>644</ele>
						<time>2026-10-03T02:40:24Z</time>
					</trkpt>
					<trkpt lat="48.504980" lon="7.041470">
						<ele>650</ele>
						<time>2026-10-03T02:40:48Z</time>
					</trkpt>
					<trkpt lat="48.505080" lon="7.040380">
						<ele>655</ele>
						<time>2026-10-03T02:41:24Z</time>
					</trkpt>
					<trkpt lat="48.505080" lon="7.039910">
						<ele>655</ele>
						<time>2026-10-03T02:41:40Z</time>
					</trkpt>
					<trkpt lat="48.504930" lon="7.039440">
						<ele>651</ele>
						<time>2026-10-03T02:41:57Z</time>
					</trkpt>
					<trkpt lat="48.504010" lon="7.038550">
						<ele>636</ele>
						<time>2026-10-03T02:42:52Z</time>
					</trkpt>
					<trkpt lat="48.503650" lon="7.038290">
						<ele>634</ele>
						<time>2026-10-03T02:43:12Z</time>
					</trkpt>
					<trkpt lat="48.502770" lon="7.038060">
						<ele>612</ele>
						<time>2026-10-03T02:43:56Z</time>
					</trkpt>
					<trkpt lat="48.502400" lon="7.037690">
						<ele>605</ele>
						<time>2026-10-03T02:44:19Z</time>
					</trkpt>
					<trkpt lat="48.502200" lon="7.037380">
						<ele>599</ele>
						<time>2026-10-03T02:44:33Z</time>
					</trkpt>
					<trkpt lat="48.502000" lon="7.037000">
						<ele>592</ele>
						<time>2026-10-03T02:44:49Z</time>
					</trkpt>
					<trkpt lat="48.501290" lon="7.035460">
						<ele>570</ele>
						<time>2026-10-03T02:45:51Z</time>
					</trkpt>
					<trkpt lat="48.501060" lon="7.034720">
						<ele>562</ele>
						<time>2026-10-03T02:46:18Z</time>
					</trkpt>
					<trkpt lat="48.500930" lon="7.034110">
						<ele>557</ele>
						<time>2026-10-03T02:46:40Z</time>
					</trkpt>
					<trkpt lat="48.500830" lon="7.033670">
						<ele>557</ele>
						<time>2026-10-03T02:46:55Z</time>
					</trkpt>
					<trkpt lat="48.500730" lon="7.033390">
						<ele>557</ele>
						<time>2026-10-03T02:47:06Z</time>
					</trkpt>
					<trkpt lat="48.500590" lon="7.033310">
						<ele>554</ele>
						<time>2026-10-03T02:47:13Z</time>
					</trkpt>
					<trkpt lat="48.500290" lon="7.033340">
						<ele>542</ele>
						<time>2026-10-03T02:47:28Z</time>
					</trkpt>
					<trkpt lat="48.499900" lon="7.033290">
						<ele>534</ele>
						<time>2026-10-03T02:47:48Z</time>
					</trkpt>
					<trkpt lat="48.499470" lon="7.033290">
						<ele>533</ele>
						<time>2026-10-03T02:48:09Z</time>
					</trkpt>
					<trkpt lat="48.499070" lon="7.033450">
						<ele>523</ele>
						<time>2026-10-03T02:48:30Z</time>
					</trkpt>
					<trkpt lat="48.498770" lon="7.033650">
						<ele>508</ele>
						<time>2026-10-03T02:48:46Z</time>
					</trkpt>
					<trkpt lat="48.498660" lon="7.033640">
						<ele>506</ele>
						<time>2026-10-03T02:48:52Z</time>
					</trkpt>
					<trkpt lat="48.498510" lon="7.033360">
						<ele>511</ele>
						<time>2026-10-03T02:49:04Z</time>
					</trkpt>
					<trkpt lat="48.498320" lon="7.032900">
						<ele>513</ele>
						<time>2026-10-03T02:49:22Z</time>
					</trkpt>
					<trkpt lat="48.498260" lon="7.032700">
						<ele>512</ele>
						<time>2026-10-03T02:49:29Z</time>
					</trkpt>
					<trkpt lat="48.498060" lon="7.031980">
						<ele>511</ele>
						<time>2026-10-03T02:49:55Z</time>
					</trkpt>
					<trkpt lat="48.497830" lon="7.031440">
						<ele>503</ele>
						<time>2026-10-03T02:50:16Z</time>
					</trkpt>
					<trkpt lat="48.497420" lon="7.030760">
						<ele>489</ele>
						<time>2026-10-03T02:50:47Z</time>
					</trkpt>
					<trkpt lat="48.497310" lon="7.030360">
						<ele>486</ele>
						<time>2026-10-03T02:51:01Z</time>
					</trkpt>
					<trkpt lat="48.497260" lon="7.029960">
						<ele>486</ele>
						<time>2026-10-03T02:51:15Z</time>
					</trkpt>
					<trkpt lat="48.497210" lon="7.029860">
						<ele>483</ele>
						<time>2026-10-03T02:51:19Z</time>
					</trkpt>
					<trkpt lat="48.497160" lon="7.029870">
						<ele>481</ele>
						<time>2026-10-03T02:51:21Z</time>
					</trkpt>
					<trkpt lat="48.497130" lon="7.029820">
						<ele>479</ele>
						<time>2026-10-03T02:51:23Z</time>
					</trkpt>
					<trkpt lat="48.497010" lon="7.029600">
						<ele>472</ele>
						<time>2026-10-03T02:51:33Z</time>
					</trkpt>
					<trkpt lat="48.496900" lon="7.029300">
						<ele>466</ele>
						<time>2026-10-03T02:51:44Z</time>
					</trkpt>
					<trkpt lat="48.496890" lon="7.028940">
						<ele>462</ele>
						<time>2026-10-03T02:51:56Z</time>
					</trkpt>
					<trkpt lat="48.496930" lon="7.028670">
						<ele>460</ele>
						<time>2026-10-03T02:52:05Z</time>
					</trkpt>
					<trkpt lat="48.497130" lon="7.028230">
						<ele>464</ele>
						<time>2026-10-03T02:52:23Z</time>
					</trkpt>
					<trkpt lat="48.497570" lon="7.027870">
						<ele>484</ele>
						<time>2026-10-03T02:52:48Z</time>
					</trkpt>
					<trkpt lat="48.496980" lon="7.027260">
						<ele>464</ele>
						<time>2026-10-03T02:53:24Z</time>
					</trkpt>
					<trkpt lat="48.495850" lon="7.026580">
						<ele>432</ele>
						<time>2026-10-03T02:54:25Z</time>
					</trkpt>
					<trkpt lat="48.495820" lon="7.026110">
						<ele>433</ele>
						<time>2026-10-03T02:54:40Z</time>
					</trkpt>
					<trkpt lat="48.495850" lon="7.025840">
						<ele>436</ele>
						<time>2026-10-03T02:54:50Z</time>
					</trkpt>
					<trkpt lat="48.495920" lon="7.025570">
						<ele>439</ele>
						<time>2026-10-03T02:54:59Z</time>
					</trkpt>
					<trkpt lat="48.495950" lon="7.025420">
						<ele>441</ele>
						<time>2026-10-03T02:55:04Z</time>
					</trkpt>
					<trkpt lat="48.495950" lon="7.025320">
						<ele>441</ele>
						<time>2026-10-03T02:55:08Z</time>
					</trkpt>
					<trkpt lat="48.495300" lon="7.024910">
						<ele>434</ele>
						<time>2026-10-03T02:55:43Z</time>
					</trkpt>
					<trkpt lat="48.494630" lon="7.024130">
						<ele>433</ele>
						<time>2026-10-03T02:56:25Z</time>
					</trkpt>
					<trkpt lat="48.494110" lon="7.022730">
						<ele>431</ele>
						<time>2026-10-03T02:57:19Z</time>
					</trkpt>
					<trkpt lat="48.494100" lon="7.022700">
						<ele>431</ele>
						<time>2026-10-03T02:57:20Z</time>
					</trkpt>
					<trkpt lat="48.494010" lon="7.022120">
						<ele>430</ele>
						<time>2026-10-03T02:57:39Z</time>
					</trkpt>
					<trkpt lat="48.494030" lon="7.021660">
						<ele>430</ele>
						<time>2026-10-03T02:57:55Z</time>
					</trkpt>
					<trkpt lat="48.494180" lon="7.021140">
						<ele>431</ele>
						<time>2026-10-03T02:58:13Z</time>
					</trkpt>
					<trkpt lat="48.494530" lon="7.020560">
						<ele>442</ele>
						<time>2026-10-03T02:58:40Z</time>
					</trkpt>
					<trkpt lat="48.494550" lon="7.020380">
						<ele>444</ele>
						<time>2026-10-03T02:58:46Z</time>
					</trkpt>
					<trkpt lat="48.494520" lon="7.020280">
						<ele>444</ele>
						<time>2026-10-03T02:58:49Z</time>
					</trkpt>
					<trkpt lat="48.494380" lon="7.020220">
						<ele>443</ele>
						<time>2026-10-03T02:58:56Z</time>
					</trkpt>
					<trkpt lat="48.494450" lon="7.020120">
						<ele>445</ele>
						<time>2026-10-03T02:59:01Z</time>
					</trkpt>
					<trkpt lat="48.494500" lon="7.020020">
						<ele>446</ele>
						<time>2026-10-03T02:59:05Z</time>
					</trkpt>
					<trkpt lat="48.494540" lon="7.020030">
						<ele>446</ele>
						<time>2026-10-03T02:59:07Z</time>
					</trkpt>
					<trkpt lat="48.494550" lon="7.019980">
						<ele>447</ele>
						<time>2026-10-03T02:59:09Z</time>
					</trkpt>
					<trkpt lat="48.494500" lon="7.019870">
						<ele>451</ele>
						<time>2026-10-03T02:59:14Z</time>
					</trkpt>
					<trkpt lat="48.494320" lon="7.019810">
						<ele>453</ele>
						<time>2026-10-03T02:59:23Z</time>
					</trkpt>
					<trkpt lat="48.494300" lon="7.019780">
						<ele>454</ele>
						<time>2026-10-03T02:59:24Z</time>
					</trkpt>
					<trkpt lat="48.494330" lon="7.019740">
						<ele>456</ele>
						<time>2026-10-03T02:59:26Z</time>
					</trkpt>
					<trkpt lat="48.494620" lon="7.019660">
						<ele>459</ele>
						<time>2026-10-03T02:59:41Z</time>
					</trkpt>
					<trkpt lat="48.494650" lon="7.019650">
						<ele>460</ele>
						<time>2026-10-03T02:59:43Z</time>
					</trkpt>
					<trkpt lat="48.494630" lon="7.019630">
						<ele>460</ele>
						<time>2026-10-03T02:59:44Z</time>
					</trkpt>
					<trkpt lat="48.494520" lon="7.019630">
						<ele>460</ele>
						<time>2026-10-03T02:59:49Z</time>
					</trkpt>
					<trkpt lat="48.494270" lon="7.019590">
						<ele>462</ele>
						<time>2026-10-03T03:00:02Z</time>
					</trkpt>
					<trkpt lat="48.494080" lon="7.019530">
						<ele>463</ele>
						<time>2026-10-03T03:00:12Z</time>
					</trkpt>
					<trkpt lat="48.494010" lon="7.019560">
						<ele>461</ele>
						<time>2026-10-03T03:00:15Z</time>
					</trkpt>
					<trkpt lat="48.493840" lon="7.019550">
						<ele>458</ele>
						<time>2026-10-03T03:00:24Z</time>
					</trkpt>
					<trkpt lat="48.493640" lon="7.019440">
						<ele>459</ele>
						<time>2026-10-03T03:00:34Z</time>
					</trkpt>
					<trkpt lat="48.493410" lon="7.019280">
						<ele>459</ele>
						<time>2026-10-03T03:00:47Z</time>
					</trkpt>
					<trkpt lat="48.493300" lon="7.019160">
						<ele>460</ele>
						<time>2026-10-03T03:00:54Z</time>
					</trkpt>
					<trkpt lat="48.493060" lon="7.018840">
						<ele>461</ele>
						<time>2026-10-03T03:01:10Z</time>
					</trkpt>
					<trkpt lat="48.492870" lon="7.018460">
						<ele>463</ele>
						<time>2026-10-03T03:01:26Z</time>
					</trkpt>
					<trkpt lat="48.492730" lon="7.018110">
						<ele>464</ele>
						<time>2026-10-03T03:01:39Z</time>
					</trkpt>
					<trkpt lat="48.492720" lon="7.018040">
						<ele>464</ele>
						<time>2026-10-03T03:01:42Z</time>
					</trkpt>
					<trkpt lat="48.492740" lon="7.018050">
						<ele>465</ele>
						<time>2026-10-03T03:01:43Z</time>
					</trkpt>
					<trkpt lat="48.492870" lon="7.018200">
						<ele>468</ele>
						<time>2026-10-03T03:01:51Z</time>
					</trkpt>
					<trkpt lat="48.492990" lon="7.018330">
						<ele>470</ele>
						<time>2026-10-03T03:01:58Z</time>
					</trkpt>
					<trkpt lat="48.493080" lon="7.018420">
						<ele>472</ele>
						<time>2026-10-03T03:02:04Z</time>
					</trkpt>
					<trkpt lat="48.493110" lon="7.018430">
						<ele>473</ele>
						<time>2026-10-03T03:02:05Z</time>
					</trkpt>
					<trkpt lat="48.492940" lon="7.018120">
						<ele>472</ele>
						<time>2026-10-03T03:02:19Z</time>
					</trkpt>
					<trkpt lat="48.492830" lon="7.017720">
						<ele>474</ele>
						<time>2026-10-03T03:02:33Z</time>
					</trkpt>
					<trkpt lat="48.492820" lon="7.017590">
						<ele>476</ele>
						<time>2026-10-03T03:02:37Z</time>
					</trkpt>
					<trkpt lat="48.492770" lon="7.017500">
						<ele>475</ele>
						<time>2026-10-03T03:02:41Z</time>
					</trkpt>
					<trkpt lat="48.492740" lon="7.017180">
						<ele>477</ele>
						<time>2026-10-03T03:02:52Z</time>
					</trkpt>
					<trkpt lat="48.492740" lon="7.017000">
						<ele>479</ele>
						<time>2026-10-03T03:02:58Z</time>
					</trkpt>
					<trkpt lat="48.492750" lon="7.016940">
						<ele>480</ele>
						<time>2026-10-03T03:03:00Z</time>
					</trkpt>
					<trkpt lat="48.492740" lon="7.016830">
						<ele>481</ele>
						<time>2026-10-03T03:03:04Z</time>
					</trkpt>
					<trkpt lat="48.492720" lon="7.016760">
						<ele>480</ele>
						<time>2026-10-03T03:03:06Z</time>
					</trkpt>
					<trkpt lat="48.492760" lon="7.016630">
						<ele>484</ele>
						<time>2026-10-03T03:03:11Z</time>
					</trkpt>
					<trkpt lat="48.492810" lon="7.016590">
						<ele>488</ele>
						<time>2026-10-03T03:03:14Z</time>
					</trkpt>
					<trkpt lat="48.492850" lon="7.016520">
						<ele>491</ele>
						<time>2026-10-03T03:03:17Z</time>
					</trkpt>
					<trkpt lat="48.492850" lon="7.016710">
						<ele>488</ele>
						<time>2026-10-03T03:03:23Z</time>
					</trkpt>
					<trkpt lat="48.492880" lon="7.016910">
						<ele>487</ele>
						<time>2026-10-03T03:03:30Z</time>
					</trkpt>
					<trkpt lat="48.492900" lon="7.016970">
						<ele>487</ele>
						<time>2026-10-03T03:03:32Z</time>
					</trkpt>
					<trkpt lat="48.492880" lon="7.016910">
						<ele>487</ele>
						<time>2026-10-03T03:03:34Z</time>
					</trkpt>
					<trkpt lat="48.492850" lon="7.016710">
						<ele>488</ele>
						<time>2026-10-03T03:03:41Z</time>
					</trkpt>
					<trkpt lat="48.492850" lon="7.016520">
						<ele>491</ele>
						<time>2026-10-03T03:03:47Z</time>
					</trkpt>
					<trkpt lat="48.492850" lon="7.016420">
						<ele>493</ele>
						<time>2026-10-03T03:03:51Z</time>
					</trkpt>
					<trkpt lat="48.492880" lon="7.016280">
						<ele>497</ele>
						<time>2026-10-03T03:03:56Z</time>
					</trkpt>
					<trkpt lat="48.492960" lon="7.016050">
						<ele>505</ele>
						<time>2026-10-03T03:04:04Z</time>
					</trkpt>
					<trkpt lat="48.492950" lon="7.015940">
						<ele>507</ele>
						<time>2026-10-03T03:04:08Z</time>
					</trkpt>
					<trkpt lat="48.492920" lon="7.015880">
						<ele>507</ele>
						<time>2026-10-03T03:04:10Z</time>
					</trkpt>
					<trkpt lat="48.492860" lon="7.015840">
						<ele>505</ele>
						<time>2026-10-03T03:04:14Z</time>
					</trkpt>
					<trkpt lat="48.492820" lon="7.015840">
						<ele>504</ele>
						<time>2026-10-03T03:04:16Z</time>
					</trkpt>
					<trkpt lat="48.492750" lon="7.015740">
						<ele>504</ele>
						<time>2026-10-03T03:04:20Z</time>
					</trkpt>
					<trkpt lat="48.492660" lon="7.015700">
						<ele>502</ele>
						<time>2026-10-03T03:04:25Z</time>
					</trkpt>
					<trkpt lat="48.492700" lon="7.015780">
						<ele>501</ele>
						<time>2026-10-03T03:04:28Z</time>
					</trkpt>
					<trkpt lat="48.492690" lon="7.015810">
						<ele>499</ele>
						<time>2026-10-03T03:04:30Z</time>
					</trkpt>
					<trkpt lat="48.492520" lon="7.015790">
						<ele>493</ele>
						<time>2026-10-03T03:04:38Z</time>
					</trkpt>
					<trkpt lat="48.492400" lon="7.015810">
						<ele>488</ele>
						<time>2026-10-03T03:04:44Z</time>
					</trkpt>
					<trkpt lat="48.492350" lon="7.015830">
						<ele>486</ele>
						<time>2026-10-03T03:04:47Z</time>
					</trkpt>
					<trkpt lat="48.492250" lon="7.015800">
						<ele>484</ele>
						<time>2026-10-03T03:04:52Z</time>
					</trkpt>
					<trkpt lat="48.492220" lon="7.015810">
						<ele>482</ele>
						<time>2026-10-03T03:04:53Z</time>
					</trkpt>
					<trkpt lat="48.491860" lon="7.015600">
						<ele>476</ele>
						<time>2026-10-03T03:05:13Z</time>
					</trkpt>
					<trkpt lat="48.491670" lon="7.015460">
						<ele>474</ele>
						<time>2026-10-03T03:05:23Z</time>
					</trkpt>
					<trkpt lat="48.491520" lon="7.015300">
						<ele>473</ele>
						<time>2026-10-03T03:05:32Z</time>
					</trkpt>
					<trkpt lat="48.491230" lon="7.015090">
						<ele>468</ele>
						<time>2026-10-03T03:05:49Z</time>
					</trkpt>
					<trkpt lat="48.490790" lon="7.014620">
						<ele>464</ele>
						<time>2026-10-03T03:06:16Z</time>
					</trkpt>
					<trkpt lat="48.490620" lon="7.014370">
						<ele>462</ele>
						<time>2026-10-03T03:06:27Z</time>
					</trkpt>
					<trkpt lat="48.490550" lon="7.014310">
						<ele>460</ele>
						<time>2026-10-03T03:06:31Z</time>
					</trkpt>
					<trkpt lat="48.490290" lon="7.013860">
						<ele>456</ele>
						<time>2026-10-03T03:06:51Z</time>
					</trkpt>
					<trkpt lat="48.490130" lon="7.013700">
						<ele>451</ele>
						<time>2026-10-03T03:07:01Z</time>
					</trkpt>
					<trkpt lat="48.490090" lon="7.013650">
						<ele>450</ele>
						<time>2026-10-03T03:07:03Z</time>
					</trkpt>
					<trkpt lat="48.489980" lon="7.013460">
						<ele>448</ele>
						<time>2026-10-03T03:07:12Z</time>
					</trkpt>
					<trkpt lat="48.489850" lon="7.013210">
						<ele>445</ele>
						<time>2026-10-03T03:07:22Z</time>
					</trkpt>
					<trkpt lat="48.489780" lon="7.013120">
						<ele>443</ele>
						<time>2026-10-03T03:07:27Z</time>
					</trkpt>
					<trkpt lat="48.489700" lon="7.012940">
						<ele>441</ele>
						<time>2026-10-03T03:07:34Z</time>
					</trkpt>
					<trkpt lat="48.489600" lon="7.012530">
						<ele>440</ele>
						<time>2026-10-03T03:07:49Z</time>
					</trkpt>
					<trkpt lat="48.489510" lon="7.012160">
						<ele>435</ele>
						<time>2026-10-03T03:08:02Z</time>
					</trkpt>
					<trkpt lat="48.489510" lon="7.011970">
						<ele>434</ele>
						<time>2026-10-03T03:08:08Z</time>
					</trkpt>
					<trkpt lat="48.489510" lon="7.011710">
						<ele>433</ele>
						<time>2026-10-03T03:08:17Z</time>
					</trkpt>
					<trkpt lat="48.489550" lon="7.011450">
						<ele>431</ele>
						<time>2026-10-03T03:08:26Z</time>
					</trkpt>
					<trkpt lat="48.489670" lon="7.011100">
						<ele>430</ele>
						<time>2026-10-03T03:08:39Z</time>
					</trkpt>
					<trkpt lat="48.489850" lon="7.010790">
						<ele>432</ele>
						<time>2026-10-03T03:08:52Z</time>
					</trkpt>
					<trkpt lat="48.489880" lon="7.010660">
						<ele>436</ele>
						<time>2026-10-03T03:08:57Z</time>
					</trkpt>
					<trkpt lat="48.489860" lon="7.010610">
						<ele>436</ele>
						<time>2026-10-03T03:08:59Z</time>
					</trkpt>
					<trkpt lat="48.489880" lon="7.010590">
						<ele>437</ele>
						<time>2026-10-03T03:09:00Z</time>
					</trkpt>
					<trkpt lat="48.489870" lon="7.010370">
						<ele>441</ele>
						<time>2026-10-03T03:09:07Z</time>
					</trkpt>
					<trkpt lat="48.489800" lon="7.010300">
						<ele>442</ele>
						<time>2026-10-03T03:09:11Z</time>
					</trkpt>
					<trkpt lat="48.489660" lon="7.010260">
						<ele>440</ele>
						<time>2026-10-03T03:09:19Z</time>
					</trkpt>
					<trkpt lat="48.489450" lon="7.010270">
						<ele>436</ele>
						<time>2026-10-03T03:09:29Z</time>
					</trkpt>
					<trkpt lat="48.489010" lon="7.010080">
						<ele>431</ele>
						<time>2026-10-03T03:09:52Z</time>
					</trkpt>
					<trkpt lat="48.488510" lon="7.009600">
						<ele>424</ele>
						<time>2026-10-03T03:10:22Z</time>
					</trkpt>
					<trkpt lat="48.488170" lon="7.008340">
						<ele>428</ele>
						<time>2026-10-03T03:11:07Z</time>
					</trkpt>
					<trkpt lat="48.488170" lon="7.007940">
						<ele>429</ele>
						<time>2026-10-03T03:11:20Z</time>
					</trkpt>
					<trkpt lat="48.488110" lon="7.007440">
						<ele>430</ele>
						<time>2026-10-03T03:11:37Z</time>
					</trkpt>
					<trkpt lat="48.488110" lon="7.007210">
						<ele>432</ele>
						<time>2026-10-03T03:11:45Z</time>
					</trkpt>
					<trkpt lat="48.488040" lon="7.007040">
						<ele>432</ele>
						<time>2026-10-03T03:11:51Z</time>
					</trkpt>
					<trkpt lat="48.487850" lon="7.006910">
						<ele>429</ele>
						<time>2026-10-03T03:12:02Z</time>
					</trkpt>
					<trkpt lat="48.487530" lon="7.006720">
						<ele>425</ele>
						<time>2026-10-03T03:12:19Z</time>
					</trkpt>
					<trkpt lat="48.487270" lon="7.006590">
						<ele>424</ele>
						<time>2026-10-03T03:12:33Z</time>
					</trkpt>
					<trkpt lat="48.487050" lon="7.006340">
						<ele>427</ele>
						<time>2026-10-03T03:12:46Z</time>
					</trkpt>
					<trkpt lat="48.486800" lon="7.005800">
						<ele>435</ele>
						<time>2026-10-03T03:13:08Z</time>
					</trkpt>
					<trkpt lat="48.486560" lon="7.005120">
						<ele>449</ele>
						<time>2026-10-03T03:13:34Z</time>
					</trkpt>
					<trkpt lat="48.486480" lon="7.004490">
						<ele>457</ele>
						<time>2026-10-03T03:13:55Z</time>
					</trkpt>
					<trkpt lat="48.486510" lon="7.003450">
						<ele>470</ele>
						<time>2026-10-03T03:14:30Z</time>
					</trkpt>
					<trkpt lat="48.486590" lon="7.000510">
						<ele>490</ele>
						<time>2026-10-03T03:16:07Z</time>
					</trkpt>
					<trkpt lat="48.486680" lon="6.999850">
						<ele>495</ele>
						<time>2026-10-03T03:16:29Z</time>
					</trkpt>
					<trkpt lat="48.486760" lon="6.999620">
						<ele>493</ele>
						<time>2026-10-03T03:16:38Z</time>
					</trkpt>
					<trkpt lat="48.486930" lon="6.999460">
						<ele>493</ele>
						<time>2026-10-03T03:16:48Z</time>
					</trkpt>
					<trkpt lat="48.487140" lon="6.999490">
						<ele>494</ele>
						<time>2026-10-03T03:16:59Z</time>
					</trkpt>
					<trkpt lat="48.487290" lon="6.999940">
						<ele>500</ele>
						<time>2026-10-03T03:17:15Z</time>
					</trkpt>
					<trkpt lat="48.487470" lon="7.000720">
						<ele>513</ele>
						<time>2026-10-03T03:17:43Z</time>
					</trkpt>
					<trkpt lat="48.487690" lon="7.001290">
						<ele>521</ele>
						<time>2026-10-03T03:18:05Z</time>
					</trkpt>
					<trkpt lat="48.488200" lon="7.001930">
						<ele>531</ele>
						<time>2026-10-03T03:18:38Z</time>
					</trkpt>
					<trkpt lat="48.489150" lon="7.002530">
						<ele>545</ele>
						<time>2026-10-03T03:19:29Z</time>
					</trkpt>
					<trkpt lat="48.489590" lon="7.002590">
						<ele>554</ele>
						<time>2026-10-03T03:19:51Z</time>
					</trkpt>
					<trkpt lat="48.489910" lon="7.002310">
						<ele>558</ele>
						<time>2026-10-03T03:20:10Z</time>
					</trkpt>
					<trkpt lat="48.490390" lon="7.001440">
						<ele>562</ele>
						<time>2026-10-03T03:20:48Z</time>
					</trkpt>
					<trkpt lat="48.490500" lon="7.001250">
						<ele>562</ele>
						<time>2026-10-03T03:20:56Z</time>
					</trkpt>
					<trkpt lat="48.491110" lon="7.000510">
						<ele>568</ele>
						<time>2026-10-03T03:21:35Z</time>
					</trkpt>
					<trkpt lat="48.491190" lon="7.000340">
						<ele>567</ele>
						<time>2026-10-03T03:21:42Z</time>
					</trkpt>
					<trkpt lat="48.491370" lon="7.000060">
						<ele>565</ele>
						<time>2026-10-03T03:21:55Z</time>
					</trkpt>
					<trkpt lat="48.491740" lon="6.999940">
						<ele>566</ele>
						<time>2026-10-03T03:22:14Z</time>
					</trkpt>
					<trkpt lat="48.492730" lon="7.000030">
						<ele>568</ele>
						<time>2026-10-03T03:23:03Z</time>
					</trkpt>
					<trkpt lat="48.493460" lon="7.000260">
						<ele>571</ele>
						<time>2026-10-03T03:23:41Z</time>
					</trkpt>
					<trkpt lat="48.493350" lon="6.999690">
						<ele>557</ele>
						<time>2026-10-03T03:24:00Z</time>
					</trkpt>
					<trkpt lat="48.493160" lon="6.999080">
						<ele>543</ele>
						<time>2026-10-03T03:24:23Z</time>
					</trkpt>
					<trkpt lat="48.492720" lon="6.998180">
						<ele>518</ele>
						<time>2026-10-03T03:25:00Z</time>
					</trkpt>
					<trkpt lat="48.490560" lon="6.995980">
						<ele>444</ele>
						<time>2026-10-03T03:27:10Z</time>
					</trkpt>
					<trkpt lat="48.490110" lon="6.995540">
						<ele>429</ele>
						<time>2026-10-03T03:27:37Z</time>
					</trkpt>
					<trkpt lat="48.489900" lon="6.995490">
						<ele>426</ele>
						<time>2026-10-03T03:27:48Z</time>
					</trkpt>
					<trkpt lat="48.489710" lon="6.995530">
						<ele>425</ele>
						<time>2026-10-03T03:27:57Z</time>
					</trkpt>
					<trkpt lat="48.489260" lon="6.995880">
						<ele>419</ele>
						<time>2026-10-03T03:28:23Z</time>
					</trkpt>
					<trkpt lat="48.488650" lon="6.996080">
						<ele>413</ele>
						<time>2026-10-03T03:28:54Z</time>
					</trkpt>
					<trkpt lat="48.488340" lon="6.996150">
						<ele>408</ele>
						<time>2026-10-03T03:29:10Z</time>
					</trkpt>
					<trkpt lat="48.488210" lon="6.995970">
						<ele>405</ele>
						<time>2026-10-03T03:29:19Z</time>
					</trkpt>
					<trkpt lat="48.487860" lon="6.995560">
						<ele>403</ele>
						<time>2026-10-03T03:29:41Z</time>
					</trkpt>
					<trkpt lat="48.487490" lon="6.995330">
						<ele>400</ele>
						<time>2026-10-03T03:30:01Z</time>
					</trkpt>
					<trkpt lat="48.487010" lon="6.994770">
						<ele>403</ele>
						<time>2026-10-03T03:30:31Z</time>
					</trkpt>
					<trkpt lat="48.486550" lon="6.994490">
						<ele>406</ele>
						<time>2026-10-03T03:30:56Z</time>
					</trkpt>
					<trkpt lat="48.486140" lon="6.994150">
						<ele>411</ele>
						<time>2026-10-03T03:31:19Z</time>
					</trkpt>
					<trkpt lat="48.485920" lon="6.994100">
						<ele>410</ele>
						<time>2026-10-03T03:31:30Z</time>
					</trkpt>
					<trkpt lat="48.485670" lon="6.994030">
						<ele>409</ele>
						<time>2026-10-03T03:31:43Z</time>
					</trkpt>
					<trkpt lat="48.485050" lon="6.993920">
						<ele>410</ele>
						<time>2026-10-03T03:32:14Z</time>
					</trkpt>
					<trkpt lat="48.484930" lon="6.993820">
						<ele>412</ele>
						<time>2026-10-03T03:32:21Z</time>
					</trkpt>
					<trkpt lat="48.484800" lon="6.993720">
						<ele>411</ele>
						<time>2026-10-03T03:32:29Z</time>
					</trkpt>
					<trkpt lat="48.484660" lon="6.993560">
						<ele>412</ele>
						<time>2026-10-03T03:32:37Z</time>
					</trkpt>
					<trkpt lat="48.484580" lon="6.993350">
						<ele>416</ele>
						<time>2026-10-03T03:32:45Z</time>
					</trkpt>
					<trkpt lat="48.483750" lon="6.992320">
						<ele>407</ele>
						<time>2026-10-03T03:33:39Z</time>
					</trkpt>
					<trkpt lat="48.483120" lon="6.990620">
						<ele>397</ele>
						<time>2026-10-03T03:34:44Z</time>
					</trkpt>
					<trkpt lat="48.483060" lon="6.990160">
						<ele>398</ele>
						<time>2026-10-03T03:34:59Z</time>
					</trkpt>
					<trkpt lat="48.482910" lon="6.988640">
						<ele>396</ele>
						<time>2026-10-03T03:35:50Z</time>
					</trkpt>
					<trkpt lat="48.482900" lon="6.988360">
						<ele>396</ele>
						<time>2026-10-03T03:36:00Z</time>
					</trkpt>
					<trkpt lat="48.482900" lon="6.988240">
						<ele>395</ele>
						<time>2026-10-03T03:36:04Z</time>
					</trkpt>
					<trkpt lat="48.482920" lon="6.987940">
						<ele>394</ele>
						<time>2026-10-03T03:36:14Z</time>
					</trkpt>
					<trkpt lat="48.483040" lon="6.987700">
						<ele>394</ele>
						<time>2026-10-03T03:36:24Z</time>
					</trkpt>
					<trkpt lat="48.483260" lon="6.987530">
						<ele>398</ele>
						<time>2026-10-03T03:36:36Z</time>
					</trkpt>
					<trkpt lat="48.483310" lon="6.987350">
						<ele>399</ele>
						<time>2026-10-03T03:36:42Z</time>
					</trkpt>
					<trkpt lat="48.483210" lon="6.987150">
						<ele>397</ele>
						<time>2026-10-03T03:36:51Z</time>
					</trkpt>
					<trkpt lat="48.482820" lon="6.986750">
						<ele>389</ele>
						<time>2026-10-03T03:37:14Z</time>
					</trkpt>
					<trkpt lat="48.482670" lon="6.986510">
						<ele>388</ele>
						<time>2026-10-03T03:37:25Z</time>
					</trkpt>
					<trkpt lat="48.482350" lon="6.985970">
						<ele>386</ele>
						<time>2026-10-03T03:37:49Z</time>
					</trkpt>
					<trkpt lat="48.481980" lon="6.984840">
						<ele>385</ele>
						<time>2026-10-03T03:38:31Z</time>
					</trkpt>
					<trkpt lat="48.481750" lon="6.983300">
						<ele>383</ele>
						<time>2026-10-03T03:39:23Z</time>
					</trkpt>
					<trkpt lat="48.481780" lon="6.982850">
						<ele>382</ele>
						<time>2026-10-03T03:39:38Z</time>
					</trkpt>
					<trkpt lat="48.481930" lon="6.982260">
						<ele>383</ele>
						<time>2026-10-03T03:39:59Z</time>
					</trkpt>
					<trkpt lat="48.482000" lon="6.982120">
						<ele>384</ele>
						<time>2026-10-03T03:40:05Z</time>
					</trkpt>
					<trkpt lat="48.482160" lon="6.981820">
						<ele>384</ele>
						<time>2026-10-03T03:40:18Z</time>
					</trkpt>
					<trkpt lat="48.482390" lon="6.981620">
						<ele>386</ele>
						<time>2026-10-03T03:40:31Z</time>
					</trkpt>
					<trkpt lat="48.482790" lon="6.981370">
						<ele>389</ele>
						<time>2026-10-03T03:40:53Z</time>
					</trkpt>
					<trkpt lat="48.483330" lon="6.980780">
						<ele>379</ele>
						<time>2026-10-03T03:41:26Z</time>
					</trkpt>
					<trkpt lat="48.483660" lon="6.980440">
						<ele>381</ele>
						<time>2026-10-03T03:41:46Z</time>
					</trkpt>
					<trkpt lat="48.483920" lon="6.980230">
						<ele>380</ele>
						<time>2026-10-03T03:42:01Z</time>
					</trkpt>
					<trkpt lat="48.484140" lon="6.980090">
						<ele>378</ele>
						<time>2026-10-03T03:42:13Z</time>
					</trkpt>
					<trkpt lat="48.484190" lon="6.979880">
						<ele>379</ele>
						<time>2026-10-03T03:42:20Z</time>
					</trkpt>
					<trkpt lat="48.484050" lon="6.979890">
						<ele>378</ele>
						<time>2026-10-03T03:42:27Z</time>
					</trkpt>
					<trkpt lat="48.483900" lon="6.979840">
						<ele>380</ele>
						<time>2026-10-03T03:42:35Z</time>
					</trkpt>
					<trkpt lat="48.483560" lon="6.979690">
						<ele>382</ele>
						<time>2026-10-03T03:42:53Z</time>
					</trkpt>
					<trkpt lat="48.483050" lon="6.979610">
						<ele>384</ele>
						<time>2026-10-03T03:43:19Z</time>
					</trkpt>
					<trkpt lat="48.482650" lon="6.979690">
						<ele>384</ele>
						<time>2026-10-03T03:43:39Z</time>
					</trkpt>
					<trkpt lat="48.482060" lon="6.979970">
						<ele>381</ele>
						<time>2026-10-03T03:44:10Z</time>
					</trkpt>
					<trkpt lat="48.482580" lon="6.979270">
						<ele>392</ele>
						<time>2026-10-03T03:44:45Z</time>
					</trkpt>
					<trkpt lat="48.483700" lon="6.978840">
						<ele>406</ele>
						<time>2026-10-03T03:45:42Z</time>
					</trkpt>
					<trkpt lat="48.484150" lon="6.978800">
						<ele>412</ele>
						<time>2026-10-03T03:46:05Z</time>
					</trkpt>
					<trkpt lat="48.484550" lon="6.978810">
						<ele>412</ele>
						<time>2026-10-03T03:46:25Z</time>
					</trkpt>
					<trkpt lat="48.484800" lon="6.978620">
						<ele>419</ele>
						<time>2026-10-03T03:46:39Z</time>
					</trkpt>
					<trkpt lat="48.485290" lon="6.977450">
						<ele>465</ele>
						<time>2026-10-03T03:47:25Z</time>
					</trkpt>
					<trkpt lat="48.486370" lon="6.976830">
						<ele>467</ele>
						<time>2026-10-03T03:48:23Z</time>
					</trkpt>
					<trkpt lat="48.486800" lon="6.976300">
						<ele>475</ele>
						<time>2026-10-03T03:48:50Z</time>
					</trkpt>
					<trkpt lat="48.487110" lon="6.975600">
						<ele>484</ele>
						<time>2026-10-03T03:49:18Z</time>
					</trkpt>
					<trkpt lat="48.487270" lon="6.974920">
						<ele>492</ele>
						<time>2026-10-03T03:49:42Z</time>
					</trkpt>
					<trkpt lat="48.487310" lon="6.974010">
						<ele>506</ele>
						<time>2026-10-03T03:50:13Z</time>
					</trkpt>
					<trkpt lat="48.487320" lon="6.973430">
						<ele>518</ele>
						<time>2026-10-03T03:50:32Z</time>
					</trkpt>
					<trkpt lat="48.487370" lon="6.973310">
						<ele>519</ele>
						<time>2026-10-03T03:50:37Z</time>
					</trkpt>
					<trkpt lat="48.487510" lon="6.973310">
						<ele>515</ele>
						<time>2026-10-03T03:50:44Z</time>
					</trkpt>
					<trkpt lat="48.487830" lon="6.973450">
						<ele>517</ele>
						<time>2026-10-03T03:51:00Z</time>
					</trkpt>
					<trkpt lat="48.488210" lon="6.973740">
						<ele>518</ele>
						<time>2026-10-03T03:51:22Z</time>
					</trkpt>
					<trkpt lat="48.489100" lon="6.974400">
						<ele>524</ele>
						<time>2026-10-03T03:52:11Z</time>
					</trkpt>
					<trkpt lat="48.488850" lon="6.973940">
						<ele>527</ele>
						<time>2026-10-03T03:52:31Z</time>
					</trkpt>
					<trkpt lat="48.488510" lon="6.973560">
						<ele>527</ele>
						<time>2026-10-03T03:52:52Z</time>
					</trkpt>
					<trkpt lat="48.488170" lon="6.972770">
						<ele>534</ele>
						<time>2026-10-03T03:53:23Z</time>
					</trkpt>
					<trkpt lat="48.487700" lon="6.972120">
						<ele>542</ele>
						<time>2026-10-03T03:53:55Z</time>
					</trkpt>
					<trkpt lat="48.487320" lon="6.972080">
						<ele>546</ele>
						<time>2026-10-03T03:54:14Z</time>
					</trkpt>
					<trkpt lat="48.486830" lon="6.972350">
						<ele>551</ele>
						<time>2026-10-03T03:54:40Z</time>
					</trkpt>
					<trkpt lat="48.486560" lon="6.972740">
						<ele>551</ele>
						<time>2026-10-03T03:54:59Z</time>
					</trkpt>
					<trkpt lat="48.486220" lon="6.973740">
						<ele>552</ele>
						<time>2026-10-03T03:55:36Z</time>
					</trkpt>
					<trkpt lat="48.486100" lon="6.974570">
						<ele>541</ele>
						<time>2026-10-03T03:56:05Z</time>
					</trkpt>
					<trkpt lat="48.485640" lon="6.974950">
						<ele>545</ele>
						<time>2026-10-03T03:56:31Z</time>
					</trkpt>
					<trkpt lat="48.484890" lon="6.974930">
						<ele>553</ele>
						<time>2026-10-03T03:57:08Z</time>
					</trkpt>
					<trkpt lat="48.484240" lon="6.975220">
						<ele>547</ele>
						<time>2026-10-03T03:57:42Z</time>
					</trkpt>
					<trkpt lat="48.483980" lon="6.974860">
						<ele>546</ele>
						<time>2026-10-03T03:58:00Z</time>
					</trkpt>
					<trkpt lat="48.484110" lon="6.973950">
						<ele>546</ele>
						<time>2026-10-03T03:58:31Z</time>
					</trkpt>
					<trkpt lat="48.484270" lon="6.972820">
						<ele>543</ele>
						<time>2026-10-03T03:59:09Z</time>
					</trkpt>
					<trkpt lat="48.483510" lon="6.971980">
						<ele>507</ele>
						<time>2026-10-03T03:59:56Z</time>
					</trkpt>
					<trkpt lat="48.482120" lon="6.970690">
						<ele>472</ele>
						<time>2026-10-03T04:01:18Z</time>
					</trkpt>
					<trkpt lat="48.481620" lon="6.969910">
						<ele>471</ele>
						<time>2026-10-03T04:01:54Z</time>
					</trkpt>
					<trkpt lat="48.482030" lon="6.969620">
						<ele>470</ele>
						<time>2026-10-03T04:02:17Z</time>
					</trkpt>
					<trkpt lat="48.482610" lon="6.970020">
						<ele>476</ele>
						<time>2026-10-03T04:02:48Z</time>
					</trkpt>
					<trkpt lat="48.482870" lon="6.970000">
						<ele>481</ele>
						<time>2026-10-03T04:03:01Z</time>
					</trkpt>
					<trkpt lat="48.483200" lon="6.968730">
						<ele>479</ele>
						<time>2026-10-03T04:03:47Z</time>
					</trkpt>
					<trkpt lat="48.483580" lon="6.967300">
						<ele>482</ele>
						<time>2026-10-03T04:04:38Z</time>
					</trkpt>
					<trkpt lat="48.484200" lon="6.966210">
						<ele>491</ele>
						<time>2026-10-03T04:05:25Z</time>
					</trkpt>
					<trkpt lat="48.484740" lon="6.965580">
						<ele>494</ele>
						<time>2026-10-03T04:06:00Z</time>
					</trkpt>
					<trkpt lat="48.485170" lon="6.965500">
						<ele>499</ele>
						<time>2026-10-03T04:06:21Z</time>
					</trkpt>
					<trkpt lat="48.485780" lon="6.965520">
						<ele>506</ele>
						<time>2026-10-03T04:06:52Z</time>
					</trkpt>
					<trkpt lat="48.486110" lon="6.965330">
						<ele>508</ele>
						<time>2026-10-03T04:07:10Z</time>
					</trkpt>
					<trkpt lat="48.486630" lon="6.964680">
						<ele>509</ele>
						<time>2026-10-03T04:07:43Z</time>
					</trkpt>
					<trkpt lat="48.486920" lon="6.964360">
						<ele>509</ele>
						<time>2026-10-03T04:08:01Z</time>
					</trkpt>
					<trkpt lat="48.487020" lon="6.964270">
						<ele>509</ele>
						<time>2026-10-03T04:08:07Z</time>
					</trkpt>
					<trkpt lat="48.486990" lon="6.963520">
						<ele>504</ele>
						<time>2026-10-03T04:08:32Z</time>
					</trkpt>
					<trkpt lat="48.487010" lon="6.963280">
						<ele>502</ele>
						<time>2026-10-03T04:08:40Z</time>
					</trkpt>
					<trkpt lat="48.487100" lon="6.963330">
						<ele>504</ele>
						<time>2026-10-03T04:08:45Z</time>
					</trkpt>
					<trkpt lat="48.487160" lon="6.963390">
						<ele>506</ele>
						<time>2026-10-03T04:08:48Z</time>
					</trkpt>
					<trkpt lat="48.487240" lon="6.963330">
						<ele>507</ele>
						<time>2026-10-03T04:08:53Z</time>
					</trkpt>
					<trkpt lat="48.487290" lon="6.963130">
						<ele>506</ele>
						<time>2026-10-03T04:09:00Z</time>
					</trkpt>
					<trkpt lat="48.487300" lon="6.963080">
						<ele>505</ele>
						<time>2026-10-03T04:09:02Z</time>
					</trkpt>
					<trkpt lat="48.487320" lon="6.962860">
						<ele>504</ele>
						<time>2026-10-03T04:09:09Z</time>
					</trkpt>
					<trkpt lat="48.487310" lon="6.962490">
						<ele>500</ele>
						<time>2026-10-03T04:09:21Z</time>
					</trkpt>
					<trkpt lat="48.487290" lon="6.962390">
						<ele>498</ele>
						<time>2026-10-03T04:09:25Z</time>
					</trkpt>
					<trkpt lat="48.487290" lon="6.962260">
						<ele>495</ele>
						<time>2026-10-03T04:09:29Z</time>
					</trkpt>
					<trkpt lat="48.487420" lon="6.962180">
						<ele>497</ele>
						<time>2026-10-03T04:09:36Z</time>
					</trkpt>
					<trkpt lat="48.487440" lon="6.962150">
						<ele>497</ele>
						<time>2026-10-03T04:09:38Z</time>
					</trkpt>
					<trkpt lat="48.487450" lon="6.962080">
						<ele>496</ele>
						<time>2026-10-03T04:09:40Z</time>
					</trkpt>
					<trkpt lat="48.487490" lon="6.962060">
						<ele>496</ele>
						<time>2026-10-03T04:09:42Z</time>
					</trkpt>
					<trkpt lat="48.487510" lon="6.962090">
						<ele>497</ele>
						<time>2026-10-03T04:09:44Z</time>
					</trkpt>
					<trkpt lat="48.487630" lon="6.962010">
						<ele>498</ele>
						<time>2026-10-03T04:09:50Z</time>
					</trkpt>
					<trkpt lat="48.487670" lon="6.962010">
						<ele>498</ele>
						<time>2026-10-03T04:09:52Z</time>
					</trkpt>
					<trkpt lat="48.487700" lon="6.961930">
						<ele>498</ele>
						<time>2026-10-03T04:09:55Z</time>
					</trkpt>
					<trkpt lat="48.487750" lon="6.961890">
						<ele>498</ele>
						<time>2026-10-03T04:09:58Z</time>
					</trkpt>
					<trkpt lat="48.487770" lon="6.961840">
						<ele>498</ele>
						<time>2026-10-03T04:10:00Z</time>
					</trkpt>
					<trkpt lat="48.487870" lon="6.961830">
						<ele>499</ele>
						<time>2026-10-03T04:10:05Z</time>
					</trkpt>
					<trkpt lat="48.487890" lon="6.961840">
						<ele>500</ele>
						<time>2026-10-03T04:10:06Z</time>
					</trkpt>
					<trkpt lat="48.487950" lon="6.961800">
						<ele>500</ele>
						<time>2026-10-03T04:10:09Z</time>
					</trkpt>
					<trkpt lat="48.488000" lon="6.961840">
						<ele>502</ele>
						<time>2026-10-03T04:10:12Z</time>
					</trkpt>
					<trkpt lat="48.487990" lon="6.961870">
						<ele>502</ele>
						<time>2026-10-03T04:10:13Z</time>
					</trkpt>
					<trkpt lat="48.488060" lon="6.961910">
						<ele>503</ele>
						<time>2026-10-03T04:10:17Z</time>
					</trkpt>
					<trkpt lat="48.488120" lon="6.961960">
						<ele>505</ele>
						<time>2026-10-03T04:10:20Z</time>
					</trkpt>
					<trkpt lat="48.488140" lon="6.961910">
						<ele>505</ele>
						<time>2026-10-03T04:10:22Z</time>
					</trkpt>
					<trkpt lat="48.488230" lon="6.961860">
						<ele>506</ele>
						<time>2026-10-03T04:10:27Z</time>
					</trkpt>
					<trkpt lat="48.488300" lon="6.961760">
						<ele>506</ele>
						<time>2026-10-03T04:10:32Z</time>
					</trkpt>
					<trkpt lat="48.488340" lon="6.961590">
						<ele>505</ele>
						<time>2026-10-03T04:10:38Z</time>
					</trkpt>
					<trkpt lat="48.488370" lon="6.961590">
						<ele>506</ele>
						<time>2026-10-03T04:10:39Z</time>
					</trkpt>
					<trkpt lat="48.488400" lon="6.961630">
						<ele>507</ele>
						<time>2026-10-03T04:10:41Z</time>
					</trkpt>
					<trkpt lat="48.488550" lon="6.961710">
						<ele>510</ele>
						<time>2026-10-03T04:10:49Z</time>
					</trkpt>
					<trkpt lat="48.488550" lon="6.961580">
						<ele>508</ele>
						<time>2026-10-03T04:10:54Z</time>
					</trkpt>
					<trkpt lat="48.488520" lon="6.961310">
						<ele>505</ele>
						<time>2026-10-03T04:11:03Z</time>
					</trkpt>
					<trkpt lat="48.488550" lon="6.960910">
						<ele>501</ele>
						<time>2026-10-03T04:11:16Z</time>
					</trkpt>
					<trkpt lat="48.488620" lon="6.960600">
						<ele>501</ele>
						<time>2026-10-03T04:11:27Z</time>
					</trkpt>
					<trkpt lat="48.488660" lon="6.960440">
						<ele>502</ele>
						<time>2026-10-03T04:11:33Z</time>
					</trkpt>
					<trkpt lat="48.488670" lon="6.960200">
						<ele>501</ele>
						<time>2026-10-03T04:11:41Z</time>
					</trkpt>
					<trkpt lat="48.488630" lon="6.959950">
						<ele>500</ele>
						<time>2026-10-03T04:11:49Z</time>
					</trkpt>
					<trkpt lat="48.488580" lon="6.959850">
						<ele>499</ele>
						<time>2026-10-03T04:11:53Z</time>
					</trkpt>
					<trkpt lat="48.488240" lon="6.959230">
						<ele>492</ele>
						<time>2026-10-03T04:12:20Z</time>
					</trkpt>
					<trkpt lat="48.487990" lon="6.958930">
						<ele>487</ele>
						<time>2026-10-03T04:12:36Z</time>
					</trkpt>
					<trkpt lat="48.487930" lon="6.958890">
						<ele>486</ele>
						<time>2026-10-03T04:12:39Z</time>
					</trkpt>
					<trkpt lat="48.487710" lon="6.958760">
						<ele>481</ele>
						<time>2026-10-03T04:12:51Z</time>
					</trkpt>
					<trkpt lat="48.486970" lon="6.958500">
						<ele>472</ele>
						<time>2026-10-03T04:13:29Z</time>
					</trkpt>
					<trkpt lat="48.486730" lon="6.958410">
						<ele>471</ele>
						<time>2026-10-03T04:13:42Z</time>
					</trkpt>
					<trkpt lat="48.486380" lon="6.958220">
						<ele>469</ele>
						<time>2026-10-03T04:14:00Z</time>
					</trkpt>
					<trkpt lat="48.486140" lon="6.958140">
						<ele>466</ele>
						<time>2026-10-03T04:14:12Z</time>
					</trkpt>
					<trkpt lat="48.485970" lon="6.958080">
						<ele>465</ele>
						<time>2026-10-03T04:14:21Z</time>
					</trkpt>
					<trkpt lat="48.485810" lon="6.957960">
						<ele>464</ele>
						<time>2026-10-03T04:14:30Z</time>
					</trkpt>
					<trkpt lat="48.485710" lon="6.957830">
						<ele>464</ele>
						<time>2026-10-03T04:14:37Z</time>
					</trkpt>
					<trkpt lat="48.485420" lon="6.957480">
						<ele>465</ele>
						<time>2026-10-03T04:14:55Z</time>
					</trkpt>
					<trkpt lat="48.485260" lon="6.957340">
						<ele>463</ele>
						<time>2026-10-03T04:15:05Z</time>
					</trkpt>
					<trkpt lat="48.485070" lon="6.957320">
						<ele>461</ele>
						<time>2026-10-03T04:15:14Z</time>
					</trkpt>
					<trkpt lat="48.484880" lon="6.957260">
						<ele>458</ele>
						<time>2026-10-03T04:15:24Z</time>
					</trkpt>
					<trkpt lat="48.484690" lon="6.957160">
						<ele>456</ele>
						<time>2026-10-03T04:15:34Z</time>
					</trkpt>
					<trkpt lat="48.484540" lon="6.957050">
						<ele>455</ele>
						<time>2026-10-03T04:15:42Z</time>
					</trkpt>
					<trkpt lat="48.484290" lon="6.956830">
						<ele>454</ele>
						<time>2026-10-03T04:15:57Z</time>
					</trkpt>
					<trkpt lat="48.483820" lon="6.956270">
						<ele>453</ele>
						<time>2026-10-03T04:16:27Z</time>
					</trkpt>
					<trkpt lat="48.483620" lon="6.956090">
						<ele>455</ele>
						<time>2026-10-03T04:16:38Z</time>
					</trkpt>
					<trkpt lat="48.483420" lon="6.955930">
						<ele>458</ele>
						<time>2026-10-03T04:16:50Z</time>
					</trkpt>
					<trkpt lat="48.483220" lon="6.955830">
						<ele>460</ele>
						<time>2026-10-03T04:17:00Z</time>
					</trkpt>
					<trkpt lat="48.483020" lon="6.955770">
						<ele>461</ele>
						<time>2026-10-03T04:17:10Z</time>
					</trkpt>
					<trkpt lat="48.482890" lon="6.955750">
						<ele>461</ele>
						<time>2026-10-03T04:17:17Z</time>
					</trkpt>
					<trkpt lat="48.482630" lon="6.955790">
						<ele>459</ele>
						<time>2026-10-03T04:17:30Z</time>
					</trkpt>
					<trkpt lat="48.482500" lon="6.955780">
						<ele>459</ele>
						<time>2026-10-03T04:17:37Z</time>
					</trkpt>
					<trkpt lat="48.482380" lon="6.955760">
						<ele>458</ele>
						<time>2026-10-03T04:17:43Z</time>
					</trkpt>
					<trkpt lat="48.482180" lon="6.955690">
						<ele>456</ele>
						<time>2026-10-03T04:17:53Z</time>
					</trkpt>
					<trkpt lat="48.482140" lon="6.955670">
						<ele>456</ele>
						<time>2026-10-03T04:17:55Z</time>
					</trkpt>
					<trkpt lat="48.482040" lon="6.955560">
						<ele>457</ele>
						<time>2026-10-03T04:18:01Z</time>
					</trkpt>
					<trkpt lat="48.481960" lon="6.955420">
						<ele>460</ele>
						<time>2026-10-03T04:18:07Z</time>
					</trkpt>
					<trkpt lat="48.481790" lon="6.954990">
						<ele>469</ele>
						<time>2026-10-03T04:18:24Z</time>
					</trkpt>
					<trkpt lat="48.481710" lon="6.954880">
						<ele>471</ele>
						<time>2026-10-03T04:18:29Z</time>
					</trkpt>
					<trkpt lat="48.481650" lon="6.954830">
						<ele>473</ele>
						<time>2026-10-03T04:18:33Z</time>
					</trkpt>
					<trkpt lat="48.481560" lon="6.954810">
						<ele>475</ele>
						<time>2026-10-03T04:18:37Z</time>
					</trkpt>
					<trkpt lat="48.481450" lon="6.954820">
						<ele>476</ele>
						<time>2026-10-03T04:18:43Z</time>
					</trkpt>
					<trkpt lat="48.481360" lon="6.954850">
						<ele>477</ele>
						<time>2026-10-03T04:18:47Z</time>
					</trkpt>
					<trkpt lat="48.481270" lon="6.954930">
						<ele>477</ele>
						<time>2026-10-03T04:18:53Z</time>
					</trkpt>
					<trkpt lat="48.481130" lon="6.955280">
						<ele>471</ele>
						<time>2026-10-03T04:19:06Z</time>
					</trkpt>
					<trkpt lat="48.481050" lon="6.955440">
						<ele>469</ele>
						<time>2026-10-03T04:19:13Z</time>
					</trkpt>
					<trkpt lat="48.480950" lon="6.955740">
						<ele>466</ele>
						<time>2026-10-03T04:19:24Z</time>
					</trkpt>
					<trkpt lat="48.480880" lon="6.956200">
						<ele>460</ele>
						<time>2026-10-03T04:19:40Z</time>
					</trkpt>
					<trkpt lat="48.480870" lon="6.956430">
						<ele>456</ele>
						<time>2026-10-03T04:19:47Z</time>
					</trkpt>
					<trkpt lat="48.480790" lon="6.956980">
						<ele>454</ele>
						<time>2026-10-03T04:20:06Z</time>
					</trkpt>
					<trkpt lat="48.480790" lon="6.957180">
						<ele>453</ele>
						<time>2026-10-03T04:20:13Z</time>
					</trkpt>
					<trkpt lat="48.480790" lon="6.957420">
						<ele>452</ele>
						<time>2026-10-03T04:20:21Z</time>
					</trkpt>
					<trkpt lat="48.480830" lon="6.957770">
						<ele>448</ele>
						<time>2026-10-03T04:20:32Z</time>
					</trkpt>
					<trkpt lat="48.480830" lon="6.957960">
						<ele>447</ele>
						<time>2026-10-03T04:20:39Z</time>
					</trkpt>
					<trkpt lat="48.480820" lon="6.958140">
						<ele>446</ele>
						<time>2026-10-03T04:20:45Z</time>
					</trkpt>
					<trkpt lat="48.480790" lon="6.958290">
						<ele>446</ele>
						<time>2026-10-03T04:20:50Z</time>
					</trkpt>
					<trkpt lat="48.480740" lon="6.958380">
						<ele>445</ele>
						<time>2026-10-03T04:20:54Z</time>
					</trkpt>
					<trkpt lat="48.480710" lon="6.958400">
						<ele>445</ele>
						<time>2026-10-03T04:20:55Z</time>
					</trkpt>
					<trkpt lat="48.480660" lon="6.958440">
						<ele>445</ele>
						<time>2026-10-03T04:20:58Z</time>
					</trkpt>
					<trkpt lat="48.480530" lon="6.958470">
						<ele>447</ele>
						<time>2026-10-03T04:21:05Z</time>
					</trkpt>
					<trkpt lat="48.480240" lon="6.958400">
						<ele>453</ele>
						<time>2026-10-03T04:21:19Z</time>
					</trkpt>
					<trkpt lat="48.480150" lon="6.958370">
						<ele>455</ele>
						<time>2026-10-03T04:21:24Z</time>
					</trkpt>
					<trkpt lat="48.480060" lon="6.958360">
						<ele>456</ele>
						<time>2026-10-03T04:21:29Z</time>
					</trkpt>
					<trkpt lat="48.479860" lon="6.958390">
						<ele>459</ele>
						<time>2026-10-03T04:21:39Z</time>
					</trkpt>
					<trkpt lat="48.479680" lon="6.958450">
						<ele>460</ele>
						<time>2026-10-03T04:21:48Z</time>
					</trkpt>
					<trkpt lat="48.479580" lon="6.958520">
						<ele>460</ele>
						<time>2026-10-03T04:21:53Z</time>
					</trkpt>
					<trkpt lat="48.479530" lon="6.958570">
						<ele>460</ele>
						<time>2026-10-03T04:21:56Z</time>
					</trkpt>
					<trkpt lat="48.479500" lon="6.958630">
						<ele>459</ele>
						<time>2026-10-03T04:21:59Z</time>
					</trkpt>
					<trkpt lat="48.479470" lon="6.958860">
						<ele>455</ele>
						<time>2026-10-03T04:22:07Z</time>
					</trkpt>
					<trkpt lat="48.479490" lon="6.959180">
						<ele>449</ele>
						<time>2026-10-03T04:22:17Z</time>
					</trkpt>
					<trkpt lat="48.479490" lon="6.959630">
						<ele>441</ele>
						<time>2026-10-03T04:22:32Z</time>
					</trkpt>
					<trkpt lat="48.479480" lon="6.959880">
						<ele>437</ele>
						<time>2026-10-03T04:22:41Z</time>
					</trkpt>
					<trkpt lat="48.479430" lon="6.960030">
						<ele>435</ele>
						<time>2026-10-03T04:22:46Z</time>
					</trkpt>
					<trkpt lat="48.479370" lon="6.960100">
						<ele>435</ele>
						<time>2026-10-03T04:22:50Z</time>
					</trkpt>
					<trkpt lat="48.479280" lon="6.960120">
						<ele>436</ele>
						<time>2026-10-03T04:22:54Z</time>
					</trkpt>
					<trkpt lat="48.479140" lon="6.960090">
						<ele>438</ele>
						<time>2026-10-03T04:23:02Z</time>
					</trkpt>
					<trkpt lat="48.478850" lon="6.959840">
						<ele>438</ele>
						<time>2026-10-03T04:23:18Z</time>
					</trkpt>
					<trkpt lat="48.478700" lon="6.959690">
						<ele>438</ele>
						<time>2026-10-03T04:23:27Z</time>
					</trkpt>
					<trkpt lat="48.478360" lon="6.959380">
						<ele>440</ele>
						<time>2026-10-03T04:23:47Z</time>
					</trkpt>
					<trkpt lat="48.478030" lon="6.959060">
						<ele>437</ele>
						<time>2026-10-03T04:24:07Z</time>
					</trkpt>
					<trkpt lat="48.477840" lon="6.958800">
						<ele>439</ele>
						<time>2026-10-03T04:24:20Z</time>
					</trkpt>
					<trkpt lat="48.477570" lon="6.958470">
						<ele>441</ele>
						<time>2026-10-03T04:24:37Z</time>
					</trkpt>
					<trkpt lat="48.477350" lon="6.958260">
						<ele>443</ele>
						<time>2026-10-03T04:24:50Z</time>
					</trkpt>
					<trkpt lat="48.477180" lon="6.958100">
						<ele>445</ele>
						<time>2026-10-03T04:25:00Z</time>
					</trkpt>
					<trkpt lat="48.476960" lon="6.957980">
						<ele>445</ele>
						<time>2026-10-03T04:25:12Z</time>
					</trkpt>
					<trkpt lat="48.476460" lon="6.957770">
						<ele>443</ele>
						<time>2026-10-03T04:25:38Z</time>
					</trkpt>
					<trkpt lat="48.476060" lon="6.957620">
						<ele>442</ele>
						<time>2026-10-03T04:25:58Z</time>
					</trkpt>
					<trkpt lat="48.475780" lon="6.957490">
						<ele>443</ele>
						<time>2026-10-03T04:26:13Z</time>
					</trkpt>
					<trkpt lat="48.475700" lon="6.957470">
						<ele>445</ele>
						<time>2026-10-03T04:26:17Z</time>
					</trkpt>
					<trkpt lat="48.475600" lon="6.957470">
						<ele>447</ele>
						<time>2026-10-03T04:26:22Z</time>
					</trkpt>
					<trkpt lat="48.475570" lon="6.957480">
						<ele>448</ele>
						<time>2026-10-03T04:26:24Z</time>
					</trkpt>
					<trkpt lat="48.475540" lon="6.957540">
						<ele>447</ele>
						<time>2026-10-03T04:26:26Z</time>
					</trkpt>
					<trkpt lat="48.475510" lon="6.957690">
						<ele>446</ele>
						<time>2026-10-03T04:26:31Z</time>
					</trkpt>
					<trkpt lat="48.475510" lon="6.957820">
						<ele>445</ele>
						<time>2026-10-03T04:26:36Z</time>
					</trkpt>
					<trkpt lat="48.475510" lon="6.958040">
						<ele>442</ele>
						<time>2026-10-03T04:26:43Z</time>
					</trkpt>
					<trkpt lat="48.475530" lon="6.958500">
						<ele>438</ele>
						<time>2026-10-03T04:26:58Z</time>
					</trkpt>
					<trkpt lat="48.475600" lon="6.959330">
						<ele>435</ele>
						<time>2026-10-03T04:27:26Z</time>
					</trkpt>
					<trkpt lat="48.475610" lon="6.959600">
						<ele>436</ele>
						<time>2026-10-03T04:27:35Z</time>
					</trkpt>
					<trkpt lat="48.475600" lon="6.959870">
						<ele>436</ele>
						<time>2026-10-03T04:27:44Z</time>
					</trkpt>
					<trkpt lat="48.475540" lon="6.960270">
						<ele>435</ele>
						<time>2026-10-03T04:27:58Z</time>
					</trkpt>
					<trkpt lat="48.475480" lon="6.960550">
						<ele>432</ele>
						<time>2026-10-03T04:28:07Z</time>
					</trkpt>
					<trkpt lat="48.475430" lon="6.960650">
						<ele>432</ele>
						<time>2026-10-03T04:28:11Z</time>
					</trkpt>
					<trkpt lat="48.475380" lon="6.960680">
						<ele>432</ele>
						<time>2026-10-03T04:28:14Z</time>
					</trkpt>
					<trkpt lat="48.475280" lon="6.960700">
						<ele>432</ele>
						<time>2026-10-03T04:28:19Z</time>
					</trkpt>
					<trkpt lat="48.475160" lon="6.960660">
						<ele>433</ele>
						<time>2026-10-03T04:28:25Z</time>
					</trkpt>
					<trkpt lat="48.475010" lon="6.960570">
						<ele>436</ele>
						<time>2026-10-03T04:28:33Z</time>
					</trkpt>
					<trkpt lat="48.474840" lon="6.960440">
						<ele>433</ele>
						<time>2026-10-03T04:28:43Z</time>
					</trkpt>
					<trkpt lat="48.474680" lon="6.960250">
						<ele>431</ele>
						<time>2026-10-03T04:28:53Z</time>
					</trkpt>
					<trkpt lat="48.474510" lon="6.959990">
						<ele>431</ele>
						<time>2026-10-03T04:29:05Z</time>
					</trkpt>
					<trkpt lat="48.474270" lon="6.959520">
						<ele>431</ele>
						<time>2026-10-03T04:29:25Z</time>
					</trkpt>
					<trkpt lat="48.474180" lon="6.959280">
						<ele>432</ele>
						<time>2026-10-03T04:29:34Z</time>
					</trkpt>
					<trkpt lat="48.474000" lon="6.958670">
						<ele>434</ele>
						<time>2026-10-03T04:29:56Z</time>
					</trkpt>
					<trkpt lat="48.473800" lon="6.958070">
						<ele>436</ele>
						<time>2026-10-03T04:30:19Z</time>
					</trkpt>
					<trkpt lat="48.473500" lon="6.957460">
						<ele>436</ele>
						<time>2026-10-03T04:30:44Z</time>
					</trkpt>
					<trkpt lat="48.473180" lon="6.956810">
						<ele>440</ele>
						<time>2026-10-03T04:31:11Z</time>
					</trkpt>
					<trkpt lat="48.472910" lon="6.956280">
						<ele>441</ele>
						<time>2026-10-03T04:31:33Z</time>
					</trkpt>
					<trkpt lat="48.472580" lon="6.955580">
						<ele>442</ele>
						<time>2026-10-03T04:32:01Z</time>
					</trkpt>
					<trkpt lat="48.472480" lon="6.955340">
						<ele>445</ele>
						<time>2026-10-03T04:32:11Z</time>
					</trkpt>
					<trkpt lat="48.472350" lon="6.955080">
						<ele>452</ele>
						<time>2026-10-03T04:32:21Z</time>
					</trkpt>
					<trkpt lat="48.472210" lon="6.954960">
						<ele>455</ele>
						<time>2026-10-03T04:32:30Z</time>
					</trkpt>
					<trkpt lat="48.471890" lon="6.954870">
						<ele>455</ele>
						<time>2026-10-03T04:32:46Z</time>
					</trkpt>
					<trkpt lat="48.471700" lon="6.954850">
						<ele>453</ele>
						<time>2026-10-03T04:32:55Z</time>
					</trkpt>
					<trkpt lat="48.471280" lon="6.954950">
						<ele>449</ele>
						<time>2026-10-03T04:33:17Z</time>
					</trkpt>
					<trkpt lat="48.470860" lon="6.955020">
						<ele>447</ele>
						<time>2026-10-03T04:33:38Z</time>
					</trkpt>
					<trkpt lat="48.470650" lon="6.955000">
						<ele>446</ele>
						<time>2026-10-03T04:33:48Z</time>
					</trkpt>
					<trkpt lat="48.470420" lon="6.954940">
						<ele>447</ele>
						<time>2026-10-03T04:34:00Z</time>
					</trkpt>
					<trkpt lat="48.470030" lon="6.954800">
						<ele>450</ele>
						<time>2026-10-03T04:34:20Z</time>
					</trkpt>
					<trkpt lat="48.469870" lon="6.954760">
						<ele>451</ele>
						<time>2026-10-03T04:34:28Z</time>
					</trkpt>
					<trkpt lat="48.470810" lon="6.954620">
						<ele>466</ele>
						<time>2026-10-03T04:35:15Z</time>
					</trkpt>
					<trkpt lat="48.471320" lon="6.954570">
						<ele>468</ele>
						<time>2026-10-03T04:35:41Z</time>
					</trkpt>
					<trkpt lat="48.471720" lon="6.954360">
						<ele>479</ele>
						<time>2026-10-03T04:36:02Z</time>
					</trkpt>
					<trkpt lat="48.472240" lon="6.954130">
						<ele>491</ele>
						<time>2026-10-03T04:36:29Z</time>
					</trkpt>
					<trkpt lat="48.472680" lon="6.954160">
						<ele>498</ele>
						<time>2026-10-03T04:36:51Z</time>
					</trkpt>
					<trkpt lat="48.473010" lon="6.954600">
						<ele>495</ele>
						<time>2026-10-03T04:37:13Z</time>
					</trkpt>
					<trkpt lat="48.473460" lon="6.955380">
						<ele>492</ele>
						<time>2026-10-03T04:37:48Z</time>
					</trkpt>
					<trkpt lat="48.473730" lon="6.955590">
						<ele>492</ele>
						<time>2026-10-03T04:38:03Z</time>
					</trkpt>
					<trkpt lat="48.473970" lon="6.955500">
						<ele>501</ele>
						<time>2026-10-03T04:38:15Z</time>
					</trkpt>
					<trkpt lat="48.474240" lon="6.954970">
						<ele>520</ele>
						<time>2026-10-03T04:38:37Z</time>
					</trkpt>
					<trkpt lat="48.474520" lon="6.954800">
						<ele>522</ele>
						<time>2026-10-03T04:38:53Z</time>
					</trkpt>
					<trkpt lat="48.475240" lon="6.954690">
						<ele>520</ele>
						<time>2026-10-03T04:39:29Z</time>
					</trkpt>
					<trkpt lat="48.475610" lon="6.954570">
						<ele>520</ele>
						<time>2026-10-03T04:39:48Z</time>
					</trkpt>
					<trkpt lat="48.476110" lon="6.954760">
						<ele>521</ele>
						<time>2026-10-03T04:40:14Z</time>
					</trkpt>
					<trkpt lat="48.476240" lon="6.954910">
						<ele>521</ele>
						<time>2026-10-03T04:40:22Z</time>
					</trkpt>
					<trkpt lat="48.476430" lon="6.954690">
						<ele>526</ele>
						<time>2026-10-03T04:40:34Z</time>
					</trkpt>
					<trkpt lat="48.476650" lon="6.954680">
						<ele>529</ele>
						<time>2026-10-03T04:40:45Z</time>
					</trkpt>
					<trkpt lat="48.476930" lon="6.954710">
						<ele>534</ele>
						<time>2026-10-03T04:40:59Z</time>
					</trkpt>
					<trkpt lat="48.477390" lon="6.954620">
						<ele>544</ele>
						<time>2026-10-03T04:41:22Z</time>
					</trkpt>
					<trkpt lat="48.477480" lon="6.954570">
						<ele>546</ele>
						<time>2026-10-03T04:41:27Z</time>
					</trkpt>
					<trkpt lat="48.477880" lon="6.954170">
						<ele>555</ele>
						<time>2026-10-03T04:41:51Z</time>
					</trkpt>
					<trkpt lat="48.478340" lon="6.953810">
						<ele>559</ele>
						<time>2026-10-03T04:42:17Z</time>
					</trkpt>
					<trkpt lat="48.478660" lon="6.953630">
						<ele>559</ele>
						<time>2026-10-03T04:42:34Z</time>
					</trkpt>
					<trkpt lat="48.478770" lon="6.953550">
						<ele>560</ele>
						<time>2026-10-03T04:42:40Z</time>
					</trkpt>
					<trkpt lat="48.479060" lon="6.953290">
						<ele>562</ele>
						<time>2026-10-03T04:42:57Z</time>
					</trkpt>
					<trkpt lat="48.479240" lon="6.953100">
						<ele>561</ele>
						<time>2026-10-03T04:43:08Z</time>
					</trkpt>
					<trkpt lat="48.479400" lon="6.953010">
						<ele>559</ele>
						<time>2026-10-03T04:43:16Z</time>
					</trkpt>
					<trkpt lat="48.479540" lon="6.953030">
						<ele>557</ele>
						<time>2026-10-03T04:43:23Z</time>
					</trkpt>
					<trkpt lat="48.479670" lon="6.952960">
						<ele>556</ele>
						<time>2026-10-03T04:43:30Z</time>
					</trkpt>
					<trkpt lat="48.479890" lon="6.952780">
						<ele>553</ele>
						<time>2026-10-03T04:43:43Z</time>
					</trkpt>
					<trkpt lat="48.479950" lon="6.952610">
						<ele>552</ele>
						<time>2026-10-03T04:43:49Z</time>
					</trkpt>
					<trkpt lat="48.480010" lon="6.952380">
						<ele>549</ele>
						<time>2026-10-03T04:43:57Z</time>
					</trkpt>
					<trkpt lat="48.480170" lon="6.952320">
						<ele>545</ele>
						<time>2026-10-03T04:44:06Z</time>
					</trkpt>
					<trkpt lat="48.480180" lon="6.952190">
						<ele>543</ele>
						<time>2026-10-03T04:44:10Z</time>
					</trkpt>
					<trkpt lat="48.480270" lon="6.951500">
						<ele>533</ele>
						<time>2026-10-03T04:44:33Z</time>
					</trkpt>
					<trkpt lat="48.480290" lon="6.951160">
						<ele>528</ele>
						<time>2026-10-03T04:44:45Z</time>
					</trkpt>
					<trkpt lat="48.480320" lon="6.950950">
						<ele>524</ele>
						<time>2026-10-03T04:44:52Z</time>
					</trkpt>
					<trkpt lat="48.480110" lon="6.950750">
						<ele>525</ele>
						<time>2026-10-03T04:45:04Z</time>
					</trkpt>
					<trkpt lat="48.480240" lon="6.950310">
						<ele>519</ele>
						<time>2026-10-03T04:45:20Z</time>
					</trkpt>
					<trkpt lat="48.480140" lon="6.950270">
						<ele>519</ele>
						<time>2026-10-03T04:45:25Z</time>
					</trkpt>
					<trkpt lat="48.479980" lon="6.950270">
						<ele>520</ele>
						<time>2026-10-03T04:45:33Z</time>
					</trkpt>
					<trkpt lat="48.479630" lon="6.950430">
						<ele>520</ele>
						<time>2026-10-03T04:45:52Z</time>
					</trkpt>
					<trkpt lat="48.479230" lon="6.950510">
						<ele>519</ele>
						<time>2026-10-03T04:46:12Z</time>
					</trkpt>
					<trkpt lat="48.478820" lon="6.950450">
						<ele>515</ele>
						<time>2026-10-03T04:46:32Z</time>
					</trkpt>
					<trkpt lat="48.478290" lon="6.950300">
						<ele>509</ele>
						<time>2026-10-03T04:46:59Z</time>
					</trkpt>
					<trkpt lat="48.477710" lon="6.950340">
						<ele>504</ele>
						<time>2026-10-03T04:47:29Z</time>
					</trkpt>
					<trkpt lat="48.477370" lon="6.950510">
						<ele>502</ele>
						<time>2026-10-03T04:47:46Z</time>
					</trkpt>
					<trkpt lat="48.477190" lon="6.950770">
						<ele>503</ele>
						<time>2026-10-03T04:47:59Z</time>
					</trkpt>
					<trkpt lat="48.477140" lon="6.950850">
						<ele>503</ele>
						<time>2026-10-03T04:48:03Z</time>
					</trkpt>
					<trkpt lat="48.477150" lon="6.950610">
						<ele>501</ele>
						<time>2026-10-03T04:48:11Z</time>
					</trkpt>
					<trkpt lat="48.477220" lon="6.950310">
						<ele>498</ele>
						<time>2026-10-03T04:48:21Z</time>
					</trkpt>
					<trkpt lat="48.477290" lon="6.950090">
						<ele>497</ele>
						<time>2026-10-03T04:48:29Z</time>
					</trkpt>
					<trkpt lat="48.477420" lon="6.949850">
						<ele>496</ele>
						<time>2026-10-03T04:48:39Z</time>
					</trkpt>
					<trkpt lat="48.477560" lon="6.949720">
						<ele>496</ele>
						<time>2026-10-03T04:48:48Z</time>
					</trkpt>
					<trkpt lat="48.477790" lon="6.949570">
						<ele>495</ele>
						<time>2026-10-03T04:49:00Z</time>
					</trkpt>
					<trkpt lat="48.478020" lon="6.949480">
						<ele>494</ele>
						<time>2026-10-03T04:49:12Z</time>
					</trkpt>
					<trkpt lat="48.478220" lon="6.949450">
						<ele>494</ele>
						<time>2026-10-03T04:49:22Z</time>
					</trkpt>
					<trkpt lat="48.478460" lon="6.949460">
						<ele>494</ele>
						<time>2026-10-03T04:49:34Z</time>
					</trkpt>
					<trkpt lat="48.478680" lon="6.949450">
						<ele>494</ele>
						<time>2026-10-03T04:49:45Z</time>
					</trkpt>
					<trkpt lat="48.478940" lon="6.949420">
						<ele>494</ele>
						<time>2026-10-03T04:49:58Z</time>
					</trkpt>
					<trkpt lat="48.479130" lon="6.949370">
						<ele>494</ele>
						<time>2026-10-03T04:50:08Z</time>
					</trkpt>
					<trkpt lat="48.479240" lon="6.949300">
						<ele>494</ele>
						<time>2026-10-03T04:50:14Z</time>
					</trkpt>
					<trkpt lat="48.479300" lon="6.949140">
						<ele>493</ele>
						<time>2026-10-03T04:50:20Z</time>
					</trkpt>
					<trkpt lat="48.479320" lon="6.949000">
						<ele>492</ele>
						<time>2026-10-03T04:50:25Z</time>
					</trkpt>
					<trkpt lat="48.479290" lon="6.948780">
						<ele>488</ele>
						<time>2026-10-03T04:50:32Z</time>
					</trkpt>
					<trkpt lat="48.479220" lon="6.948610">
						<ele>485</ele>
						<time>2026-10-03T04:50:39Z</time>
					</trkpt>
					<trkpt lat="48.479170" lon="6.948340">
						<ele>480</ele>
						<time>2026-10-03T04:50:48Z</time>
					</trkpt>
					<trkpt lat="48.479120" lon="6.947900">
						<ele>477</ele>
						<time>2026-10-03T04:51:03Z</time>
					</trkpt>
					<trkpt lat="48.479100" lon="6.947460">
						<ele>474</ele>
						<time>2026-10-03T04:51:18Z</time>
					</trkpt>
					<trkpt lat="48.479030" lon="6.946850">
						<ele>469</ele>
						<time>2026-10-03T04:51:38Z</time>
					</trkpt>
					<trkpt lat="48.479040" lon="6.946570">
						<ele>468</ele>
						<time>2026-10-03T04:51:47Z</time>
					</trkpt>
					<trkpt lat="48.479110" lon="6.946250">
						<ele>469</ele>
						<time>2026-10-03T04:51:59Z</time>
					</trkpt>
					<trkpt lat="48.479190" lon="6.946000">
						<ele>469</ele>
						<time>2026-10-03T04:52:08Z</time>
					</trkpt>
					<trkpt lat="48.479300" lon="6.945890">
						<ele>467</ele>
						<time>2026-10-03T04:52:14Z</time>
					</trkpt>
					<trkpt lat="48.479410" lon="6.945870">
						<ele>467</ele>
						<time>2026-10-03T04:52:20Z</time>
					</trkpt>
					<trkpt lat="48.479450" lon="6.945860">
						<ele>466</ele>
						<time>2026-10-03T04:52:22Z</time>
					</trkpt>
					<trkpt lat="48.479690" lon="6.945960">
						<ele>466</ele>
						<time>2026-10-03T04:52:34Z</time>
					</trkpt>
					<trkpt lat="48.480010" lon="6.946100">
						<ele>466</ele>
						<time>2026-10-03T04:52:51Z</time>
					</trkpt>
					<trkpt lat="48.480430" lon="6.946440">
						<ele>463</ele>
						<time>2026-10-03T04:53:15Z</time>
					</trkpt>
					<trkpt lat="48.481010" lon="6.947000">
						<ele>462</ele>
						<time>2026-10-03T04:53:49Z</time>
					</trkpt>
					<trkpt lat="48.481520" lon="6.947340">
						<ele>463</ele>
						<time>2026-10-03T04:54:17Z</time>
					</trkpt>
					<trkpt lat="48.481680" lon="6.947410">
						<ele>462</ele>
						<time>2026-10-03T04:54:26Z</time>
					</trkpt>
					<trkpt lat="48.481730" lon="6.947370">
						<ele>464</ele>
						<time>2026-10-03T04:54:28Z</time>
					</trkpt>
					<trkpt lat="48.481770" lon="6.947260">
						<ele>465</ele>
						<time>2026-10-03T04:54:33Z</time>
					</trkpt>
					<trkpt lat="48.481760" lon="6.947080">
						<ele>465</ele>
						<time>2026-10-03T04:54:39Z</time>
					</trkpt>
					<trkpt lat="48.481520" lon="6.945790">
						<ele>463</ele>
						<time>2026-10-03T04:55:23Z</time>
					</trkpt>
					<trkpt lat="48.481440" lon="6.945180">
						<ele>464</ele>
						<time>2026-10-03T04:55:44Z</time>
					</trkpt>
					<trkpt lat="48.481340" lon="6.944680">
						<ele>463</ele>
						<time>2026-10-03T04:56:01Z</time>
					</trkpt>
					<trkpt lat="48.481220" lon="6.944290">
						<ele>461</ele>
						<time>2026-10-03T04:56:15Z</time>
					</trkpt>
					<trkpt lat="48.481200" lon="6.944110">
						<ele>461</ele>
						<time>2026-10-03T04:56:21Z</time>
					</trkpt>
					<trkpt lat="48.481130" lon="6.943800">
						<ele>460</ele>
						<time>2026-10-03T04:56:32Z</time>
					</trkpt>
					<trkpt lat="48.481050" lon="6.943270">
						<ele>458</ele>
						<time>2026-10-03T04:56:50Z</time>
					</trkpt>
					<trkpt lat="48.481030" lon="6.943110">
						<ele>458</ele>
						<time>2026-10-03T04:56:56Z</time>
					</trkpt>
					<trkpt lat="48.481030" lon="6.942820">
						<ele>457</ele>
						<time>2026-10-03T04:57:05Z</time>
					</trkpt>
					<trkpt lat="48.481100" lon="6.942490">
						<ele>460</ele>
						<time>2026-10-03T04:57:17Z</time>
					</trkpt>
					<trkpt lat="48.481210" lon="6.942210">
						<ele>460</ele>
						<time>2026-10-03T04:57:28Z</time>
					</trkpt>
					<trkpt lat="48.481430" lon="6.941960">
						<ele>463</ele>
						<time>2026-10-03T04:57:41Z</time>
					</trkpt>
					<trkpt lat="48.481630" lon="6.941810">
						<ele>466</ele>
						<time>2026-10-03T04:57:53Z</time>
					</trkpt>
					<trkpt lat="48.481880" lon="6.941740">
						<ele>468</ele>
						<time>2026-10-03T04:58:05Z</time>
					</trkpt>
					<trkpt lat="48.482280" lon="6.941690">
						<ele>471</ele>
						<time>2026-10-03T04:58:25Z</time>
					</trkpt>
					<trkpt lat="48.482530" lon="6.941690">
						<ele>474</ele>
						<time>2026-10-03T04:58:38Z</time>
					</trkpt>
					<trkpt lat="48.482660" lon="6.941630">
						<ele>477</ele>
						<time>2026-10-03T04:58:45Z</time>
					</trkpt>
					<trkpt lat="48.482760" lon="6.941460">
						<ele>479</ele>
						<time>2026-10-03T04:58:52Z</time>
					</trkpt>
					<trkpt lat="48.482840" lon="6.941240">
						<ele>480</ele>
						<time>2026-10-03T04:59:00Z</time>
					</trkpt>
					<trkpt lat="48.482880" lon="6.941090">
						<ele>480</ele>
						<time>2026-10-03T04:59:06Z</time>
					</trkpt>
					<trkpt lat="48.482890" lon="6.940940">
						<ele>479</ele>
						<time>2026-10-03T04:59:11Z</time>
					</trkpt>
					<trkpt lat="48.482860" lon="6.940690">
						<ele>477</ele>
						<time>2026-10-03T04:59:19Z</time>
					</trkpt>
					<trkpt lat="48.482800" lon="6.940430">
						<ele>475</ele>
						<time>2026-10-03T04:59:28Z</time>
					</trkpt>
					<trkpt lat="48.482840" lon="6.940170">
						<ele>475</ele>
						<time>2026-10-03T04:59:37Z</time>
					</trkpt>
					<trkpt lat="48.482900" lon="6.939940">
						<ele>477</ele>
						<time>2026-10-03T04:59:45Z</time>
					</trkpt>
					<trkpt lat="48.483060" lon="6.939500">
						<ele>481</ele>
						<time>2026-10-03T05:00:02Z</time>
					</trkpt>
					<trkpt lat="48.483060" lon="6.939470">
						<ele>481</ele>
						<time>2026-10-03T05:00:03Z</time>
					</trkpt>
					<trkpt lat="48.482990" lon="6.939160">
						<ele>479</ele>
						<time>2026-10-03T05:00:14Z</time>
					</trkpt>
					<trkpt lat="48.482910" lon="6.939010">
						<ele>479</ele>
						<time>2026-10-03T05:00:20Z</time>
					</trkpt>
					<trkpt lat="48.482730" lon="6.938860">
						<ele>478</ele>
						<time>2026-10-03T05:00:31Z</time>
					</trkpt>
					<trkpt lat="48.482580" lon="6.938830">
						<ele>476</ele>
						<time>2026-10-03T05:00:38Z</time>
					</trkpt>
					<trkpt lat="48.482560" lon="6.938820">
						<ele>476</ele>
						<time>2026-10-03T05:00:39Z</time>
					</trkpt>
					<trkpt lat="48.482270" lon="6.938920">
						<ele>470</ele>
						<time>2026-10-03T05:00:54Z</time>
					</trkpt>
					<trkpt lat="48.481930" lon="6.938900">
						<ele>466</ele>
						<time>2026-10-03T05:01:11Z</time>
					</trkpt>
					<trkpt lat="48.480970" lon="6.938980">
						<ele>459</ele>
						<time>2026-10-03T05:01:59Z</time>
					</trkpt>
					<trkpt lat="48.480050" lon="6.939290">
						<ele>449</ele>
						<time>2026-10-03T05:02:46Z</time>
					</trkpt>
					<trkpt lat="48.479830" lon="6.939250">
						<ele>450</ele>
						<time>2026-10-03T05:02:58Z</time>
					</trkpt>
					<trkpt lat="48.479600" lon="6.939250">
						<ele>451</ele>
						<time>2026-10-03T05:03:09Z</time>
					</trkpt>
					<trkpt lat="48.479390" lon="6.939320">
						<ele>449</ele>
						<time>2026-10-03T05:03:20Z</time>
					</trkpt>
					<trkpt lat="48.479160" lon="6.939360">
						<ele>449</ele>
						<time>2026-10-03T05:03:31Z</time>
					</trkpt>
					<trkpt lat="48.478950" lon="6.939350">
						<ele>448</ele>
						<time>2026-10-03T05:03:42Z</time>
					</trkpt>
					<trkpt lat="48.478710" lon="6.939320">
						<ele>447</ele>
						<time>2026-10-03T05:03:54Z</time>
					</trkpt>
					<trkpt lat="48.478410" lon="6.939200">
						<ele>448</ele>
						<time>2026-10-03T05:04:10Z</time>
					</trkpt>
					<trkpt lat="48.477790" lon="6.938620">
						<ele>446</ele>
						<time>2026-10-03T05:04:46Z</time>
					</trkpt>
					<trkpt lat="48.477550" lon="6.938370">
						<ele>444</ele>
						<time>2026-10-03T05:05:01Z</time>
					</trkpt>
					<trkpt lat="48.477440" lon="6.938210">
						<ele>442</ele>
						<time>2026-10-03T05:05:08Z</time>
					</trkpt>
					<trkpt lat="48.477370" lon="6.938040">
						<ele>441</ele>
						<time>2026-10-03T05:05:15Z</time>
					</trkpt>
					<trkpt lat="48.477330" lon="6.937770">
						<ele>442</ele>
						<time>2026-10-03T05:05:24Z</time>
					</trkpt>
					<trkpt lat="48.477300" lon="6.937330">
						<ele>443</ele>
						<time>2026-10-03T05:05:39Z</time>
					</trkpt>
					<trkpt lat="48.477260" lon="6.936930">
						<ele>443</ele>
						<time>2026-10-03T05:05:52Z</time>
					</trkpt>
					<trkpt lat="48.477240" lon="6.936610">
						<ele>444</ele>
						<time>2026-10-03T05:06:03Z</time>
					</trkpt>
					<trkpt lat="48.477260" lon="6.936070">
						<ele>449</ele>
						<time>2026-10-03T05:06:21Z</time>
					</trkpt>
					<trkpt lat="48.477250" lon="6.935840">
						<ele>451</ele>
						<time>2026-10-03T05:06:28Z</time>
					</trkpt>
					<trkpt lat="48.477220" lon="6.935640">
						<ele>453</ele>
						<time>2026-10-03T05:06:35Z</time>
					</trkpt>
					<trkpt lat="48.477160" lon="6.935490">
						<ele>454</ele>
						<time>2026-10-03T05:06:41Z</time>
					</trkpt>
					<trkpt lat="48.477090" lon="6.935400">
						<ele>455</ele>
						<time>2026-10-03T05:06:46Z</time>
					</trkpt>
					<trkpt lat="48.476880" lon="6.935020">
						<ele>457</ele>
						<time>2026-10-03T05:07:02Z</time>
					</trkpt>
					<trkpt lat="48.476680" lon="6.934900">
						<ele>457</ele>
						<time>2026-10-03T05:07:13Z</time>
					</trkpt>
					<trkpt lat="48.476360" lon="6.934950">
						<ele>459</ele>
						<time>2026-10-03T05:07:29Z</time>
					</trkpt>
					<trkpt lat="48.476020" lon="6.934940">
						<ele>462</ele>
						<time>2026-10-03T05:07:46Z</time>
					</trkpt>
					<trkpt lat="48.475520" lon="6.935090">
						<ele>466</ele>
						<time>2026-10-03T05:08:11Z</time>
					</trkpt>
					<trkpt lat="48.475280" lon="6.935200">
						<ele>468</ele>
						<time>2026-10-03T05:08:24Z</time>
					</trkpt>
					<trkpt lat="48.474890" lon="6.935860">
						<ele>467</ele>
						<time>2026-10-03T05:08:53Z</time>
					</trkpt>
					<trkpt lat="48.474690" lon="6.936070">
						<ele>466</ele>
						<time>2026-10-03T05:09:06Z</time>
					</trkpt>
					<trkpt lat="48.474400" lon="6.936210">
						<ele>468</ele>
						<time>2026-10-03T05:09:21Z</time>
					</trkpt>
					<trkpt lat="48.474010" lon="6.936160">
						<ele>471</ele>
						<time>2026-10-03T05:09:40Z</time>
					</trkpt>
					<trkpt lat="48.473920" lon="6.936090">
						<ele>471</ele>
						<time>2026-10-03T05:09:45Z</time>
					</trkpt>
					<trkpt lat="48.472820" lon="6.935310">
						<ele>463</ele>
						<time>2026-10-03T05:10:46Z</time>
					</trkpt>
					<trkpt lat="48.472580" lon="6.935150">
						<ele>461</ele>
						<time>2026-10-03T05:10:59Z</time>
					</trkpt>
					<trkpt lat="48.472290" lon="6.934860">
						<ele>459</ele>
						<time>2026-10-03T05:11:17Z</time>
					</trkpt>
					<trkpt lat="48.472120" lon="6.934580">
						<ele>459</ele>
						<time>2026-10-03T05:11:29Z</time>
					</trkpt>
					<trkpt lat="48.471920" lon="6.933800">
						<ele>469</ele>
						<time>2026-10-03T05:11:57Z</time>
					</trkpt>
					<trkpt lat="48.471790" lon="6.933620">
						<ele>469</ele>
						<time>2026-10-03T05:12:06Z</time>
					</trkpt>
					<trkpt lat="48.471660" lon="6.933340">
						<ele>473</ele>
						<time>2026-10-03T05:12:17Z</time>
					</trkpt>
					<trkpt lat="48.471540" lon="6.932940">
						<ele>473</ele>
						<time>2026-10-03T05:12:32Z</time>
					</trkpt>
					<trkpt lat="48.471400" lon="6.932430">
						<ele>474</ele>
						<time>2026-10-03T05:12:50Z</time>
					</trkpt>
					<trkpt lat="48.471340" lon="6.932230">
						<ele>473</ele>
						<time>2026-10-03T05:12:57Z</time>
					</trkpt>
					<trkpt lat="48.471290" lon="6.932150">
						<ele>472</ele>
						<time>2026-10-03T05:13:01Z</time>
					</trkpt>
					<trkpt lat="48.471200" lon="6.932180">
						<ele>472</ele>
						<time>2026-10-03T05:13:06Z</time>
					</trkpt>
					<trkpt lat="48.471150" lon="6.932170">
						<ele>472</ele>
						<time>2026-10-03T05:13:08Z</time>
					</trkpt>
					<trkpt lat="48.471040" lon="6.932140">
						<ele>472</ele>
						<time>2026-10-03T05:13:14Z</time>
					</trkpt>
					<trkpt lat="48.470860" lon="6.932170">
						<ele>471</ele>
						<time>2026-10-03T05:13:23Z</time>
					</trkpt>
					<trkpt lat="48.470720" lon="6.932130">
						<ele>468</ele>
						<time>2026-10-03T05:13:30Z</time>
					</trkpt>
					<trkpt lat="48.470500" lon="6.932030">
						<ele>464</ele>
						<time>2026-10-03T05:13:42Z</time>
					</trkpt>
					<trkpt lat="48.470250" lon="6.932080">
						<ele>456</ele>
						<time>2026-10-03T05:13:54Z</time>
					</trkpt>
					<trkpt lat="48.470070" lon="6.932100">
						<ele>450</ele>
						<time>2026-10-03T05:14:03Z</time>
					</trkpt>
					<trkpt lat="48.469920" lon="6.932130">
						<ele>446</ele>
						<time>2026-10-03T05:14:11Z</time>
					</trkpt>
					<trkpt lat="48.469920" lon="6.932130">
						<ele>446</ele>
						<time>2026-10-03T05:14:11Z</time>
					</trkpt>
					<trkpt lat="48.469630" lon="6.932180">
						<ele>438</ele>
						<time>2026-10-03T05:14:25Z</time>
					</trkpt>
					<trkpt lat="48.469500" lon="6.932140">
						<ele>437</ele>
						<time>2026-10-03T05:14:32Z</time>
					</trkpt>
					<trkpt lat="48.469380" lon="6.932090">
						<ele>435</ele>
						<time>2026-10-03T05:14:38Z</time>
					</trkpt>
					<trkpt lat="48.469220" lon="6.932100">
						<ele>431</ele>
						<time>2026-10-03T05:14:46Z</time>
					</trkpt>
					<trkpt lat="48.469120" lon="6.932050">
						<ele>430</ele>
						<time>2026-10-03T05:14:52Z</time>
					</trkpt>
					<trkpt lat="48.469090" lon="6.932120">
						<ele>429</ele>
						<time>2026-10-03T05:14:54Z</time>
					</trkpt>
					<trkpt lat="48.468910" lon="6.932260">
						<ele>428</ele>
						<time>2026-10-03T05:15:04Z</time>
					</trkpt>
					<trkpt lat="48.468840" lon="6.932360">
						<ele>428</ele>
						<time>2026-10-03T05:15:09Z</time>
					</trkpt>
					<trkpt lat="48.468480" lon="6.932290">
						<ele>427</ele>
						<time>2026-10-03T05:15:27Z</time>
					</trkpt>
					<trkpt lat="48.468340" lon="6.932300">
						<ele>427</ele>
						<time>2026-10-03T05:15:34Z</time>
					</trkpt>
					<trkpt lat="48.468290" lon="6.932300">
						<ele>428</ele>
						<time>2026-10-03T05:15:37Z</time>
					</trkpt>
					<trkpt lat="48.467990" lon="6.932720">
						<ele>436</ele>
						<time>2026-10-03T05:15:57Z</time>
					</trkpt>
					<trkpt lat="48.467860" lon="6.932930">
						<ele>441</ele>
						<time>2026-10-03T05:16:07Z</time>
					</trkpt>
					<trkpt lat="48.467840" lon="6.933110">
						<ele>443</ele>
						<time>2026-10-03T05:16:13Z</time>
					</trkpt>
					<trkpt lat="48.467860" lon="6.933500">
						<ele>445</ele>
						<time>2026-10-03T05:16:26Z</time>
					</trkpt>
					<trkpt lat="48.467850" lon="6.933600">
						<ele>445</ele>
						<time>2026-10-03T05:16:29Z</time>
					</trkpt>
					<trkpt lat="48.467760" lon="6.933500">
						<ele>447</ele>
						<time>2026-10-03T05:16:35Z</time>
					</trkpt>
					<trkpt lat="48.467700" lon="6.933470">
						<ele>448</ele>
						<time>2026-10-03T05:16:38Z</time>
					</trkpt>
					<trkpt lat="48.467640" lon="6.933410">
						<ele>450</ele>
						<time>2026-10-03T05:16:42Z</time>
					</trkpt>
					<trkpt lat="48.467580" lon="6.933390">
						<ele>451</ele>
						<time>2026-10-03T05:16:45Z</time>
					</trkpt>
					<trkpt lat="48.467540" lon="6.933330">
						<ele>452</ele>
						<time>2026-10-03T05:16:48Z</time>
					</trkpt>
					<trkpt lat="48.467460" lon="6.933290">
						<ele>453</ele>
						<time>2026-10-03T05:16:52Z</time>
					</trkpt>
					<trkpt lat="48.467440" lon="6.933250">
						<ele>453</ele>
						<time>2026-10-03T05:16:54Z</time>
					</trkpt>
					<trkpt lat="48.467430" lon="6.933240">
						<ele>453</ele>
						<time>2026-10-03T05:16:54Z</time>
					</trkpt>
					<trkpt lat="48.467350" lon="6.933250">
						<ele>454</ele>
						<time>2026-10-03T05:16:58Z</time>
					</trkpt>
					<trkpt lat="48.467330" lon="6.933220">
						<ele>454</ele>
						<time>2026-10-03T05:17:00Z</time>
					</trkpt>
					<trkpt lat="48.467310" lon="6.933220">
						<ele>455</ele>
						<time>2026-10-03T05:17:01Z</time>
					</trkpt>
					<trkpt lat="48.467220" lon="6.933170">
						<ele>456</ele>
						<time>2026-10-03T05:17:05Z</time>
					</trkpt>
					<trkpt lat="48.467200" lon="6.933170">
						<ele>456</ele>
						<time>2026-10-03T05:17:06Z</time>
					</trkpt>
					<trkpt lat="48.467170" lon="6.933200">
						<ele>457</ele>
						<time>2026-10-03T05:17:08Z</time>
					</trkpt>
					<trkpt lat="48.467130" lon="6.933260">
						<ele>458</ele>
						<time>2026-10-03T05:17:11Z</time>
					</trkpt>
					<trkpt lat="48.467130" lon="6.933330">
						<ele>459</ele>
						<time>2026-10-03T05:17:13Z</time>
					</trkpt>
					<trkpt lat="48.467100" lon="6.933400">
						<ele>459</ele>
						<time>2026-10-03T05:17:16Z</time>
					</trkpt>
					<trkpt lat="48.467090" lon="6.933460">
						<ele>459</ele>
						<time>2026-10-03T05:17:18Z</time>
					</trkpt>
					<trkpt lat="48.467060" lon="6.934010">
						<ele>459</ele>
						<time>2026-10-03T05:17:36Z</time>
					</trkpt>
					<trkpt lat="48.467030" lon="6.934070">
						<ele>460</ele>
						<time>2026-10-03T05:17:39Z</time>
					</trkpt>
					<trkpt lat="48.466880" lon="6.934250">
						<ele>461</ele>
						<time>2026-10-03T05:17:49Z</time>
					</trkpt>
					<trkpt lat="48.466790" lon="6.934310">
						<ele>461</ele>
						<time>2026-10-03T05:17:53Z</time>
					</trkpt>
					<trkpt lat="48.466680" lon="6.934350">
						<ele>463</ele>
						<time>2026-10-03T05:17:59Z</time>
					</trkpt>
					<trkpt lat="48.466540" lon="6.934360">
						<ele>465</ele>
						<time>2026-10-03T05:18:06Z</time>
					</trkpt>
					<trkpt lat="48.466510" lon="6.934340">
						<ele>466</ele>
						<time>2026-10-03T05:18:08Z</time>
					</trkpt>
					<trkpt lat="48.466440" lon="6.934310">
						<ele>467</ele>
						<time>2026-10-03T05:18:11Z</time>
					</trkpt>
					<trkpt lat="48.466310" lon="6.934210">
						<ele>470</ele>
						<time>2026-10-03T05:18:19Z</time>
					</trkpt>
					<trkpt lat="48.466270" lon="6.934200">
						<ele>471</ele>
						<time>2026-10-03T05:18:21Z</time>
					</trkpt>
					<trkpt lat="48.466130" lon="6.934270">
						<ele>473</ele>
						<time>2026-10-03T05:18:28Z</time>
					</trkpt>
					<trkpt lat="48.466080" lon="6.934290">
						<ele>474</ele>
						<time>2026-10-03T05:18:31Z</time>
					</trkpt>
					<trkpt lat="48.466020" lon="6.934350">
						<ele>475</ele>
						<time>2026-10-03T05:18:34Z</time>
					</trkpt>
					<trkpt lat="48.466010" lon="6.934350">
						<ele>475</ele>
						<time>2026-10-03T05:18:35Z</time>
					</trkpt>
					<trkpt lat="48.465950" lon="6.934310">
						<ele>477</ele>
						<time>2026-10-03T05:18:38Z</time>
					</trkpt>
					<trkpt lat="48.465920" lon="6.934320">
						<ele>477</ele>
						<time>2026-10-03T05:18:40Z</time>
					</trkpt>
					<trkpt lat="48.465870" lon="6.934310">
						<ele>478</ele>
						<time>2026-10-03T05:18:42Z</time>
					</trkpt>
					<trkpt lat="48.465810" lon="6.934340">
						<ele>480</ele>
						<time>2026-10-03T05:18:45Z</time>
					</trkpt>
					<trkpt lat="48.465740" lon="6.934450">
						<ele>482</ele>
						<time>2026-10-03T05:18:50Z</time>
					</trkpt>
					<trkpt lat="48.465680" lon="6.934580">
						<ele>484</ele>
						<time>2026-10-03T05:18:56Z</time>
					</trkpt>
					<trkpt lat="48.465640" lon="6.934760">
						<ele>485</ele>
						<time>2026-10-03T05:19:02Z</time>
					</trkpt>
					<trkpt lat="48.465620" lon="6.934790">
						<ele>486</ele>
						<time>2026-10-03T05:19:03Z</time>
					</trkpt>
					<trkpt lat="48.465590" lon="6.934890">
						<ele>487</ele>
						<time>2026-10-03T05:19:07Z</time>
					</trkpt>
					<trkpt lat="48.465550" lon="6.934950">
						<ele>489</ele>
						<time>2026-10-03T05:19:10Z</time>
					</trkpt>
					<trkpt lat="48.465530" lon="6.935070">
						<ele>489</ele>
						<time>2026-10-03T05:19:14Z</time>
					</trkpt>
					<trkpt lat="48.465460" lon="6.935150">
						<ele>491</ele>
						<time>2026-10-03T05:19:18Z</time>
					</trkpt>
					<trkpt lat="48.465430" lon="6.935230">
						<ele>492</ele>
						<time>2026-10-03T05:19:21Z</time>
					</trkpt>
					<trkpt lat="48.465420" lon="6.935340">
						<ele>492</ele>
						<time>2026-10-03T05:19:25Z</time>
					</trkpt>
					<trkpt lat="48.465430" lon="6.935450">
						<ele>491</ele>
						<time>2026-10-03T05:19:29Z</time>
					</trkpt>
					<trkpt lat="48.465430" lon="6.935650">
						<ele>491</ele>
						<time>2026-10-03T05:19:35Z</time>
					</trkpt>
					<trkpt lat="48.465360" lon="6.935710">
						<ele>493</ele>
						<time>2026-10-03T05:19:39Z</time>
					</trkpt>
					<trkpt lat="48.465310" lon="6.935740">
						<ele>494</ele>
						<time>2026-10-03T05:19:42Z</time>
					</trkpt>
					<trkpt lat="48.465260" lon="6.935890">
						<ele>495</ele>
						<time>2026-10-03T05:19:48Z</time>
					</trkpt>
					<trkpt lat="48.465250" lon="6.936010">
						<ele>496</ele>
						<time>2026-10-03T05:19:52Z</time>
					</trkpt>
					<trkpt lat="48.465230" lon="6.936070">
						<ele>496</ele>
						<time>2026-10-03T05:19:54Z</time>
					</trkpt>
					<trkpt lat="48.465230" lon="6.936110">
						<ele>496</ele>
						<time>2026-10-03T05:19:55Z</time>
					</trkpt>
					<trkpt lat="48.465170" lon="6.936260">
						<ele>498</ele>
						<time>2026-10-03T05:20:01Z</time>
					</trkpt>
					<trkpt lat="48.465160" lon="6.936320">
						<ele>498</ele>
						<time>2026-10-03T05:20:03Z</time>
					</trkpt>
					<trkpt lat="48.465120" lon="6.936360">
						<ele>499</ele>
						<time>2026-10-03T05:20:05Z</time>
					</trkpt>
					<trkpt lat="48.465090" lon="6.936460">
						<ele>500</ele>
						<time>2026-10-03T05:20:09Z</time>
					</trkpt>
					<trkpt lat="48.465040" lon="6.936600">
						<ele>501</ele>
						<time>2026-10-03T05:20:14Z</time>
					</trkpt>
					<trkpt lat="48.464960" lon="6.936690">
						<ele>503</ele>
						<time>2026-10-03T05:20:19Z</time>
					</trkpt>
					<trkpt lat="48.464930" lon="6.936770">
						<ele>504</ele>
						<time>2026-10-03T05:20:22Z</time>
					</trkpt>
					<trkpt lat="48.464890" lon="6.936800">
						<ele>505</ele>
						<time>2026-10-03T05:20:25Z</time>
					</trkpt>
					<trkpt lat="48.464840" lon="6.936740">
						<ele>507</ele>
						<time>2026-10-03T05:20:28Z</time>
					</trkpt>
					<trkpt lat="48.464810" lon="6.936680">
						<ele>508</ele>
						<time>2026-10-03T05:20:30Z</time>
					</trkpt>
					<trkpt lat="48.464730" lon="6.936640">
						<ele>511</ele>
						<time>2026-10-03T05:20:35Z</time>
					</trkpt>
					<trkpt lat="48.464590" lon="6.936450">
						<ele>516</ele>
						<time>2026-10-03T05:20:44Z</time>
					</trkpt>
					<trkpt lat="48.464590" lon="6.936380">
						<ele>517</ele>
						<time>2026-10-03T05:20:46Z</time>
					</trkpt>
					<trkpt lat="48.464550" lon="6.936230">
						<ele>519</ele>
						<time>2026-10-03T05:20:52Z</time>
					</trkpt>
					<trkpt lat="48.464510" lon="6.936160">
						<ele>521</ele>
						<time>2026-10-03T05:20:55Z</time>
					</trkpt>
					<trkpt lat="48.464470" lon="6.936080">
						<ele>523</ele>
						<time>2026-10-03T05:20:58Z</time>
					</trkpt>
					<trkpt lat="48.464450" lon="6.936050">
						<ele>523</ele>
						<time>2026-10-03T05:21:00Z</time>
					</trkpt>
					<trkpt lat="48.464390" lon="6.935820">
						<ele>527</ele>
						<time>2026-10-03T05:21:08Z</time>
					</trkpt>
					<trkpt lat="48.464360" lon="6.935770">
						<ele>529</ele>
						<time>2026-10-03T05:21:10Z</time>
					</trkpt>
					<trkpt lat="48.464320" lon="6.935590">
						<ele>531</ele>
						<time>2026-10-03T05:21:16Z</time>
					</trkpt>
					<trkpt lat="48.464290" lon="6.935510">
						<ele>532</ele>
						<time>2026-10-03T05:21:19Z</time>
					</trkpt>
					<trkpt lat="48.464260" lon="6.935410">
						<ele>534</ele>
						<time>2026-10-03T05:21:23Z</time>
					</trkpt>
					<trkpt lat="48.464240" lon="6.935360">
						<ele>535</ele>
						<time>2026-10-03T05:21:25Z</time>
					</trkpt>
					<trkpt lat="48.464170" lon="6.935130">
						<ele>538</ele>
						<time>2026-10-03T05:21:33Z</time>
					</trkpt>
					<trkpt lat="48.464140" lon="6.935090">
						<ele>539</ele>
						<time>2026-10-03T05:21:35Z</time>
					</trkpt>
					<trkpt lat="48.464110" lon="6.934970">
						<ele>539</ele>
						<time>2026-10-03T05:21:40Z</time>
					</trkpt>
					<trkpt lat="48.464070" lon="6.934930">
						<ele>538</ele>
						<time>2026-10-03T05:21:42Z</time>
					</trkpt>
					<trkpt lat="48.464050" lon="6.934810">
						<ele>538</ele>
						<time>2026-10-03T05:21:46Z</time>
					</trkpt>
					<trkpt lat="48.464100" lon="6.934700">
						<ele>537</ele>
						<time>2026-10-03T05:21:50Z</time>
					</trkpt>
					<trkpt lat="48.464120" lon="6.934610">
						<ele>536</ele>
						<time>2026-10-03T05:21:54Z</time>
					</trkpt>
					<trkpt lat="48.464150" lon="6.934540">
						<ele>536</ele>
						<time>2026-10-03T05:21:56Z</time>
					</trkpt>
					<trkpt lat="48.464160" lon="6.934500">
						<ele>535</ele>
						<time>2026-10-03T05:21:58Z</time>
					</trkpt>
					<trkpt lat="48.464120" lon="6.934520">
						<ele>535</ele>
						<time>2026-10-03T05:22:00Z</time>
					</trkpt>
					<trkpt lat="48.464100" lon="6.934540">
						<ele>536</ele>
						<time>2026-10-03T05:22:01Z</time>
					</trkpt>
					<trkpt lat="48.463980" lon="6.934530">
						<ele>535</ele>
						<time>2026-10-03T05:22:07Z</time>
					</trkpt>
					<trkpt lat="48.463890" lon="6.934560">
						<ele>535</ele>
						<time>2026-10-03T05:22:12Z</time>
					</trkpt>
					<trkpt lat="48.463620" lon="6.934530">
						<ele>535</ele>
						<time>2026-10-03T05:22:25Z</time>
					</trkpt>
					<trkpt lat="48.463410" lon="6.934570">
						<ele>534</ele>
						<time>2026-10-03T05:22:36Z</time>
					</trkpt>
					<trkpt lat="48.463290" lon="6.934610">
						<ele>534</ele>
						<time>2026-10-03T05:22:42Z</time>
					</trkpt>
					<trkpt lat="48.463250" lon="6.934660">
						<ele>533</ele>
						<time>2026-10-03T05:22:45Z</time>
					</trkpt>
					<trkpt lat="48.463170" lon="6.934720">
						<ele>531</ele>
						<time>2026-10-03T05:22:49Z</time>
					</trkpt>
					<trkpt lat="48.463140" lon="6.934760">
						<ele>531</ele>
						<time>2026-10-03T05:22:51Z</time>
					</trkpt>
					<trkpt lat="48.463100" lon="6.934860">
						<ele>531</ele>
						<time>2026-10-03T05:22:55Z</time>
					</trkpt>
					<trkpt lat="48.463080" lon="6.935000">
						<ele>531</ele>
						<time>2026-10-03T05:23:00Z</time>
					</trkpt>
					<trkpt lat="48.463080" lon="6.935160">
						<ele>531</ele>
						<time>2026-10-03T05:23:05Z</time>
					</trkpt>
					<trkpt lat="48.463090" lon="6.935230">
						<ele>531</ele>
						<time>2026-10-03T05:23:07Z</time>
					</trkpt>
					<trkpt lat="48.463070" lon="6.935390">
						<ele>531</ele>
						<time>2026-10-03T05:23:13Z</time>
					</trkpt>
					<trkpt lat="48.463090" lon="6.935480">
						<ele>531</ele>
						<time>2026-10-03T05:23:16Z</time>
					</trkpt>
					<trkpt lat="48.463080" lon="6.935580">
						<ele>531</ele>
						<time>2026-10-03T05:23:19Z</time>
					</trkpt>
					<trkpt lat="48.463090" lon="6.935640">
						<ele>531</ele>
						<time>2026-10-03T05:23:21Z</time>
					</trkpt>
					<trkpt lat="48.463080" lon="6.935730">
						<ele>531</ele>
						<time>2026-10-03T05:23:24Z</time>
					</trkpt>
					<trkpt lat="48.463050" lon="6.935800">
						<ele>530</ele>
						<time>2026-10-03T05:23:27Z</time>
					</trkpt>
					<trkpt lat="48.463060" lon="6.935910">
						<ele>529</ele>
						<time>2026-10-03T05:23:31Z</time>
					</trkpt>
					<trkpt lat="48.463040" lon="6.936040">
						<ele>527</ele>
						<time>2026-10-03T05:23:35Z</time>
					</trkpt>
					<trkpt lat="48.463060" lon="6.936260">
						<ele>525</ele>
						<time>2026-10-03T05:23:43Z</time>
					</trkpt>
					<trkpt lat="48.463050" lon="6.936430">
						<ele>523</ele>
						<time>2026-10-03T05:23:48Z</time>
					</trkpt>
					<trkpt lat="48.463060" lon="6.936520">
						<ele>522</ele>
						<time>2026-10-03T05:23:51Z</time>
					</trkpt>
					<trkpt lat="48.463040" lon="6.936600">
						<ele>521</ele>
						<time>2026-10-03T05:23:54Z</time>
					</trkpt>
					<trkpt lat="48.463040" lon="6.936790">
						<ele>518</ele>
						<time>2026-10-03T05:24:00Z</time>
					</trkpt>
					<trkpt lat="48.463050" lon="6.936910">
						<ele>517</ele>
						<time>2026-10-03T05:24:05Z</time>
					</trkpt>
					<trkpt lat="48.463050" lon="6.936950">
						<ele>516</ele>
						<time>2026-10-03T05:24:06Z</time>
					</trkpt>
					<trkpt lat="48.463040" lon="6.937050">
						<ele>515</ele>
						<time>2026-10-03T05:24:09Z</time>
					</trkpt>
					<trkpt lat="48.463010" lon="6.937210">
						<ele>512</ele>
						<time>2026-10-03T05:24:15Z</time>
					</trkpt>
					<trkpt lat="48.462990" lon="6.937250">
						<ele>511</ele>
						<time>2026-10-03T05:24:16Z</time>
					</trkpt>
					<trkpt lat="48.462970" lon="6.937280">
						<ele>510</ele>
						<time>2026-10-03T05:24:18Z</time>
					</trkpt>
					<trkpt lat="48.462920" lon="6.937360">
						<ele>509</ele>
						<time>2026-10-03T05:24:21Z</time>
					</trkpt>
					<trkpt lat="48.462890" lon="6.937390">
						<ele>508</ele>
						<time>2026-10-03T05:24:23Z</time>
					</trkpt>
					<trkpt lat="48.462850" lon="6.937440">
						<ele>507</ele>
						<time>2026-10-03T05:24:26Z</time>
					</trkpt>
					<trkpt lat="48.462770" lon="6.937590">
						<ele>504</ele>
						<time>2026-10-03T05:24:32Z</time>
					</trkpt>
					<trkpt lat="48.462660" lon="6.937720">
						<ele>501</ele>
						<time>2026-10-03T05:24:39Z</time>
					</trkpt>
					<trkpt lat="48.462560" lon="6.937780">
						<ele>499</ele>
						<time>2026-10-03T05:24:45Z</time>
					</trkpt>
					<trkpt lat="48.462520" lon="6.937750">
						<ele>499</ele>
						<time>2026-10-03T05:24:47Z</time>
					</trkpt>
					<trkpt lat="48.462490" lon="6.937730">
						<ele>499</ele>
						<time>2026-10-03T05:24:48Z</time>
					</trkpt>
					<trkpt lat="48.462430" lon="6.937680">
						<ele>499</ele>
						<time>2026-10-03T05:24:52Z</time>
					</trkpt>
					<trkpt lat="48.462380" lon="6.937620">
						<ele>499</ele>
						<time>2026-10-03T05:24:55Z</time>
					</trkpt>
					<trkpt lat="48.462350" lon="6.937560">
						<ele>499</ele>
						<time>2026-10-03T05:24:58Z</time>
					</trkpt>
					<trkpt lat="48.462320" lon="6.936960">
						<ele>500</ele>
						<time>2026-10-03T05:25:18Z</time>
					</trkpt>
					<trkpt lat="48.462300" lon="6.936870">
						<ele>500</ele>
						<time>2026-10-03T05:25:21Z</time>
					</trkpt>
					<trkpt lat="48.462300" lon="6.936770">
						<ele>500</ele>
						<time>2026-10-03T05:25:24Z</time>
					</trkpt>
					<trkpt lat="48.462290" lon="6.936730">
						<ele>500</ele>
						<time>2026-10-03T05:25:25Z</time>
					</trkpt>
					<trkpt lat="48.462280" lon="6.936420">
						<ele>500</ele>
						<time>2026-10-03T05:25:36Z</time>
					</trkpt>
					<trkpt lat="48.462290" lon="6.936350">
						<ele>501</ele>
						<time>2026-10-03T05:25:38Z</time>
					</trkpt>
					<trkpt lat="48.462290" lon="6.936260">
						<ele>501</ele>
						<time>2026-10-03T05:25:41Z</time>
					</trkpt>
					<trkpt lat="48.462300" lon="6.936160">
						<ele>501</ele>
						<time>2026-10-03T05:25:44Z</time>
					</trkpt>
					<trkpt lat="48.462290" lon="6.936040">
						<ele>501</ele>
						<time>2026-10-03T05:25:48Z</time>
					</trkpt>
					<trkpt lat="48.462280" lon="6.935960">
						<ele>501</ele>
						<time>2026-10-03T05:25:51Z</time>
					</trkpt>
					<trkpt lat="48.462270" lon="6.935820">
						<ele>501</ele>
						<time>2026-10-03T05:25:56Z</time>
					</trkpt>
					<trkpt lat="48.462210" lon="6.935570">
						<ele>499</ele>
						<time>2026-10-03T05:26:05Z</time>
					</trkpt>
					<trkpt lat="48.462200" lon="6.935520">
						<ele>499</ele>
						<time>2026-10-03T05:26:06Z</time>
					</trkpt>
					<trkpt lat="48.462190" lon="6.935490">
						<ele>499</ele>
						<time>2026-10-03T05:26:08Z</time>
					</trkpt>
					<trkpt lat="48.462170" lon="6.935410">
						<ele>498</ele>
						<time>2026-10-03T05:26:10Z</time>
					</trkpt>
					<trkpt lat="48.462180" lon="6.935380">
						<ele>499</ele>
						<time>2026-10-03T05:26:11Z</time>
					</trkpt>
					<trkpt lat="48.462150" lon="6.935250">
						<ele>497</ele>
						<time>2026-10-03T05:26:16Z</time>
					</trkpt>
					<trkpt lat="48.462120" lon="6.935170">
						<ele>496</ele>
						<time>2026-10-03T05:26:19Z</time>
					</trkpt>
					<trkpt lat="48.462120" lon="6.935120">
						<ele>496</ele>
						<time>2026-10-03T05:26:21Z</time>
					</trkpt>
					<trkpt lat="48.462080" lon="6.935020">
						<ele>495</ele>
						<time>2026-10-03T05:26:25Z</time>
					</trkpt>
					<trkpt lat="48.462020" lon="6.934790">
						<ele>493</ele>
						<time>2026-10-03T05:26:33Z</time>
					</trkpt>
					<trkpt lat="48.461990" lon="6.934720">
						<ele>492</ele>
						<time>2026-10-03T05:26:36Z</time>
					</trkpt>
					<trkpt lat="48.461980" lon="6.934680">
						<ele>492</ele>
						<time>2026-10-03T05:26:37Z</time>
					</trkpt>
					<trkpt lat="48.461920" lon="6.934530">
						<ele>491</ele>
						<time>2026-10-03T05:26:43Z</time>
					</trkpt>
					<trkpt lat="48.461850" lon="6.934410">
						<ele>489</ele>
						<time>2026-10-03T05:26:48Z</time>
					</trkpt>
					<trkpt lat="48.461830" lon="6.934340">
						<ele>488</ele>
						<time>2026-10-03T05:26:51Z</time>
					</trkpt>
					<trkpt lat="48.461790" lon="6.934270">
						<ele>487</ele>
						<time>2026-10-03T05:26:54Z</time>
					</trkpt>
					<trkpt lat="48.461650" lon="6.933920">
						<ele>484</ele>
						<time>2026-10-03T05:27:07Z</time>
					</trkpt>
					<trkpt lat="48.461620" lon="6.933810">
						<ele>484</ele>
						<time>2026-10-03T05:27:11Z</time>
					</trkpt>
					<trkpt lat="48.461590" lon="6.933650">
						<ele>483</ele>
						<time>2026-10-03T05:27:17Z</time>
					</trkpt>
					<trkpt lat="48.461520" lon="6.933460">
						<ele>481</ele>
						<time>2026-10-03T05:27:24Z</time>
					</trkpt>
					<trkpt lat="48.461500" lon="6.933370">
						<ele>481</ele>
						<time>2026-10-03T05:27:27Z</time>
					</trkpt>
					<trkpt lat="48.461470" lon="6.933310">
						<ele>480</ele>
						<time>2026-10-03T05:27:30Z</time>
					</trkpt>
					<trkpt lat="48.461450" lon="6.933200">
						<ele>479</ele>
						<time>2026-10-03T05:27:33Z</time>
					</trkpt>
					<trkpt lat="48.461360" lon="6.932930">
						<ele>476</ele>
						<time>2026-10-03T05:27:43Z</time>
					</trkpt>
					<trkpt lat="48.461330" lon="6.932860">
						<ele>475</ele>
						<time>2026-10-03T05:27:46Z</time>
					</trkpt>
					<trkpt lat="48.461300" lon="6.932830">
						<ele>474</ele>
						<time>2026-10-03T05:27:48Z</time>
					</trkpt>
					<trkpt lat="48.461280" lon="6.932760">
						<ele>474</ele>
						<time>2026-10-03T05:27:51Z</time>
					</trkpt>
					<trkpt lat="48.461230" lon="6.932680">
						<ele>472</ele>
						<time>2026-10-03T05:27:54Z</time>
					</trkpt>
					<trkpt lat="48.461190" lon="6.932570">
						<ele>471</ele>
						<time>2026-10-03T05:27:58Z</time>
					</trkpt>
					<trkpt lat="48.461050" lon="6.932270">
						<ele>468</ele>
						<time>2026-10-03T05:28:11Z</time>
					</trkpt>
					<trkpt lat="48.461030" lon="6.932220">
						<ele>468</ele>
						<time>2026-10-03T05:28:12Z</time>
					</trkpt>
					<trkpt lat="48.460990" lon="6.932170">
						<ele>467</ele>
						<time>2026-10-03T05:28:15Z</time>
					</trkpt>
					<trkpt lat="48.460900" lon="6.931930">
						<ele>466</ele>
						<time>2026-10-03T05:28:24Z</time>
					</trkpt>
					<trkpt lat="48.460850" lon="6.931840">
						<ele>466</ele>
						<time>2026-10-03T05:28:28Z</time>
					</trkpt>
					<trkpt lat="48.460780" lon="6.931680">
						<ele>466</ele>
						<time>2026-10-03T05:28:34Z</time>
					</trkpt>
					<trkpt lat="48.460720" lon="6.931600">
						<ele>464</ele>
						<time>2026-10-03T05:28:38Z</time>
					</trkpt>
					<trkpt lat="48.460700" lon="6.931530">
						<ele>464</ele>
						<time>2026-10-03T05:28:41Z</time>
					</trkpt>
					<trkpt lat="48.460680" lon="6.931500">
						<ele>464</ele>
						<time>2026-10-03T05:28:42Z</time>
					</trkpt>
					<trkpt lat="48.460660" lon="6.931380">
						<ele>463</ele>
						<time>2026-10-03T05:28:47Z</time>
					</trkpt>
					<trkpt lat="48.460610" lon="6.931250">
						<ele>462</ele>
						<time>2026-10-03T05:28:51Z</time>
					</trkpt>
					<trkpt lat="48.460550" lon="6.931230">
						<ele>462</ele>
						<time>2026-10-03T05:28:55Z</time>
					</trkpt>
					<trkpt lat="48.460520" lon="6.931210">
						<ele>462</ele>
						<time>2026-10-03T05:28:56Z</time>
					</trkpt>
					<trkpt lat="48.460240" lon="6.931020">
						<ele>460</ele>
						<time>2026-10-03T05:29:12Z</time>
					</trkpt>
					<trkpt lat="48.460000" lon="6.930820">
						<ele>462</ele>
						<time>2026-10-03T05:29:25Z</time>
					</trkpt>
					<trkpt lat="48.459640" lon="6.930560">
						<ele>459</ele>
						<time>2026-10-03T05:29:45Z</time>
					</trkpt>
					<trkpt lat="48.459390" lon="6.930310">
						<ele>460</ele>
						<time>2026-10-03T05:30:00Z</time>
					</trkpt>
					<trkpt lat="48.459270" lon="6.930380">
						<ele>458</ele>
						<time>2026-10-03T05:30:07Z</time>
					</trkpt>
					<trkpt lat="48.459160" lon="6.930410">
						<ele>457</ele>
						<time>2026-10-03T05:30:12Z</time>
					</trkpt>
					<trkpt lat="48.459020" lon="6.930350">
						<ele>455</ele>
						<time>2026-10-03T05:30:20Z</time>
					</trkpt>
					<trkpt lat="48.458360" lon="6.929990">
						<ele>453</ele>
						<time>2026-10-03T05:30:55Z</time>
					</trkpt>
					<trkpt lat="48.458280" lon="6.929940">
						<ele>452</ele>
						<time>2026-10-03T05:30:59Z</time>
					</trkpt>
					<trkpt lat="48.457890" lon="6.929810">
						<ele>447</ele>
						<time>2026-10-03T05:31:19Z</time>
					</trkpt>
					<trkpt lat="48.457060" lon="6.929590">
						<ele>444</ele>
						<time>2026-10-03T05:32:01Z</time>
					</trkpt>
					<trkpt lat="48.456870" lon="6.929570">
						<ele>443</ele>
						<time>2026-10-03T05:32:11Z</time>
					</trkpt>
					<trkpt lat="48.456910" lon="6.929650">
						<ele>441</ele>
						<time>2026-10-03T05:32:14Z</time>
					</trkpt>
					<trkpt lat="48.456900" lon="6.929720">
						<ele>439</ele>
						<time>2026-10-03T05:32:16Z</time>
					</trkpt>
					<trkpt lat="48.456780" lon="6.929700">
						<ele>439</ele>
						<time>2026-10-03T05:32:22Z</time>
					</trkpt>
					<trkpt lat="48.456680" lon="6.929720">
						<ele>438</ele>
						<time>2026-10-03T05:32:28Z</time>
					</trkpt>
					<trkpt lat="48.456550" lon="6.929820">
						<ele>436</ele>
						<time>2026-10-03T05:32:35Z</time>
					</trkpt>
					<trkpt lat="48.456470" lon="6.929940">
						<ele>433</ele>
						<time>2026-10-03T05:32:40Z</time>
					</trkpt>
					<trkpt lat="48.456330" lon="6.930090">
						<ele>429</ele>
						<time>2026-10-03T05:32:49Z</time>
					</trkpt>
					<trkpt lat="48.456300" lon="6.930110">
						<ele>429</ele>
						<time>2026-10-03T05:32:51Z</time>
					</trkpt>
					<trkpt lat="48.456170" lon="6.930390">
						<ele>418</ele>
						<time>2026-10-03T05:33:02Z</time>
					</trkpt>
					<trkpt lat="48.455980" lon="6.930560">
						<ele>411</ele>
						<time>2026-10-03T05:33:13Z</time>
					</trkpt>
					<trkpt lat="48.455610" lon="6.930730">
						<ele>403</ele>
						<time>2026-10-03T05:33:32Z</time>
					</trkpt>
					<trkpt lat="48.455460" lon="6.930780">
						<ele>401</ele>
						<time>2026-10-03T05:33:40Z</time>
					</trkpt>
					<trkpt lat="48.455240" lon="6.930830">
						<ele>398</ele>
						<time>2026-10-03T05:33:51Z</time>
					</trkpt>
					<trkpt lat="48.454990" lon="6.930840">
						<ele>397</ele>
						<time>2026-10-03T05:34:04Z</time>
					</trkpt>
					<trkpt lat="48.454630" lon="6.931060">
						<ele>392</ele>
						<time>2026-10-03T05:34:23Z</time>
					</trkpt>
					<trkpt lat="48.454370" lon="6.931200">
						<ele>389</ele>
						<time>2026-10-03T05:34:37Z</time>
					</trkpt>
					<trkpt lat="48.454340" lon="6.931250">
						<ele>388</ele>
						<time>2026-10-03T05:34:39Z</time>
					</trkpt>
					<trkpt lat="48.454120" lon="6.931640">
						<ele>380</ele>
						<time>2026-10-03T05:34:56Z</time>
					</trkpt>
					<trkpt lat="48.453860" lon="6.932010">
						<ele>376</ele>
						<time>2026-10-03T05:35:14Z</time>
					</trkpt>
					<trkpt lat="48.453510" lon="6.932390">
						<ele>371</ele>
						<time>2026-10-03T05:35:36Z</time>
					</trkpt>
					<trkpt lat="48.453340" lon="6.932550">
						<ele>369</ele>
						<time>2026-10-03T05:35:46Z</time>
					</trkpt>
					<trkpt lat="48.453130" lon="6.932790">
						<ele>368</ele>
						<time>2026-10-03T05:35:59Z</time>
					</trkpt>
					<trkpt lat="48.452940" lon="6.933060">
						<ele>366</ele>
						<time>2026-10-03T05:36:12Z</time>
					</trkpt>
					<trkpt lat="48.452750" lon="6.933380">
						<ele>364</ele>
						<time>2026-10-03T05:36:26Z</time>
					</trkpt>
					<trkpt lat="48.452560" lon="6.933810">
						<ele>357</ele>
						<time>2026-10-03T05:36:43Z</time>
					</trkpt>
					<trkpt lat="48.452320" lon="6.934130">
						<ele>351</ele>
						<time>2026-10-03T05:36:59Z</time>
					</trkpt>
					<trkpt lat="48.452220" lon="6.934330">
						<ele>348</ele>
						<time>2026-10-03T05:37:08Z</time>
					</trkpt>
					<trkpt lat="48.452150" lon="6.934510">
						<ele>346</ele>
						<time>2026-10-03T05:37:15Z</time>
					</trkpt>
					<trkpt lat="48.452120" lon="6.934560">
						<ele>345</ele>
						<time>2026-10-03T05:37:17Z</time>
					</trkpt>
					<trkpt lat="48.452120" lon="6.934590">
						<ele>344</ele>
						<time>2026-10-03T05:37:18Z</time>
					</trkpt>
					<trkpt lat="48.452120" lon="6.934610">
						<ele>344</ele>
						<time>2026-10-03T05:37:19Z</time>
					</trkpt>
					<trkpt lat="48.452140" lon="6.934630">
						<ele>343</ele>
						<time>2026-10-03T05:37:20Z</time>
					</trkpt>
					<trkpt lat="48.452150" lon="6.934650">
						<ele>343</ele>
						<time>2026-10-03T05:37:21Z</time>
					</trkpt>
					<trkpt lat="48.451900" lon="6.934990">
						<ele>333</ele>
						<time>2026-10-03T05:37:38Z</time>
					</trkpt>
					<trkpt lat="48.451900" lon="6.934990">
						<ele>333</ele>
						<time>2026-10-03T05:37:38Z</time>
					</trkpt>
					<trkpt lat="48.451870" lon="6.935020">
						<ele>332</ele>
						<time>2026-10-03T05:37:39Z</time>
					</trkpt>
					<trkpt lat="48.451780" lon="6.935150">
						<ele>330</ele>
						<time>2026-10-03T05:37:46Z</time>
					</trkpt>
					<trkpt lat="48.451740" lon="6.935200">
						<ele>329</ele>
						<time>2026-10-03T05:37:48Z</time>
					</trkpt>
					<trkpt lat="48.451690" lon="6.935250">
						<ele>327</ele>
						<time>2026-10-03T05:37:51Z</time>
					</trkpt>
					<trkpt lat="48.451670" lon="6.935240">
						<ele>327</ele>
						<time>2026-10-03T05:37:52Z</time>
					</trkpt>
					<trkpt lat="48.451670" lon="6.935240">
						<ele>327</ele>
						<time>2026-10-03T05:37:52Z</time>
					</trkpt>
					<trkpt lat="48.451340" lon="6.935160">
						<ele>323</ele>
						<time>2026-10-03T05:38:09Z</time>
					</trkpt>
					<trkpt lat="48.451010" lon="6.935090">
						<ele>319</ele>
						<time>2026-10-03T05:38:26Z</time>
					</trkpt>
					<trkpt lat="48.450990" lon="6.935090">
						<ele>318</ele>
						<time>2026-10-03T05:38:27Z</time>
					</trkpt>
					<trkpt lat="48.450880" lon="6.935120">
						<ele>317</ele>
						<time>2026-10-03T05:38:32Z</time>
					</trkpt>
					<trkpt lat="48.450860" lon="6.935190">
						<ele>316</ele>
						<time>2026-10-03T05:38:35Z</time>
					</trkpt>
					<trkpt lat="48.450840" lon="6.935200">
						<ele>315</ele>
						<time>2026-10-03T05:38:36Z</time>
					</trkpt>
					<trkpt lat="48.450820" lon="6.935210">
						<ele>315</ele>
						<time>2026-10-03T05:38:37Z</time>
					</trkpt>
					<trkpt lat="48.450790" lon="6.935210">
						<ele>315</ele>
						<time>2026-10-03T05:38:38Z</time>
					</trkpt>
					<trkpt lat="48.450680" lon="6.935570">
						<ele>311</ele>
						<time>2026-10-03T05:38:51Z</time>
					</trkpt>
					<trkpt lat="48.450600" lon="6.935820">
						<ele>309</ele>
						<time>2026-10-03T05:39:01Z</time>
					</trkpt>
					</trkseg>
				</trk>
			</gpx>