<?xml version="1.0" encoding="UTF-8" ?>
<gpx version="1.1" xmlns:xsi="http://www.w3.org/2001/XMLSchema-instance"
    xmlns="http://www.topografix.com/GPX/1/1"
    xsi:schemaLocation="http://www.topografix.com/GPX/1/1 http://www.topografix.com/GPX/1/1/gpx.xsd"
    creator="Openrunner - https://www.openrunner.com" >
                <wpt lat="48.483632" lon="6.938154">
                        <ele>0</ele>
                        <name><![CDATA[Bananes]]></name>
                        <desc><![CDATA[]]></desc>
                    <sym>50</sym>
                </wpt>
            
                <wpt lat="48.483787" lon="6.956239">
                        <ele>0</ele>
                        <name><![CDATA[Bananes]]></name>
                        <desc><![CDATA[]]></desc>
                    <sym>50</sym>
                </wpt>
            	<trk>
	                   <name>TRAIL 37 KM Pierre-Percée**-23430555</name>
						<trkseg>
					<trkpt lat="48.450530" lon="6.936040">
						<ele>308</ele>
						<time>2026-10-02T22:50:39Z</time>
					</trkpt>
					<trkpt lat="48.450560" lon="6.935950">
						<ele>308</ele>
						<time>2026-10-02T22:50:42Z</time>
					</trkpt>
					<trkpt lat="48.450680" lon="6.935570">
						<ele>311</ele>
						<time>2026-10-02T22:50:56Z</time>
					</trkpt>
					<trkpt lat="48.450790" lon="6.935210">
						<ele>315</ele>
						<time>2026-10-02T22:51:09Z</time>
					</trkpt>
					<trkpt lat="48.450750" lon="6.935150">
						<ele>315</ele>
						<time>2026-10-02T22:51:12Z</time>
					</trkpt>
					<trkpt lat="48.450750" lon="6.935100">
						<ele>315</ele>
						<time>2026-10-02T22:51:14Z</time>
					</trkpt>
					<trkpt lat="48.450770" lon="6.935040">
						<ele>316</ele>
						<time>2026-10-02T22:51:16Z</time>
					</trkpt>
					<trkpt lat="48.450780" lon="6.935030">
						<ele>316</ele>
						<time>2026-10-02T22:51:17Z</time>
					</trkpt>
					<trkpt lat="48.450800" lon="6.935010">
						<ele>317</ele>
						<time>2026-10-02T22:51:18Z</time>
					</trkpt>
					<trkpt lat="48.450840" lon="6.935020">
						<ele>317</ele>
						<time>2026-10-02T22:51:20Z</time>
					</trkpt>
					<trkpt lat="48.450860" lon="6.934950">
						<ele>319</ele>
						<time>2026-10-02T22:51:23Z</time>
					</trkpt>
					<trkpt lat="48.450860" lon="6.934950">
						<ele>319</ele>
						<time>2026-10-02T22:51:23Z</time>
					</trkpt>
					<trkpt lat="48.450890" lon="6.934850">
						<ele>323</ele>
						<time>2026-10-02T22:51:26Z</time>
					</trkpt>
					<trkpt lat="48.450830" lon="6.934780">
						<ele>325</ele>
						<time>2026-10-02T22:51:30Z</time>
					</trkpt>
					<trkpt lat="48.449880" lon="6.933720">
						<ele>333</ele>
						<time>2026-10-02T22:52:29Z</time>
					</trkpt>
					<trkpt lat="48.449390" lon="6.933220">
						<ele>331</ele>
						<time>2026-10-02T22:52:59Z</time>
					</trkpt>
					<trkpt lat="48.448770" lon="6.932730">
						<ele>331</ele>
						<time>2026-10-02T22:53:34Z</time>
					</trkpt>
					<trkpt lat="48.448170" lon="6.932320">
						<ele>330</ele>
						<time>2026-10-02T22:54:07Z</time>
					</trkpt>
					<trkpt lat="48.447320" lon="6.931810">
						<ele>327</ele>
						<time>2026-10-02T22:54:53Z</time>
					</trkpt>
					<trkpt lat="48.445910" lon="6.930740">
						<ele>325</ele>
						<time>2026-10-02T22:56:12Z</time>
					</trkpt>
					<trkpt lat="48.445540" lon="6.930460">
						<ele>328</ele>
						<time>2026-10-02T22:56:32Z</time>
					</trkpt>
					<trkpt lat="48.444760" lon="6.930120">
						<ele>325</ele>
						<time>2026-10-02T22:57:13Z</time>
					</trkpt>
					<trkpt lat="48.444200" lon="6.929840">
						<ele>324</ele>
						<time>2026-10-02T22:57:42Z</time>
					</trkpt>
					<trkpt lat="48.443900" lon="6.929690">
						<ele>325</ele>
						<time>2026-10-02T22:57:58Z</time>
					</trkpt>
					<trkpt lat="48.443660" lon="6.929530">
						<ele>326</ele>
						<time>2026-10-02T22:58:11Z</time>
					</trkpt>
					<trkpt lat="48.443440" lon="6.929330">
						<ele>326</ele>
						<time>2026-10-02T22:58:24Z</time>
					</trkpt>
					<trkpt lat="48.442780" lon="6.928700">
						<ele>325</ele>
						<time>2026-10-02T22:59:03Z</time>
					</trkpt>
					<trkpt lat="48.442570" lon="6.928470">
						<ele>322</ele>
						<time>2026-10-02T22:59:16Z</time>
					</trkpt>
					<trkpt lat="48.442110" lon="6.927730">
						<ele>324</ele>
						<time>2026-10-02T22:59:50Z</time>
					</trkpt>
					<trkpt lat="48.441710" lon="6.927150">
						<ele>318</ele>
						<time>2026-10-02T23:00:18Z</time>
					</trkpt>
					<trkpt lat="48.441430" lon="6.926810">
						<ele>317</ele>
						<time>2026-10-02T23:00:36Z</time>
					</trkpt>
					<trkpt lat="48.441310" lon="6.926630">
						<ele>317</ele>
						<time>2026-10-02T23:00:44Z</time>
					</trkpt>
					<trkpt lat="48.441220" lon="6.926480">
						<ele>318</ele>
						<time>2026-10-02T23:00:51Z</time>
					</trkpt>
					<trkpt lat="48.441080" lon="6.926210">
						<ele>318</ele>
						<time>2026-10-02T23:01:02Z</time>
					</trkpt>
					<trkpt lat="48.440880" lon="6.925750">
						<ele>315</ele>
						<time>2026-10-02T23:01:21Z</time>
					</trkpt>
					<trkpt lat="48.440730" lon="6.925370">
						<ele>317</ele>
						<time>2026-10-02T23:01:35Z</time>
					</trkpt>
					<trkpt lat="48.440630" lon="6.925060">
						<ele>318</ele>
						<time>2026-10-02T23:01:47Z</time>
					</trkpt>
					<trkpt lat="48.440600" lon="6.925000">
						<ele>318</ele>
						<time>2026-10-02T23:01:49Z</time>
					</trkpt>
					<trkpt lat="48.440600" lon="6.924910">
						<ele>318</ele>
						<time>2026-10-02T23:01:52Z</time>
					</trkpt>
					<trkpt lat="48.440580" lon="6.924680">
						<ele>318</ele>
						<time>2026-10-02T23:02:00Z</time>
					</trkpt>
					<trkpt lat="48.440580" lon="6.924680">
						<ele>318</ele>
						<time>2026-10-02T23:02:00Z</time>
					</trkpt>
					<trkpt lat="48.440560" lon="6.924440">
						<ele>318</ele>
						<time>2026-10-02T23:02:08Z</time>
					</trkpt>
					<trkpt lat="48.440560" lon="6.924200">
						<ele>318</ele>
						<time>2026-10-02T23:02:16Z</time>
					</trkpt>
					<trkpt lat="48.440580" lon="6.923980">
						<ele>317</ele>
						<time>2026-10-02T23:02:23Z</time>
					</trkpt>
					<trkpt lat="48.440650" lon="6.923760">
						<ele>316</ele>
						<time>2026-10-02T23:02:31Z</time>
					</trkpt>
					<trkpt lat="48.440720" lon="6.923580">
						<ele>316</ele>
						<time>2026-10-02T23:02:38Z</time>
					</trkpt>
					<trkpt lat="48.440800" lon="6.923440">
						<ele>316</ele>
						<time>2026-10-02T23:02:44Z</time>
					</trkpt>
					<trkpt lat="48.440900" lon="6.923330">
						<ele>316</ele>
						<time>2026-10-02T23:02:51Z</time>
					</trkpt>
					<trkpt lat="48.441180" lon="6.923070">
						<ele>317</ele>
						<time>2026-10-02T23:03:07Z</time>
					</trkpt>
					<trkpt lat="48.441380" lon="6.922940">
						<ele>317</ele>
						<time>2026-10-02T23:03:18Z</time>
					</trkpt>
					<trkpt lat="48.441500" lon="6.922900">
						<ele>317</ele>
						<time>2026-10-02T23:03:24Z</time>
					</trkpt>
					<trkpt lat="48.441640" lon="6.922880">
						<ele>318</ele>
						<time>2026-10-02T23:03:31Z</time>
					</trkpt>
					<trkpt lat="48.441640" lon="6.922870">
						<ele>318</ele>
						<time>2026-10-02T23:03:31Z</time>
					</trkpt>
					<trkpt lat="48.441670" lon="6.922820">
						<ele>317</ele>
						<time>2026-10-02T23:03:34Z</time>
					</trkpt>
					<trkpt lat="48.441670" lon="6.922700">
						<ele>314</ele>
						<time>2026-10-02T23:03:38Z</time>
					</trkpt>
					<trkpt lat="48.441670" lon="6.922700">
						<ele>314</ele>
						<time>2026-10-02T23:03:38Z</time>
					</trkpt>
					<trkpt lat="48.441650" lon="6.922580">
						<ele>311</ele>
						<time>2026-10-02T23:03:42Z</time>
					</trkpt>
					<trkpt lat="48.441600" lon="6.922260">
						<ele>312</ele>
						<time>2026-10-02T23:03:53Z</time>
					</trkpt>
					<trkpt lat="48.441570" lon="6.922130">
						<ele>314</ele>
						<time>2026-10-02T23:03:57Z</time>
					</trkpt>
					<trkpt lat="48.441530" lon="6.922000">
						<ele>316</ele>
						<time>2026-10-02T23:04:02Z</time>
					</trkpt>
					<trkpt lat="48.441740" lon="6.921850">
						<ele>320</ele>
						<time>2026-10-02T23:04:14Z</time>
					</trkpt>
					<trkpt lat="48.442090" lon="6.921570">
						<ele>331</ele>
						<time>2026-10-02T23:04:33Z</time>
					</trkpt>
					<trkpt lat="48.442230" lon="6.921570">
						<ele>333</ele>
						<time>2026-10-02T23:04:40Z</time>
					</trkpt>
					<trkpt lat="48.442430" lon="6.921610">
						<ele>334</ele>
						<time>2026-10-02T23:04:51Z</time>
					</trkpt>
					<trkpt lat="48.442670" lon="6.921580">
						<ele>336</ele>
						<time>2026-10-02T23:05:03Z</time>
					</trkpt>
					<trkpt lat="48.442920" lon="6.921490">
						<ele>340</ele>
						<time>2026-10-02T23:05:15Z</time>
					</trkpt>
					<trkpt lat="48.443600" lon="6.921200">
						<ele>351</ele>
						<time>2026-10-02T23:05:51Z</time>
					</trkpt>
					<trkpt lat="48.443910" lon="6.921020">
						<ele>355</ele>
						<time>2026-10-02T23:06:07Z</time>
					</trkpt>
					<trkpt lat="48.444270" lon="6.920740">
						<ele>360</ele>
						<time>2026-10-02T23:06:28Z</time>
					</trkpt>
					<trkpt lat="48.444530" lon="6.920520">
						<ele>360</ele>
						<time>2026-10-02T23:06:43Z</time>
					</trkpt>
					<trkpt lat="48.444730" lon="6.920270">
						<ele>361</ele>
						<time>2026-10-02T23:06:56Z</time>
					</trkpt>
					<trkpt lat="48.444800" lon="6.920080">
						<ele>364</ele>
						<time>2026-10-02T23:07:03Z</time>
					</trkpt>
					<trkpt lat="48.444890" lon="6.919880">
						<ele>367</ele>
						<time>2026-10-02T23:07:11Z</time>
					</trkpt>
					<trkpt lat="48.445040" lon="6.919390">
						<ele>379</ele>
						<time>2026-10-02T23:07:29Z</time>
					</trkpt>
					<trkpt lat="48.445170" lon="6.919050">
						<ele>387</ele>
						<time>2026-10-02T23:07:42Z</time>
					</trkpt>
					<trkpt lat="48.445490" lon="6.918900">
						<ele>387</ele>
						<time>2026-10-02T23:07:59Z</time>
					</trkpt>
					<trkpt lat="48.446120" lon="6.918700">
						<ele>392</ele>
						<time>2026-10-02T23:08:31Z</time>
					</trkpt>
					<trkpt lat="48.446240" lon="6.918720">
						<ele>392</ele>
						<time>2026-10-02T23:08:37Z</time>
					</trkpt>
					<trkpt lat="48.446460" lon="6.918710">
						<ele>395</ele>
						<time>2026-10-02T23:08:48Z</time>
					</trkpt>
					<trkpt lat="48.446820" lon="6.918650">
						<ele>401</ele>
						<time>2026-10-02T23:09:06Z</time>
					</trkpt>
					<trkpt lat="48.447200" lon="6.918520">
						<ele>410</ele>
						<time>2026-10-02T23:09:26Z</time>
					</trkpt>
					<trkpt lat="48.447670" lon="6.918550">
						<ele>412</ele>
						<time>2026-10-02T23:09:49Z</time>
					</trkpt>
					<trkpt lat="48.447930" lon="6.918530">
						<ele>414</ele>
						<time>2026-10-02T23:10:02Z</time>
					</trkpt>
					<trkpt lat="48.448330" lon="6.918520">
						<ele>417</ele>
						<time>2026-10-02T23:10:22Z</time>
					</trkpt>
					<trkpt lat="48.448660" lon="6.918560">
						<ele>420</ele>
						<time>2026-10-02T23:10:39Z</time>
					</trkpt>
					<trkpt lat="48.449040" lon="6.918550">
						<ele>426</ele>
						<time>2026-10-02T23:10:58Z</time>
					</trkpt>
					<trkpt lat="48.449190" lon="6.918540">
						<ele>427</ele>
						<time>2026-10-02T23:11:05Z</time>
					</trkpt>
					<trkpt lat="48.449370" lon="6.918490">
						<ele>428</ele>
						<time>2026-10-02T23:11:14Z</time>
					</trkpt>
					<trkpt lat="48.449570" lon="6.918300">
						<ele>433</ele>
						<time>2026-10-02T23:11:26Z</time>
					</trkpt>
					<trkpt lat="48.449710" lon="6.918110">
						<ele>438</ele>
						<time>2026-10-02T23:11:36Z</time>
					</trkpt>
					<trkpt lat="48.449820" lon="6.917920">
						<ele>441</ele>
						<time>2026-10-02T23:11:44Z</time>
					</trkpt>
					<trkpt lat="48.449900" lon="6.917700">
						<ele>446</ele>
						<time>2026-10-02T23:11:52Z</time>
					</trkpt>
					<trkpt lat="48.450220" lon="6.916600">
						<ele>464</ele>
						<time>2026-10-02T23:12:32Z</time>
					</trkpt>
					<trkpt lat="48.450350" lon="6.916320">
						<ele>464</ele>
						<time>2026-10-02T23:12:44Z</time>
					</trkpt>
					<trkpt lat="48.450620" lon="6.916210">
						<ele>453</ele>
						<time>2026-10-02T23:12:58Z</time>
					</trkpt>
					<trkpt lat="48.450850" lon="6.916120">
						<ele>443</ele>
						<time>2026-10-02T23:13:09Z</time>
					</trkpt>
					<trkpt lat="48.450900" lon="6.916050">
						<ele>443</ele>
						<time>2026-10-02T23:13:13Z</time>
					</trkpt>
					<trkpt lat="48.450950" lon="6.915970">
						<ele>443</ele>
						<time>2026-10-02T23:13:16Z</time>
					</trkpt>
					<trkpt lat="48.450980" lon="6.915760">
						<ele>444</ele>
						<time>2026-10-02T23:13:24Z</time>
					</trkpt>
					<trkpt lat="48.451130" lon="6.915780">
						<ele>442</ele>
						<time>2026-10-02T23:13:31Z</time>
					</trkpt>
					<trkpt lat="48.451500" lon="6.915810">
						<ele>435</ele>
						<time>2026-10-02T23:13:50Z</time>
					</trkpt>
					<trkpt lat="48.451920" lon="6.915940">
						<ele>429</ele>
						<time>2026-10-02T23:14:11Z</time>
					</trkpt>
					<trkpt lat="48.452090" lon="6.915950">
						<ele>427</ele>
						<time>2026-10-02T23:14:20Z</time>
					</trkpt>
					<trkpt lat="48.452260" lon="6.915920">
						<ele>425</ele>
						<time>2026-10-02T23:14:28Z</time>
					</trkpt>
					<trkpt lat="48.452410" lon="6.915870">
						<ele>424</ele>
						<time>2026-10-02T23:14:36Z</time>
					</trkpt>
					<trkpt lat="48.452590" lon="6.915890">
						<ele>421</ele>
						<time>2026-10-02T23:14:45Z</time>
					</trkpt>
					<trkpt lat="48.452810" lon="6.915970">
						<ele>414</ele>
						<time>2026-10-02T23:14:56Z</time>
					</trkpt>
					<trkpt lat="48.453040" lon="6.916150">
						<ele>405</ele>
						<time>2026-10-02T23:15:09Z</time>
					</trkpt>
					<trkpt lat="48.453140" lon="6.916270">
						<ele>401</ele>
						<time>2026-10-02T23:15:16Z</time>
					</trkpt>
					<trkpt lat="48.453230" lon="6.916340">
						<ele>398</ele>
						<time>2026-10-02T23:15:21Z</time>
					</trkpt>
					<trkpt lat="48.453340" lon="6.916350">
						<ele>395</ele>
						<time>2026-10-02T23:15:26Z</time>
					</trkpt>
					<trkpt lat="48.453480" lon="6.916310">
						<ele>394</ele>
						<time>2026-10-02T23:15:33Z</time>
					</trkpt>
					<trkpt lat="48.453430" lon="6.916480">
						<ele>393</ele>
						<time>2026-10-02T23:15:40Z</time>
					</trkpt>
					<trkpt lat="48.453430" lon="6.916480">
						<ele>393</ele>
						<time>2026-10-02T23:15:40Z</time>
					</trkpt>
					<trkpt lat="48.453330" lon="6.916570">
						<ele>392</ele>
						<time>2026-10-02T23:15:45Z</time>
					</trkpt>
					<trkpt lat="48.453330" lon="6.916570">
						<ele>392</ele>
						<time>2026-10-02T23:15:45Z</time>
					</trkpt>
					<trkpt lat="48.453130" lon="6.916740">
						<ele>396</ele>
						<time>2026-10-02T23:15:57Z</time>
					</trkpt>
					<trkpt lat="48.452820" lon="6.917000">
						<ele>398</ele>
						<time>2026-10-02T23:16:15Z</time>
					</trkpt>
					<trkpt lat="48.452800" lon="6.917040">
						<ele>397</ele>
						<time>2026-10-02T23:16:16Z</time>
					</trkpt>
					<trkpt lat="48.452760" lon="6.917120">
						<ele>396</ele>
						<time>2026-10-02T23:16:20Z</time>
					</trkpt>
					<trkpt lat="48.452790" lon="6.917260">
						<ele>393</ele>
						<time>2026-10-02T23:16:24Z</time>
					</trkpt>
					<trkpt lat="48.454290" lon="6.920860">
						<ele>381</ele>
						<time>2026-10-02T23:18:46Z</time>
					</trkpt>
					<trkpt lat="48.454310" lon="6.920850">
						<ele>381</ele>
						<time>2026-10-02T23:18:47Z</time>
					</trkpt>
					<trkpt lat="48.454380" lon="6.920870">
						<ele>382</ele>
						<time>2026-10-02T23:18:50Z</time>
					</trkpt>
					<trkpt lat="48.454430" lon="6.920870">
						<ele>383</ele>
						<time>2026-10-02T23:18:53Z</time>
					</trkpt>
					<trkpt lat="48.454550" lon="6.920830">
						<ele>384</ele>
						<time>2026-10-02T23:18:59Z</time>
					</trkpt>
					<trkpt lat="48.454580" lon="6.920830">
						<ele>384</ele>
						<time>2026-10-02T23:19:00Z</time>
					</trkpt>
					<trkpt lat="48.454720" lon="6.920760">
						<ele>386</ele>
						<time>2026-10-02T23:19:08Z</time>
					</trkpt>
					<trkpt lat="48.454890" lon="6.920730">
						<ele>388</ele>
						<time>2026-10-02T23:19:16Z</time>
					</trkpt>
					<trkpt lat="48.454990" lon="6.920690">
						<ele>389</ele>
						<time>2026-10-02T23:19:21Z</time>
					</trkpt>
					<trkpt lat="48.455020" lon="6.920690">
						<ele>389</ele>
						<time>2026-10-02T23:19:23Z</time>
					</trkpt>
					<trkpt lat="48.455050" lon="6.920660">
						<ele>388</ele>
						<time>2026-10-02T23:19:25Z</time>
					</trkpt>
					<trkpt lat="48.455140" lon="6.920710">
						<ele>388</ele>
						<time>2026-10-02T23:19:30Z</time>
					</trkpt>
					<trkpt lat="48.455140" lon="6.920760">
						<ele>389</ele>
						<time>2026-10-02T23:19:31Z</time>
					</trkpt>
					<trkpt lat="48.455170" lon="6.920790">
						<ele>389</ele>
						<time>2026-10-02T23:19:33Z</time>
					</trkpt>
					<trkpt lat="48.455260" lon="6.920870">
						<ele>389</ele>
						<time>2026-10-02T23:19:38Z</time>
					</trkpt>
					<trkpt lat="48.455330" lon="6.920960">
						<ele>389</ele>
						<time>2026-10-02T23:19:43Z</time>
					</trkpt>
					<trkpt lat="48.455380" lon="6.921060">
						<ele>390</ele>
						<time>2026-10-02T23:19:47Z</time>
					</trkpt>
					<trkpt lat="48.455440" lon="6.921220">
						<ele>391</ele>
						<time>2026-10-02T23:19:53Z</time>
					</trkpt>
					<trkpt lat="48.455550" lon="6.921390">
						<ele>391</ele>
						<time>2026-10-02T23:20:01Z</time>
					</trkpt>
					<trkpt lat="48.455550" lon="6.921520">
						<ele>392</ele>
						<time>2026-10-02T23:20:05Z</time>
					</trkpt>
					<trkpt lat="48.455540" lon="6.921680">
						<ele>393</ele>
						<time>2026-10-02T23:20:11Z</time>
					</trkpt>
					<trkpt lat="48.455510" lon="6.921760">
						<ele>394</ele>
						<time>2026-10-02T23:20:14Z</time>
					</trkpt>
					<trkpt lat="48.455480" lon="6.921870">
						<ele>395</ele>
						<time>2026-10-02T23:20:18Z</time>
					</trkpt>
					<trkpt lat="48.455480" lon="6.921940">
						<ele>395</ele>
						<time>2026-10-02T23:20:20Z</time>
					</trkpt>
					<trkpt lat="48.455480" lon="6.922350">
						<ele>398</ele>
						<time>2026-10-02T23:20:34Z</time>
					</trkpt>
					<trkpt lat="48.455480" lon="6.922350">
						<ele>398</ele>
						<time>2026-10-02T23:20:34Z</time>
					</trkpt>
					<trkpt lat="48.455520" lon="6.922760">
						<ele>399</ele>
						<time>2026-10-02T23:20:47Z</time>
					</trkpt>
					<trkpt lat="48.455540" lon="6.922920">
						<ele>399</ele>
						<time>2026-10-02T23:20:53Z</time>
					</trkpt>
					<trkpt lat="48.455540" lon="6.923250">
						<ele>400</ele>
						<time>2026-10-02T23:21:04Z</time>
					</trkpt>
					<trkpt lat="48.455620" lon="6.923610">
						<ele>400</ele>
						<time>2026-10-02T23:21:16Z</time>
					</trkpt>
					<trkpt lat="48.455650" lon="6.923910">
						<ele>402</ele>
						<time>2026-10-02T23:21:26Z</time>
					</trkpt>
					<trkpt lat="48.455770" lon="6.924120">
						<ele>400</ele>
						<time>2026-10-02T23:21:36Z</time>
					</trkpt>
					<trkpt lat="48.455820" lon="6.924270">
						<ele>401</ele>
						<time>2026-10-02T23:21:41Z</time>
					</trkpt>
					<trkpt lat="48.455930" lon="6.924410">
						<ele>403</ele>
						<time>2026-10-02T23:21:48Z</time>
					</trkpt>
					<trkpt lat="48.456050" lon="6.924370">
						<ele>402</ele>
						<time>2026-10-02T23:21:54Z</time>
					</trkpt>
					<trkpt lat="48.456190" lon="6.924250">
						<ele>401</ele>
						<time>2026-10-02T23:22:03Z</time>
					</trkpt>
					<trkpt lat="48.456450" lon="6.924230">
						<ele>401</ele>
						<time>2026-10-02T23:22:16Z</time>
					</trkpt>
					<trkpt lat="48.456650" lon="6.924120">
						<ele>399</ele>
						<time>2026-10-02T23:22:26Z</time>
					</trkpt>
					<trkpt lat="48.456780" lon="6.923970">
						<ele>398</ele>
						<time>2026-10-02T23:22:34Z</time>
					</trkpt>
					<trkpt lat="48.456960" lon="6.923640">
						<ele>395</ele>
						<time>2026-10-02T23:22:49Z</time>
					</trkpt>
					<trkpt lat="48.457110" lon="6.923580">
						<ele>394</ele>
						<time>2026-10-02T23:22:56Z</time>
					</trkpt>
					<trkpt lat="48.457390" lon="6.923330">
						<ele>391</ele>
						<time>2026-10-02T23:23:13Z</time>
					</trkpt>
					<trkpt lat="48.457600" lon="6.923230">
						<ele>391</ele>
						<time>2026-10-02T23:23:24Z</time>
					</trkpt>
					<trkpt lat="48.457900" lon="6.923150">
						<ele>393</ele>
						<time>2026-10-02T23:23:39Z</time>
					</trkpt>
					<trkpt lat="48.458270" lon="6.922900">
						<ele>393</ele>
						<time>2026-10-02T23:23:59Z</time>
					</trkpt>
					<trkpt lat="48.458380" lon="6.922850">
						<ele>393</ele>
						<time>2026-10-02T23:24:05Z</time>
					</trkpt>
					<trkpt lat="48.458470" lon="6.922810">
						<ele>392</ele>
						<time>2026-10-02T23:24:10Z</time>
					</trkpt>
					<trkpt lat="48.458720" lon="6.922820">
						<ele>392</ele>
						<time>2026-10-02T23:24:22Z</time>
					</trkpt>
					<trkpt lat="48.459010" lon="6.922960">
						<ele>392</ele>
						<time>2026-10-02T23:24:37Z</time>
					</trkpt>
					<trkpt lat="48.459240" lon="6.923090">
						<ele>392</ele>
						<time>2026-10-02T23:24:50Z</time>
					</trkpt>
					<trkpt lat="48.459320" lon="6.923160">
						<ele>392</ele>
						<time>2026-10-02T23:24:54Z</time>
					</trkpt>
					<trkpt lat="48.459400" lon="6.923390">
						<ele>393</ele>
						<time>2026-10-02T23:25:03Z</time>
					</trkpt>
					<trkpt lat="48.459430" lon="6.923770">
						<ele>396</ele>
						<time>2026-10-02T23:25:16Z</time>
					</trkpt>
					<trkpt lat="48.459600" lon="6.924330">
						<ele>397</ele>
						<time>2026-10-02T23:25:36Z</time>
					</trkpt>
					<trkpt lat="48.459690" lon="6.924610">
						<ele>397</ele>
						<time>2026-10-02T23:25:46Z</time>
					</trkpt>
					<trkpt lat="48.459660" lon="6.924860">
						<ele>400</ele>
						<time>2026-10-02T23:25:55Z</time>
					</trkpt>
					<trkpt lat="48.459820" lon="6.925190">
						<ele>399</ele>
						<time>2026-10-02T23:26:08Z</time>
					</trkpt>
					<trkpt lat="48.459850" lon="6.925620">
						<ele>401</ele>
						<time>2026-10-02T23:26:23Z</time>
					</trkpt>
					<trkpt lat="48.459990" lon="6.925860">
						<ele>398</ele>
						<time>2026-10-02T23:26:33Z</time>
					</trkpt>
					<trkpt lat="48.460020" lon="6.926020">
						<ele>399</ele>
						<time>2026-10-02T23:26:39Z</time>
					</trkpt>
					<trkpt lat="48.460080" lon="6.926170">
						<ele>401</ele>
						<time>2026-10-02T23:26:45Z</time>
					</trkpt>
					<trkpt lat="48.460090" lon="6.926340">
						<ele>402</ele>
						<time>2026-10-02T23:26:50Z</time>
					</trkpt>
					<trkpt lat="48.460100" lon="6.926450">
						<ele>403</ele>
						<time>2026-10-02T23:26:54Z</time>
					</trkpt>
					<trkpt lat="48.460140" lon="6.926520">
						<ele>403</ele>
						<time>2026-10-02T23:26:57Z</time>
					</trkpt>
					<trkpt lat="48.460290" lon="6.926410">
						<ele>404</ele>
						<time>2026-10-02T23:27:05Z</time>
					</trkpt>
					<trkpt lat="48.460400" lon="6.926230">
						<ele>403</ele>
						<time>2026-10-02T23:27:14Z</time>
					</trkpt>
					<trkpt lat="48.460560" lon="6.925790">
						<ele>400</ele>
						<time>2026-10-02T23:27:30Z</time>
					</trkpt>
					<trkpt lat="48.460800" lon="6.925410">
						<ele>398</ele>
						<time>2026-10-02T23:27:48Z</time>
					</trkpt>
					<trkpt lat="48.461540" lon="6.924160">
						<ele>390</ele>
						<time>2026-10-02T23:28:43Z</time>
					</trkpt>
					<trkpt lat="48.461830" lon="6.923830">
						<ele>390</ele>
						<time>2026-10-02T23:29:01Z</time>
					</trkpt>
					<trkpt lat="48.461910" lon="6.923740">
						<ele>390</ele>
						<time>2026-10-02T23:29:06Z</time>
					</trkpt>
					<trkpt lat="48.462230" lon="6.923630">
						<ele>390</ele>
						<time>2026-10-02T23:29:23Z</time>
					</trkpt>
					<trkpt lat="48.462350" lon="6.923660">
						<ele>390</ele>
						<time>2026-10-02T23:29:29Z</time>
					</trkpt>
					<trkpt lat="48.462570" lon="6.923730">
						<ele>391</ele>
						<time>2026-10-02T23:29:40Z</time>
					</trkpt>
					<trkpt lat="48.462700" lon="6.923880">
						<ele>392</ele>
						<time>2026-10-02T23:29:48Z</time>
					</trkpt>
					<trkpt lat="48.462960" lon="6.924110">
						<ele>391</ele>
						<time>2026-10-02T23:30:03Z</time>
					</trkpt>
					<trkpt lat="48.463110" lon="6.924320">
						<ele>391</ele>
						<time>2026-10-02T23:30:14Z</time>
					</trkpt>
					<trkpt lat="48.463250" lon="6.924770">
						<ele>390</ele>
						<time>2026-10-02T23:30:30Z</time>
					</trkpt>
					<trkpt lat="48.463280" lon="6.925090">
						<ele>390</ele>
						<time>2026-10-02T23:30:41Z</time>
					</trkpt>
					<trkpt lat="48.463280" lon="6.925170">
						<ele>390</ele>
						<time>2026-10-02T23:30:44Z</time>
					</trkpt>
					<trkpt lat="48.463050" lon="6.925770">
						<ele>398</ele>
						<time>2026-10-02T23:31:07Z</time>
					</trkpt>
					<trkpt lat="48.462940" lon="6.926000">
						<ele>402</ele>
						<time>2026-10-02T23:31:16Z</time>
					</trkpt>
					<trkpt lat="48.462750" lon="6.926470">
						<ele>410</ele>
						<time>2026-10-02T23:31:34Z</time>
					</trkpt>
					<trkpt lat="48.462590" lon="6.927060">
						<ele>414</ele>
						<time>2026-10-02T23:31:55Z</time>
					</trkpt>
					<trkpt lat="48.462470" lon="6.927790">
						<ele>412</ele>
						<time>2026-10-02T23:32:20Z</time>
					</trkpt>
					<trkpt lat="48.462370" lon="6.928200">
						<ele>413</ele>
						<time>2026-10-02T23:32:35Z</time>
					</trkpt>
					<trkpt lat="48.462420" lon="6.928310">
						<ele>411</ele>
						<time>2026-10-02T23:32:39Z</time>
					</trkpt>
					<trkpt lat="48.462550" lon="6.928470">
						<ele>410</ele>
						<time>2026-10-02T23:32:48Z</time>
					</trkpt>
					<trkpt lat="48.462740" lon="6.928490">
						<ele>410</ele>
						<time>2026-10-02T23:32:57Z</time>
					</trkpt>
					<trkpt lat="48.463130" lon="6.928070">
						<ele>404</ele>
						<time>2026-10-02T23:33:21Z</time>
					</trkpt>
					<trkpt lat="48.463330" lon="6.928000">
						<ele>401</ele>
						<time>2026-10-02T23:33:31Z</time>
					</trkpt>
					<trkpt lat="48.463460" lon="6.928000">
						<ele>403</ele>
						<time>2026-10-02T23:33:38Z</time>
					</trkpt>
					<trkpt lat="48.463610" lon="6.928020">
						<ele>405</ele>
						<time>2026-10-02T23:33:45Z</time>
					</trkpt>
					<trkpt lat="48.463790" lon="6.928020">
						<ele>407</ele>
						<time>2026-10-02T23:33:54Z</time>
					</trkpt>
					<trkpt lat="48.463950" lon="6.927580">
						<ele>401</ele>
						<time>2026-10-02T23:34:11Z</time>
					</trkpt>
					<trkpt lat="48.464220" lon="6.927360">
						<ele>399</ele>
						<time>2026-10-02T23:34:26Z</time>
					</trkpt>
					<trkpt lat="48.464390" lon="6.927250">
						<ele>398</ele>
						<time>2026-10-02T23:34:36Z</time>
					</trkpt>
					<trkpt lat="48.464720" lon="6.927240">
						<ele>397</ele>
						<time>2026-10-02T23:34:52Z</time>
					</trkpt>
					<trkpt lat="48.465200" lon="6.927290">
						<ele>396</ele>
						<time>2026-10-02T23:35:16Z</time>
					</trkpt>
					<trkpt lat="48.465660" lon="6.927530">
						<ele>396</ele>
						<time>2026-10-02T23:35:41Z</time>
					</trkpt>
					<trkpt lat="48.466210" lon="6.928100">
						<ele>398</ele>
						<time>2026-10-02T23:36:14Z</time>
					</trkpt>
					<trkpt lat="48.466540" lon="6.928570">
						<ele>398</ele>
						<time>2026-10-02T23:36:37Z</time>
					</trkpt>
					<trkpt lat="48.466880" lon="6.928980">
						<ele>398</ele>
						<time>2026-10-02T23:36:59Z</time>
					</trkpt>
					<trkpt lat="48.467130" lon="6.929350">
						<ele>400</ele>
						<time>2026-10-02T23:37:16Z</time>
					</trkpt>
					<trkpt lat="48.467190" lon="6.929470">
						<ele>401</ele>
						<time>2026-10-02T23:37:21Z</time>
					</trkpt>
					<trkpt lat="48.467240" lon="6.929520">
						<ele>401</ele>
						<time>2026-10-02T23:37:24Z</time>
					</trkpt>
					<trkpt lat="48.467300" lon="6.929530">
						<ele>401</ele>
						<time>2026-10-02T23:37:27Z</time>
					</trkpt>
					<trkpt lat="48.467430" lon="6.929510">
						<ele>399</ele>
						<time>2026-10-02T23:37:34Z</time>
					</trkpt>
					<trkpt lat="48.467430" lon="6.929510">
						<ele>399</ele>
						<time>2026-10-02T23:37:34Z</time>
					</trkpt>
					<trkpt lat="48.467570" lon="6.929630">
						<ele>401</ele>
						<time>2026-10-02T23:37:42Z</time>
					</trkpt>
					<trkpt lat="48.467560" lon="6.929510">
						<ele>400</ele>
						<time>2026-10-02T23:37:46Z</time>
					</trkpt>
					<trkpt lat="48.467580" lon="6.929450">
						<ele>400</ele>
						<time>2026-10-02T23:37:48Z</time>
					</trkpt>
					<trkpt lat="48.467580" lon="6.929330">
						<ele>399</ele>
						<time>2026-10-02T23:37:52Z</time>
					</trkpt>
					<trkpt lat="48.467560" lon="6.929060">
						<ele>397</ele>
						<time>2026-10-02T23:38:01Z</time>
					</trkpt>
					<trkpt lat="48.467280" lon="6.927700">
						<ele>399</ele>
						<time>2026-10-02T23:38:48Z</time>
					</trkpt>
					<trkpt lat="48.467050" lon="6.926500">
						<ele>399</ele>
						<time>2026-10-02T23:39:30Z</time>
					</trkpt>
					<trkpt lat="48.466830" lon="6.925500">
						<ele>401</ele>
						<time>2026-10-02T23:40:05Z</time>
					</trkpt>
					<trkpt lat="48.466750" lon="6.925190">
						<ele>402</ele>
						<time>2026-10-02T23:40:16Z</time>
					</trkpt>
					<trkpt lat="48.466600" lon="6.924750">
						<ele>403</ele>
						<time>2026-10-02T23:40:32Z</time>
					</trkpt>
					<trkpt lat="48.466570" lon="6.924670">
						<ele>403</ele>
						<time>2026-10-02T23:40:35Z</time>
					</trkpt>
					<trkpt lat="48.466530" lon="6.924490">
						<ele>404</ele>
						<time>2026-10-02T23:40:41Z</time>
					</trkpt>
					<trkpt lat="48.466410" lon="6.924120">
						<ele>405</ele>
						<time>2026-10-02T23:40:55Z</time>
					</trkpt>
					<trkpt lat="48.466150" lon="6.923420">
						<ele>401</ele>
						<time>2026-10-02T23:41:22Z</time>
					</trkpt>
					<trkpt lat="48.465860" lon="6.922580">
						<ele>396</ele>
						<time>2026-10-02T23:41:53Z</time>
					</trkpt>
					<trkpt lat="48.465770" lon="6.922240">
						<ele>394</ele>
						<time>2026-10-02T23:42:05Z</time>
					</trkpt>
					<trkpt lat="48.465720" lon="6.921920">
						<ele>392</ele>
						<time>2026-10-02T23:42:16Z</time>
					</trkpt>
					<trkpt lat="48.465660" lon="6.921670">
						<ele>391</ele>
						<time>2026-10-02T23:42:25Z</time>
					</trkpt>
					<trkpt lat="48.465680" lon="6.921380">
						<ele>390</ele>
						<time>2026-10-02T23:42:35Z</time>
					</trkpt>
					<trkpt lat="48.465870" lon="6.921210">
						<ele>390</ele>
						<time>2026-10-02T23:42:46Z</time>
					</trkpt>
					<trkpt lat="48.466120" lon="6.921140">
						<ele>391</ele>
						<time>2026-10-02T23:42:58Z</time>
					</trkpt>
					<trkpt lat="48.466580" lon="6.921080">
						<ele>392</ele>
						<time>2026-10-02T23:43:22Z</time>
					</trkpt>
					<trkpt lat="48.467340" lon="6.921140">
						<ele>393</ele>
						<time>2026-10-02T23:44:00Z</time>
					</trkpt>
					<trkpt lat="48.467600" lon="6.921210">
						<ele>394</ele>
						<time>2026-10-02T23:44:13Z</time>
					</trkpt>
					<trkpt lat="48.467880" lon="6.921200">
						<ele>393</ele>
						<time>2026-10-02T23:44:27Z</time>
					</trkpt>
					<trkpt lat="48.468030" lon="6.921250">
						<ele>394</ele>
						<time>2026-10-02T23:44:35Z</time>
					</trkpt>
					<trkpt lat="48.468460" lon="6.921540">
						<ele>395</ele>
						<time>2026-10-02T23:44:58Z</time>
					</trkpt>
					<trkpt lat="48.468610" lon="6.921600">
						<ele>395</ele>
						<time>2026-10-02T23:45:06Z</time>
					</trkpt>
					<trkpt lat="48.468750" lon="6.921740">
						<ele>395</ele>
						<time>2026-10-02T23:45:14Z</time>
					</trkpt>
					<trkpt lat="48.468890" lon="6.921910">
						<ele>396</ele>
						<time>2026-10-02T23:45:23Z</time>
					</trkpt>
					<trkpt lat="48.469040" lon="6.922020">
						<ele>396</ele>
						<time>2026-10-02T23:45:32Z</time>
					</trkpt>
					<trkpt lat="48.469190" lon="6.922180">
						<ele>396</ele>
						<time>2026-10-02T23:45:41Z</time>
					</trkpt>
					<trkpt lat="48.469270" lon="6.922350">
						<ele>397</ele>
						<time>2026-10-02T23:45:48Z</time>
					</trkpt>
					<trkpt lat="48.469280" lon="6.922510">
						<ele>399</ele>
						<time>2026-10-02T23:45:53Z</time>
					</trkpt>
					<trkpt lat="48.469370" lon="6.922660">
						<ele>400</ele>
						<time>2026-10-02T23:46:00Z</time>
					</trkpt>
					<trkpt lat="48.469500" lon="6.922680">
						<ele>399</ele>
						<time>2026-10-02T23:46:06Z</time>
					</trkpt>
					<trkpt lat="48.469830" lon="6.922420">
						<ele>392</ele>
						<time>2026-10-02T23:46:25Z</time>
					</trkpt>
					<trkpt lat="48.470020" lon="6.922330">
						<ele>390</ele>
						<time>2026-10-02T23:46:35Z</time>
					</trkpt>
					<trkpt lat="48.470130" lon="6.922330">
						<ele>390</ele>
						<time>2026-10-02T23:46:40Z</time>
					</trkpt>
					<trkpt lat="48.470180" lon="6.922360">
						<ele>390</ele>
						<time>2026-10-02T23:46:43Z</time>
					</trkpt>
					<trkpt lat="48.470500" lon="6.922460">
						<ele>389</ele>
						<time>2026-10-02T23:47:00Z</time>
					</trkpt>
					<trkpt lat="48.470660" lon="6.922600">
						<ele>390</ele>
						<time>2026-10-02T23:47:09Z</time>
					</trkpt>
					<trkpt lat="48.470770" lon="6.922790">
						<ele>391</ele>
						<time>2026-10-02T23:47:17Z</time>
					</trkpt>
					<trkpt lat="48.470920" lon="6.922960">
						<ele>391</ele>
						<time>2026-10-02T23:47:27Z</time>
					</trkpt>
					<trkpt lat="48.471210" lon="6.923500">
						<ele>392</ele>
						<time>2026-10-02T23:47:50Z</time>
					</trkpt>
					<trkpt lat="48.471200" lon="6.923680">
						<ele>393</ele>
						<time>2026-10-02T23:47:56Z</time>
					</trkpt>
					<trkpt lat="48.471330" lon="6.924040">
						<ele>394</ele>
						<time>2026-10-02T23:48:09Z</time>
					</trkpt>
					<trkpt lat="48.471430" lon="6.924170">
						<ele>393</ele>
						<time>2026-10-02T23:48:16Z</time>
					</trkpt>
					<trkpt lat="48.471700" lon="6.924980">
						<ele>393</ele>
						<time>2026-10-02T23:48:46Z</time>
					</trkpt>
					<trkpt lat="48.471740" lon="6.925150">
						<ele>393</ele>
						<time>2026-10-02T23:48:52Z</time>
					</trkpt>
					<trkpt lat="48.471900" lon="6.925350">
						<ele>392</ele>
						<time>2026-10-02T23:49:02Z</time>
					</trkpt>
					<trkpt lat="48.472000" lon="6.925530">
						<ele>392</ele>
						<time>2026-10-02T23:49:10Z</time>
					</trkpt>
					<trkpt lat="48.472200" lon="6.926170">
						<ele>393</ele>
						<time>2026-10-02T23:49:34Z</time>
					</trkpt>
					<trkpt lat="48.472310" lon="6.926600">
						<ele>392</ele>
						<time>2026-10-02T23:49:49Z</time>
					</trkpt>
					<trkpt lat="48.472340" lon="6.926950">
						<ele>394</ele>
						<time>2026-10-02T23:50:01Z</time>
					</trkpt>
					<trkpt lat="48.472390" lon="6.927170">
						<ele>394</ele>
						<time>2026-10-02T23:50:08Z</time>
					</trkpt>
					<trkpt lat="48.472550" lon="6.927580">
						<ele>395</ele>
						<time>2026-10-02T23:50:24Z</time>
					</trkpt>
					<trkpt lat="48.472640" lon="6.927690">
						<ele>396</ele>
						<time>2026-10-02T23:50:30Z</time>
					</trkpt>
					<trkpt lat="48.472770" lon="6.927720">
						<ele>395</ele>
						<time>2026-10-02T23:50:36Z</time>
					</trkpt>
					<trkpt lat="48.472960" lon="6.927690">
						<ele>393</ele>
						<time>2026-10-02T23:50:46Z</time>
					</trkpt>
					<trkpt lat="48.473110" lon="6.927730">
						<ele>393</ele>
						<time>2026-10-02T23:50:54Z</time>
					</trkpt>
					<trkpt lat="48.473210" lon="6.927850">
						<ele>393</ele>
						<time>2026-10-02T23:51:00Z</time>
					</trkpt>
					<trkpt lat="48.473330" lon="6.927900">
						<ele>393</ele>
						<time>2026-10-02T23:51:06Z</time>
					</trkpt>
					<trkpt lat="48.473480" lon="6.928050">
						<ele>394</ele>
						<time>2026-10-02T23:51:15Z</time>
					</trkpt>
					<trkpt lat="48.473580" lon="6.928200">
						<ele>395</ele>
						<time>2026-10-02T23:51:22Z</time>
					</trkpt>
					<trkpt lat="48.473740" lon="6.928290">
						<ele>394</ele>
						<time>2026-10-02T23:51:31Z</time>
					</trkpt>
					<trkpt lat="48.474070" lon="6.928560">
						<ele>393</ele>
						<time>2026-10-02T23:51:50Z</time>
					</trkpt>
					<trkpt lat="48.474200" lon="6.928720">
						<ele>393</ele>
						<time>2026-10-02T23:51:58Z</time>
					</trkpt>
					<trkpt lat="48.474460" lon="6.928920">
						<ele>394</ele>
						<time>2026-10-02T23:52:13Z</time>
					</trkpt>
					<trkpt lat="48.474510" lon="6.929070">
						<ele>395</ele>
						<time>2026-10-02T23:52:18Z</time>
					</trkpt>
					<trkpt lat="48.474590" lon="6.929320">
						<ele>397</ele>
						<time>2026-10-02T23:52:27Z</time>
					</trkpt>
					<trkpt lat="48.474660" lon="6.929440">
						<ele>398</ele>
						<time>2026-10-02T23:52:33Z</time>
					</trkpt>
					<trkpt lat="48.474760" lon="6.929460">
						<ele>398</ele>
						<time>2026-10-02T23:52:38Z</time>
					</trkpt>
					<trkpt lat="48.474840" lon="6.929430">
						<ele>398</ele>
						<time>2026-10-02T23:52:42Z</time>
					</trkpt>
					<trkpt lat="48.474980" lon="6.929270">
						<ele>395</ele>
						<time>2026-10-02T23:52:51Z</time>
					</trkpt>
					<trkpt lat="48.475080" lon="6.929220">
						<ele>395</ele>
						<time>2026-10-02T23:52:56Z</time>
					</trkpt>
					<trkpt lat="48.476340" lon="6.929240">
						<ele>402</ele>
						<time>2026-10-02T23:53:59Z</time>
					</trkpt>
					<trkpt lat="48.476700" lon="6.929200">
						<ele>403</ele>
						<time>2026-10-02T23:54:17Z</time>
					</trkpt>
					<trkpt lat="48.476820" lon="6.929120">
						<ele>404</ele>
						<time>2026-10-02T23:54:24Z</time>
					</trkpt>
					<trkpt lat="48.476870" lon="6.929010">
						<ele>406</ele>
						<time>2026-10-02T23:54:28Z</time>
					</trkpt>
					<trkpt lat="48.476880" lon="6.928940">
						<ele>407</ele>
						<time>2026-10-02T23:54:30Z</time>
					</trkpt>
					<trkpt lat="48.476830" lon="6.928790">
						<ele>408</ele>
						<time>2026-10-02T23:54:36Z</time>
					</trkpt>
					<trkpt lat="48.476560" lon="6.928480">
						<ele>410</ele>
						<time>2026-10-02T23:54:53Z</time>
					</trkpt>
					<trkpt lat="48.476530" lon="6.928460">
						<ele>410</ele>
						<time>2026-10-02T23:54:55Z</time>
					</trkpt>
					<trkpt lat="48.476500" lon="6.928460">
						<ele>409</ele>
						<time>2026-10-02T23:54:56Z</time>
					</trkpt>
					<trkpt lat="48.476270" lon="6.928340">
						<ele>408</ele>
						<time>2026-10-02T23:55:08Z</time>
					</trkpt>
					<trkpt lat="48.475980" lon="6.928180">
						<ele>408</ele>
						<time>2026-10-02T23:55:24Z</time>
					</trkpt>
					<trkpt lat="48.475540" lon="6.928150">
						<ele>404</ele>
						<time>2026-10-02T23:55:46Z</time>
					</trkpt>
					<trkpt lat="48.475810" lon="6.928020">
						<ele>410</ele>
						<time>2026-10-02T23:56:00Z</time>
					</trkpt>
					<trkpt lat="48.475710" lon="6.927550">
						<ele>420</ele>
						<time>2026-10-02T23:56:16Z</time>
					</trkpt>
					<trkpt lat="48.475490" lon="6.927400">
						<ele>419</ele>
						<time>2026-10-02T23:56:28Z</time>
					</trkpt>
					<trkpt lat="48.474920" lon="6.926740">
						<ele>417</ele>
						<time>2026-10-02T23:57:04Z</time>
					</trkpt>
					<trkpt lat="48.474470" lon="6.925750">
						<ele>419</ele>
						<time>2026-10-02T23:57:44Z</time>
					</trkpt>
					<trkpt lat="48.474300" lon="6.925190">
						<ele>420</ele>
						<time>2026-10-02T23:58:05Z</time>
					</trkpt>
					<trkpt lat="48.474010" lon="6.924260">
						<ele>420</ele>
						<time>2026-10-02T23:58:39Z</time>
					</trkpt>
					<trkpt lat="48.473940" lon="6.924010">
						<ele>420</ele>
						<time>2026-10-02T23:58:48Z</time>
					</trkpt>
					<trkpt lat="48.473870" lon="6.923590">
						<ele>421</ele>
						<time>2026-10-02T23:59:02Z</time>
					</trkpt>
					<trkpt lat="48.473940" lon="6.923390">
						<ele>426</ele>
						<time>2026-10-02T23:59:10Z</time>
					</trkpt>
					<trkpt lat="48.474020" lon="6.923270">
						<ele>429</ele>
						<time>2026-10-02T23:59:15Z</time>
					</trkpt>
					<trkpt lat="48.474040" lon="6.923140">
						<ele>429</ele>
						<time>2026-10-02T23:59:20Z</time>
					</trkpt>
					<trkpt lat="48.474100" lon="6.923070">
						<ele>431</ele>
						<time>2026-10-02T23:59:23Z</time>
					</trkpt>
					<trkpt lat="48.474120" lon="6.922950">
						<ele>431</ele>
						<time>2026-10-02T23:59:28Z</time>
					</trkpt>
					<trkpt lat="48.474170" lon="6.922810">
						<ele>433</ele>
						<time>2026-10-02T23:59:33Z</time>
					</trkpt>
					<trkpt lat="48.474230" lon="6.922700">
						<ele>433</ele>
						<time>2026-10-02T23:59:38Z</time>
					</trkpt>
					<trkpt lat="48.474300" lon="6.922670">
						<ele>434</ele>
						<time>2026-10-02T23:59:41Z</time>
					</trkpt>
					<trkpt lat="48.474350" lon="6.922810">
						<ele>436</ele>
						<time>2026-10-02T23:59:46Z</time>
					</trkpt>
					<trkpt lat="48.474360" lon="6.923060">
						<ele>438</ele>
						<time>2026-10-02T23:59:55Z</time>
					</trkpt>
					<trkpt lat="48.474430" lon="6.923140">
						<ele>440</ele>
						<time>2026-10-02T23:59:59Z</time>
					</trkpt>
					<trkpt lat="48.474430" lon="6.923330">
						<ele>441</ele>
						<time>2026-10-03T00:00:05Z</time>
					</trkpt>
					<trkpt lat="48.474480" lon="6.923540">
						<ele>441</ele>
						<time>2026-10-03T00:00:13Z</time>
					</trkpt>
					<trkpt lat="48.474520" lon="6.923830">
						<ele>440</ele>
						<time>2026-10-03T00:00:23Z</time>
					</trkpt>
					<trkpt lat="48.474570" lon="6.924030">
						<ele>441</ele>
						<time>2026-10-03T00:00:30Z</time>
					</trkpt>
					<trkpt lat="48.474700" lon="6.924290">
						<ele>444</ele>
						<time>2026-10-03T00:00:41Z</time>
					</trkpt>
					<trkpt lat="48.474820" lon="6.924600">
						<ele>446</ele>
						<time>2026-10-03T00:00:53Z</time>
					</trkpt>
					<trkpt lat="48.474930" lon="6.925120">
						<ele>446</ele>
						<time>2026-10-03T00:01:11Z</time>
					</trkpt>
					<trkpt lat="48.475040" lon="6.925280">
						<ele>447</ele>
						<time>2026-10-03T00:01:18Z</time>
					</trkpt>
					<trkpt lat="48.475080" lon="6.925440">
						<ele>446</ele>
						<time>2026-10-03T00:01:24Z</time>
					</trkpt>
					<trkpt lat="48.475250" lon="6.925650">
						<ele>447</ele>
						<time>2026-10-03T00:01:35Z</time>
					</trkpt>
					<trkpt lat="48.475610" lon="6.926040">
						<ele>451</ele>
						<time>2026-10-03T00:01:57Z</time>
					</trkpt>
					<trkpt lat="48.475760" lon="6.926140">
						<ele>454</ele>
						<time>2026-10-03T00:02:05Z</time>
					</trkpt>
					<trkpt lat="48.475930" lon="6.926320">
						<ele>454</ele>
						<time>2026-10-03T00:02:16Z</time>
					</trkpt>
					<trkpt lat="48.476090" lon="6.926430">
						<ele>454</ele>
						<time>2026-10-03T00:02:25Z</time>
					</trkpt>
					<trkpt lat="48.476250" lon="6.926600">
						<ele>454</ele>
						<time>2026-10-03T00:02:34Z</time>
					</trkpt>
					<trkpt lat="48.476570" lon="6.926750">
						<ele>457</ele>
						<time>2026-10-03T00:02:51Z</time>
					</trkpt>
					<trkpt lat="48.476770" lon="6.926950">
						<ele>456</ele>
						<time>2026-10-03T00:03:03Z</time>
					</trkpt>
					<trkpt lat="48.477170" lon="6.927060">
						<ele>459</ele>
						<time>2026-10-03T00:03:23Z</time>
					</trkpt>
					<trkpt lat="48.477380" lon="6.927240">
						<ele>459</ele>
						<time>2026-10-03T00:03:36Z</time>
					</trkpt>
					<trkpt lat="48.477730" lon="6.927450">
						<ele>458</ele>
						<time>2026-10-03T00:03:54Z</time>
					</trkpt>
					<trkpt lat="48.477840" lon="6.927490">
						<ele>459</ele>
						<time>2026-10-03T00:04:00Z</time>
					</trkpt>
					<trkpt lat="48.478050" lon="6.927640">
						<ele>457</ele>
						<time>2026-10-03T00:04:12Z</time>
					</trkpt>
					<trkpt lat="48.478190" lon="6.927700">
						<ele>458</ele>
						<time>2026-10-03T00:04:19Z</time>
					</trkpt>
					<trkpt lat="48.478360" lon="6.927870">
						<ele>457</ele>
						<time>2026-10-03T00:04:29Z</time>
					</trkpt>
					<trkpt lat="48.478430" lon="6.927910">
						<ele>457</ele>
						<time>2026-10-03T00:04:33Z</time>
					</trkpt>
					<trkpt lat="48.478470" lon="6.927940">
						<ele>458</ele>
						<time>2026-10-03T00:04:35Z</time>
					</trkpt>
					<trkpt lat="48.478560" lon="6.928090">
						<ele>457</ele>
						<time>2026-10-03T00:04:42Z</time>
					</trkpt>
					<trkpt lat="48.478680" lon="6.928200">
						<ele>458</ele>
						<time>2026-10-03T00:04:49Z</time>
					</trkpt>
					<trkpt lat="48.478840" lon="6.928280">
						<ele>461</ele>
						<time>2026-10-03T00:04:57Z</time>
					</trkpt>
					<trkpt lat="48.478930" lon="6.928340">
						<ele>462</ele>
						<time>2026-10-03T00:05:02Z</time>
					</trkpt>
					<trkpt lat="48.479010" lon="6.928470">
						<ele>462</ele>
						<time>2026-10-03T00:05:08Z</time>
					</trkpt>
					<trkpt lat="48.479180" lon="6.928700">
						<ele>462</ele>
						<time>2026-10-03T00:05:20Z</time>
					</trkpt>
					<trkpt lat="48.479560" lon="6.929200">
						<ele>464</ele>
						<time>2026-10-03T00:05:45Z</time>
					</trkpt>
					<trkpt lat="48.479700" lon="6.929430">
						<ele>463</ele>
						<time>2026-10-03T00:05:55Z</time>
					</trkpt>
					<trkpt lat="48.479790" lon="6.929680">
						<ele>460</ele>
						<time>2026-10-03T00:06:05Z</time>
					</trkpt>
					<trkpt lat="48.479990" lon="6.929890">
						<ele>464</ele>
						<time>2026-10-03T00:06:17Z</time>
					</trkpt>
					<trkpt lat="48.480200" lon="6.930160">
						<ele>464</ele>
						<time>2026-10-03T00:06:31Z</time>
					</trkpt>
					<trkpt lat="48.480400" lon="6.930500">
						<ele>464</ele>
						<time>2026-10-03T00:06:46Z</time>
					</trkpt>
					<trkpt lat="48.480630" lon="6.930740">
						<ele>469</ele>
						<time>2026-10-03T00:07:00Z</time>
					</trkpt>
					<trkpt lat="48.480840" lon="6.930910">
						<ele>475</ele>
						<time>2026-10-03T00:07:12Z</time>
					</trkpt>
					<trkpt lat="48.481100" lon="6.931200">
						<ele>476</ele>
						<time>2026-10-03T00:07:28Z</time>
					</trkpt>
					<trkpt lat="48.481220" lon="6.931210">
						<ele>479</ele>
						<time>2026-10-03T00:07:34Z</time>
					</trkpt>
					<trkpt lat="48.481390" lon="6.931140">
						<ele>484</ele>
						<time>2026-10-03T00:07:43Z</time>
					</trkpt>
					<trkpt lat="48.481500" lon="6.931120">
						<ele>487</ele>
						<time>2026-10-03T00:07:48Z</time>
					</trkpt>
					<trkpt lat="48.481630" lon="6.931230">
						<ele>490</ele>
						<time>2026-10-03T00:07:56Z</time>
					</trkpt>
					<trkpt lat="48.481830" lon="6.931560">
						<ele>490</ele>
						<time>2026-10-03T00:08:10Z</time>
					</trkpt>
					<trkpt lat="48.482100" lon="6.931980">
						<ele>488</ele>
						<time>2026-10-03T00:08:30Z</time>
					</trkpt>
					<trkpt lat="48.482240" lon="6.932160">
						<ele>489</ele>
						<time>2026-10-03T00:08:39Z</time>
					</trkpt>
					<trkpt lat="48.482420" lon="6.932400">
						<ele>491</ele>
						<time>2026-10-03T00:08:51Z</time>
					</trkpt>
					<trkpt lat="48.482780" lon="6.932750">
						<ele>489</ele>
						<time>2026-10-03T00:09:13Z</time>
					</trkpt>
					<trkpt lat="48.483140" lon="6.932930">
						<ele>487</ele>
						<time>2026-10-03T00:09:31Z</time>
					</trkpt>
					<trkpt lat="48.483460" lon="6.933030">
						<ele>487</ele>
						<time>2026-10-03T00:09:48Z</time>
					</trkpt>
					<trkpt lat="48.483670" lon="6.933250">
						<ele>489</ele>
						<time>2026-10-03T00:10:01Z</time>
					</trkpt>
					<trkpt lat="48.483900" lon="6.933390">
						<ele>490</ele>
						<time>2026-10-03T00:10:13Z</time>
					</trkpt>
					<trkpt lat="48.484140" lon="6.933480">
						<ele>492</ele>
						<time>2026-10-03T00:10:25Z</time>
					</trkpt>
					<trkpt lat="48.484280" lon="6.933590">
						<ele>492</ele>
						<time>2026-10-03T00:10:33Z</time>
					</trkpt>
					<trkpt lat="48.484380" lon="6.933810">
						<ele>491</ele>
						<time>2026-10-03T00:10:42Z</time>
					</trkpt>
					<trkpt lat="48.484490" lon="6.934160">
						<ele>491</ele>
						<time>2026-10-03T00:10:55Z</time>
					</trkpt>
					<trkpt lat="48.484670" lon="6.934610">
						<ele>489</ele>
						<time>2026-10-03T00:11:12Z</time>
					</trkpt>
					<trkpt lat="48.484800" lon="6.934930">
						<ele>489</ele>
						<time>2026-10-03T00:11:25Z</time>
					</trkpt>
					<trkpt lat="48.484850" lon="6.935230">
						<ele>488</ele>
						<time>2026-10-03T00:11:35Z</time>
					</trkpt>
					<trkpt lat="48.484850" lon="6.935510">
						<ele>487</ele>
						<time>2026-10-03T00:11:44Z</time>
					</trkpt>
					<trkpt lat="48.484820" lon="6.935740">
						<ele>486</ele>
						<time>2026-10-03T00:11:52Z</time>
					</trkpt>
					<trkpt lat="48.484770" lon="6.935900">
						<ele>484</ele>
						<time>2026-10-03T00:11:58Z</time>
					</trkpt>
					<trkpt lat="48.484690" lon="6.935880">
						<ele>483</ele>
						<time>2026-10-03T00:12:02Z</time>
					</trkpt>
					<trkpt lat="48.484630" lon="6.935980">
						<ele>483</ele>
						<time>2026-10-03T00:12:07Z</time>
					</trkpt>
					<trkpt lat="48.484540" lon="6.936170">
						<ele>482</ele>
						<time>2026-10-03T00:12:14Z</time>
					</trkpt>
					<trkpt lat="48.484380" lon="6.936400">
						<ele>482</ele>
						<time>2026-10-03T00:12:25Z</time>
					</trkpt>
					<trkpt lat="48.484250" lon="6.936610">
						<ele>482</ele>
						<time>2026-10-03T00:12:35Z</time>
					</trkpt>
					<trkpt lat="48.484080" lon="6.936800">
						<ele>482</ele>
						<time>2026-10-03T00:12:46Z</time>
					</trkpt>
					<trkpt lat="48.483850" lon="6.937040">
						<ele>482</ele>
						<time>2026-10-03T00:13:00Z</time>
					</trkpt>
					<trkpt lat="48.483630" lon="6.937250">
						<ele>483</ele>
						<time>2026-10-03T00:13:13Z</time>
					</trkpt>
					<trkpt lat="48.483560" lon="6.937430">
						<ele>485</ele>
						<time>2026-10-03T00:13:19Z</time>
					</trkpt>
					<trkpt lat="48.483490" lon="6.937720">
						<ele>486</ele>
						<time>2026-10-03T00:13:30Z</time>
					</trkpt>
					<trkpt lat="48.483440" lon="6.937850">
						<ele>486</ele>
						<time>2026-10-03T00:13:35Z</time>
					</trkpt>
					<trkpt lat="48.483450" lon="6.937970">
						<ele>486</ele>
						<time>2026-10-03T00:13:39Z</time>
					</trkpt>
					<trkpt lat="48.483480" lon="6.938040">
						<ele>486</ele>
						<time>2026-10-03T00:13:41Z</time>
					</trkpt>
					<trkpt lat="48.483500" lon="6.938080">
						<ele>486</ele>
						<time>2026-10-03T00:13:43Z</time>
					</trkpt>
					<trkpt lat="48.483630" lon="6.938130">
						<ele>486</ele>
						<time>2026-10-03T00:13:50Z</time>
					</trkpt>
					<trkpt lat="48.483632" lon="6.938154">
						<ele>486</ele>
						<time>2026-10-03T00:13:51Z</time>
					</trkpt>
					<trkpt lat="48.483650" lon="6.938330">
						<ele>486</ele>
						<time>2026-10-03T00:13:57Z</time>
					</trkpt>
					<trkpt lat="48.483680" lon="6.938560">
						<ele>486</ele>
						<time>2026-10-03T00:14:04Z</time>
					</trkpt>
					<trkpt lat="48.483820" lon="6.939020">
						<ele>486</ele>
						<time>2026-10-03T00:14:21Z</time>
					</trkpt>
					<trkpt lat="48.483860" lon="6.939230">
						<ele>486</ele>
						<time>2026-10-03T00:14:28Z</time>
					</trkpt>
					<trkpt lat="48.483860" lon="6.939490">
						<ele>487</ele>
						<time>2026-10-03T00:14:37Z</time>
					</trkpt>
					<trkpt lat="48.483820" lon="6.940000">
						<ele>487</ele>
						<time>2026-10-03T00:14:54Z</time>
					</trkpt>
					<trkpt lat="48.483810" lon="6.940340">
						<ele>490</ele>
						<time>2026-10-03T00:15:05Z</time>
					</trkpt>
					<trkpt lat="48.483870" lon="6.941030">
						<ele>493</ele>
						<time>2026-10-03T00:15:28Z</time>
					</trkpt>
					<trkpt lat="48.483860" lon="6.941210">
						<ele>494</ele>
						<time>2026-10-03T00:15:34Z</time>
					</trkpt>
					<trkpt lat="48.483790" lon="6.941910">
						<ele>495</ele>
						<time>2026-10-03T00:15:58Z</time>
					</trkpt>
					<trkpt lat="48.483640" lon="6.942920">
						<ele>496</ele>
						<time>2026-10-03T00:16:32Z</time>
					</trkpt>
					<trkpt lat="48.483530" lon="6.943370">
						<ele>498</ele>
						<time>2026-10-03T00:16:48Z</time>
					</trkpt>
					<trkpt lat="48.483300" lon="6.943470">
						<ele>502</ele>
						<time>2026-10-03T00:17:00Z</time>
					</trkpt>
					<trkpt lat="48.482940" lon="6.943740">
						<ele>504</ele>
						<time>2026-10-03T00:17:20Z</time>
					</trkpt>
					<trkpt lat="48.482820" lon="6.943750">
						<ele>505</ele>
						<time>2026-10-03T00:17:26Z</time>
					</trkpt>
					<trkpt lat="48.482540" lon="6.943620">
						<ele>505</ele>
						<time>2026-10-03T00:17:41Z</time>
					</trkpt>
					<trkpt lat="48.482440" lon="6.943490">
						<ele>503</ele>
						<time>2026-10-03T00:17:48Z</time>
					</trkpt>
					<trkpt lat="48.482340" lon="6.943310">
						<ele>499</ele>
						<time>2026-10-03T00:17:55Z</time>
					</trkpt>
					<trkpt lat="48.482200" lon="6.943150">
						<ele>494</ele>
						<time>2026-10-03T00:18:04Z</time>
					</trkpt>
					<trkpt lat="48.482070" lon="6.943140">
						<ele>491</ele>
						<time>2026-10-03T00:18:11Z</time>
					</trkpt>
					<trkpt lat="48.481960" lon="6.943170">
						<ele>488</ele>
						<time>2026-10-03T00:18:16Z</time>
					</trkpt>
					<trkpt lat="48.481860" lon="6.943450">
						<ele>487</ele>
						<time>2026-10-03T00:18:27Z</time>
					</trkpt>
					<trkpt lat="48.481860" lon="6.943540">
						<ele>487</ele>
						<time>2026-10-03T00:18:30Z</time>
					</trkpt>
					<trkpt lat="48.481860" lon="6.943600">
						<ele>487</ele>
						<time>2026-10-03T00:18:32Z</time>
					</trkpt>
					<trkpt lat="48.481920" lon="6.943840">
						<ele>489</ele>
						<time>2026-10-03T00:18:40Z</time>
					</trkpt>
					<trkpt lat="48.481970" lon="6.944060">
						<ele>490</ele>
						<time>2026-10-03T00:18:48Z</time>
					</trkpt>
					<trkpt lat="48.482180" lon="6.944530">
						<ele>495</ele>
						<time>2026-10-03T00:19:07Z</time>
					</trkpt>
					<trkpt lat="48.482370" lon="6.945160">
						<ele>498</ele>
						<time>2026-10-03T00:19:30Z</time>
					</trkpt>
					<trkpt lat="48.482430" lon="6.945610">
						<ele>496</ele>
						<time>2026-10-03T00:19:45Z</time>
					</trkpt>
					<trkpt lat="48.482580" lon="6.946150">
						<ele>496</ele>
						<time>2026-10-03T00:20:04Z</time>
					</trkpt>
					<trkpt lat="48.482670" lon="6.946240">
						<ele>497</ele>
						<time>2026-10-03T00:20:10Z</time>
					</trkpt>
					<trkpt lat="48.482720" lon="6.946450">
						<ele>497</ele>
						<time>2026-10-03T00:20:17Z</time>
					</trkpt>
					<trkpt lat="48.482800" lon="6.946680">
						<ele>498</ele>
						<time>2026-10-03T00:20:26Z</time>
					</trkpt>
					<trkpt lat="48.482870" lon="6.947110">
						<ele>498</ele>
						<time>2026-10-03T00:20:40Z</time>
					</trkpt>
					<trkpt lat="48.482970" lon="6.947380">
						<ele>499</ele>
						<time>2026-10-03T00:20:51Z</time>
					</trkpt>
					<trkpt lat="48.483140" lon="6.947890">
						<ele>502</ele>
						<time>2026-10-03T00:21:10Z</time>
					</trkpt>
					<trkpt lat="48.483240" lon="6.948050">
						<ele>505</ele>
						<time>2026-10-03T00:21:17Z</time>
					</trkpt>
					<trkpt lat="48.483260" lon="6.948090">
						<ele>505</ele>
						<time>2026-10-03T00:21:19Z</time>
					</trkpt>
					<trkpt lat="48.483360" lon="6.948120">
						<ele>507</ele>
						<time>2026-10-03T00:21:24Z</time>
					</trkpt>
					<trkpt lat="48.483620" lon="6.948680">
						<ele>510</ele>
						<time>2026-10-03T00:21:46Z</time>
					</trkpt>
					<trkpt lat="48.483670" lon="6.948760">
						<ele>511</ele>
						<time>2026-10-03T00:21:50Z</time>
					</trkpt>
					<trkpt lat="48.483820" lon="6.949170">
						<ele>514</ele>
						<time>2026-10-03T00:22:06Z</time>
					</trkpt>
					<trkpt lat="48.483900" lon="6.949210">
						<ele>516</ele>
						<time>2026-10-03T00:22:10Z</time>
					</trkpt>
					<trkpt lat="48.483930" lon="6.949280">
						<ele>517</ele>
						<time>2026-10-03T00:22:13Z</time>
					</trkpt>
					<trkpt lat="48.483940" lon="6.949320">
						<ele>517</ele>
						<time>2026-10-03T00:22:14Z</time>
					</trkpt>
					<trkpt lat="48.484090" lon="6.949370">
						<ele>519</ele>
						<time>2026-10-03T00:22:22Z</time>
					</trkpt>
					<trkpt lat="48.484100" lon="6.949290">
						<ele>519</ele>
						<time>2026-10-03T00:22:24Z</time>
					</trkpt>
					<trkpt lat="48.484400" lon="6.949710">
						<ele>520</ele>
						<time>2026-10-03T00:22:45Z</time>
					</trkpt>
					<trkpt lat="48.484690" lon="6.949880">
						<ele>518</ele>
						<time>2026-10-03T00:23:00Z</time>
					</trkpt>
					<trkpt lat="48.484750" lon="6.949910">
						<ele>518</ele>
						<time>2026-10-03T00:23:04Z</time>
					</trkpt>
					<trkpt lat="48.484920" lon="6.949900">
						<ele>516</ele>
						<time>2026-10-03T00:23:12Z</time>
					</trkpt>
					<trkpt lat="48.485460" lon="6.949040">
						<ele>494</ele>
						<time>2026-10-03T00:23:51Z</time>
					</trkpt>
					<trkpt lat="48.485730" lon="6.948460">
						<ele>486</ele>
						<time>2026-10-03T00:24:15Z</time>
					</trkpt>
					<trkpt lat="48.485920" lon="6.948310">
						<ele>483</ele>
						<time>2026-10-03T00:24:26Z</time>
					</trkpt>
					<trkpt lat="48.485950" lon="6.949480">
						<ele>483</ele>
						<time>2026-10-03T00:25:04Z</time>
					</trkpt>
					<trkpt lat="48.486120" lon="6.950440">
						<ele>475</ele>
						<time>2026-10-03T00:25:37Z</time>
					</trkpt>
					<trkpt lat="48.486000" lon="6.950840">
						<ele>475</ele>
						<time>2026-10-03T00:25:52Z</time>
					</trkpt>
					<trkpt lat="48.485780" lon="6.951000">
						<ele>479</ele>
						<time>2026-10-03T00:26:04Z</time>
					</trkpt>
					<trkpt lat="48.484810" lon="6.951720">
						<ele>489</ele>
						<time>2026-10-03T00:26:58Z</time>
					</trkpt>
					<trkpt lat="48.484310" lon="6.952140">
						<ele>496</ele>
						<time>2026-10-03T00:27:27Z</time>
					</trkpt>
					<trkpt lat="48.483940" lon="6.952970">
						<ele>498</ele>
						<time>2026-10-03T00:28:00Z</time>
					</trkpt>
					<trkpt lat="48.483680" lon="6.953350">
						<ele>502</ele>
						<time>2026-10-03T00:28:18Z</time>
					</trkpt>
					<trkpt lat="48.482230" lon="6.953890">
						<ele>506</ele>
						<time>2026-10-03T00:29:33Z</time>
					</trkpt>
					<trkpt lat="48.481610" lon="6.953820">
						<ele>502</ele>
						<time>2026-10-03T00:30:04Z</time>
					</trkpt>
					<trkpt lat="48.481180" lon="6.953960">
						<ele>504</ele>
						<time>2026-10-03T00:30:26Z</time>
					</trkpt>
					<trkpt lat="48.481640" lon="6.954180">
						<ele>493</ele>
						<time>2026-10-03T00:30:50Z</time>
					</trkpt>
					<trkpt lat="48.482060" lon="6.954550">
						<ele>486</ele>
						<time>2026-10-03T00:31:15Z</time>
					</trkpt>
					<trkpt lat="48.482050" lon="6.954530">
						<ele>487</ele>
						<time>2026-10-03T00:31:15Z</time>
					</trkpt>
					<trkpt lat="48.482060" lon="6.954550">
						<ele>486</ele>
						<time>2026-10-03T00:31:16Z</time>
					</trkpt>
					<trkpt lat="48.482370" lon="6.955130">
						<ele>475</ele>
						<time>2026-10-03T00:31:41Z</time>
					</trkpt>
					<trkpt lat="48.482770" lon="6.955440">
						<ele>468</ele>
						<time>2026-10-03T00:32:03Z</time>
					</trkpt>
					<trkpt lat="48.483110" lon="6.955630">
						<ele>464</ele>
						<time>2026-10-03T00:32:22Z</time>
					</trkpt>
					<trkpt lat="48.483420" lon="6.955930">
						<ele>458</ele>
						<time>2026-10-03T00:32:40Z</time>
					</trkpt>
					<trkpt lat="48.483620" lon="6.956090">
						<ele>455</ele>
						<time>2026-10-03T00:32:51Z</time>
					</trkpt>
					<trkpt lat="48.483787" lon="6.956239">
						<ele>454</ele>
						<time>2026-10-03T00:33:01Z</time>
					</trkpt>
					<trkpt lat="48.483800" lon="6.956250">
						<ele>454</ele>
						<time>2026-10-03T00:33:02Z</time>
					</trkpt>
					<trkpt lat="48.484290" lon="6.956830">
						<ele>454</ele>
						<time>2026-10-03T00:33:33Z</time>
					</trkpt>
					<trkpt lat="48.484540" lon="6.957050">
						<ele>455</ele>
						<time>2026-10-03T00:33:47Z</time>
					</trkpt>
					<trkpt lat="48.484690" lon="6.957160">
						<ele>456</ele>
						<time>2026-10-03T00:33:56Z</time>
					</trkpt>
					<trkpt lat="48.484880" lon="6.957260">
						<ele>458</ele>
						<time>2026-10-03T00:34:06Z</time>
					</trkpt>
					<trkpt lat="48.484950" lon="6.957280">
						<ele>459</ele>
						<time>2026-10-03T00:34:09Z</time>
					</trkpt>
					<trkpt lat="48.485070" lon="6.957320">
						<ele>461</ele>
						<time>2026-10-03T00:34:16Z</time>
					</trkpt>
					<trkpt lat="48.485260" lon="6.957340">
						<ele>463</ele>
						<time>2026-10-03T00:34:25Z</time>
					</trkpt>
					<trkpt lat="48.485610" lon="6.957230">
						<ele>466</ele>
						<time>2026-10-03T00:34:43Z</time>
					</trkpt>
					<trkpt lat="48.485750" lon="6.957160">
						<ele>467</ele>
						<time>2026-10-03T00:34:50Z</time>
					</trkpt>
					<trkpt lat="48.485860" lon="6.957100">
						<ele>469</ele>
						<time>2026-10-03T00:34:56Z</time>
					</trkpt>
					<trkpt lat="48.485940" lon="6.957030">
						<ele>470</ele>
						<time>2026-10-03T00:35:01Z</time>
					</trkpt>
					<trkpt lat="48.486020" lon="6.956920">
						<ele>471</ele>
						<time>2026-10-03T00:35:06Z</time>
					</trkpt>
					<trkpt lat="48.486560" lon="6.955970">
						<ele>471</ele>
						<time>2026-10-03T00:35:48Z</time>
					</trkpt>
					<trkpt lat="48.486700" lon="6.955810">
						<ele>472</ele>
						<time>2026-10-03T00:35:57Z</time>
					</trkpt>
					<trkpt lat="48.486790" lon="6.955810">
						<ele>473</ele>
						<time>2026-10-03T00:36:01Z</time>
					</trkpt>
					<trkpt lat="48.486940" lon="6.955870">
						<ele>476</ele>
						<time>2026-10-03T00:36:09Z</time>
					</trkpt>
					<trkpt lat="48.487220" lon="6.955840">
						<ele>480</ele>
						<time>2026-10-03T00:36:23Z</time>
					</trkpt>
					<trkpt lat="48.487570" lon="6.955630">
						<ele>479</ele>
						<time>2026-10-03T00:36:42Z</time>
					</trkpt>
					<trkpt lat="48.487680" lon="6.955580">
						<ele>478</ele>
						<time>2026-10-03T00:36:48Z</time>
					</trkpt>
					<trkpt lat="48.487770" lon="6.955540">
						<ele>478</ele>
						<time>2026-10-03T00:36:52Z</time>
					</trkpt>
					<trkpt lat="48.488010" lon="6.955590">
						<ele>479</ele>
						<time>2026-10-03T00:37:04Z</time>
					</trkpt>
					<trkpt lat="48.488160" lon="6.955640">
						<ele>481</ele>
						<time>2026-10-03T00:37:12Z</time>
					</trkpt>
					<trkpt lat="48.488570" lon="6.955980">
						<ele>487</ele>
						<time>2026-10-03T00:37:35Z</time>
					</trkpt>
					<trkpt lat="48.489190" lon="6.956560">
						<ele>494</ele>
						<time>2026-10-03T00:38:12Z</time>
					</trkpt>
					<trkpt lat="48.489750" lon="6.956810">
						<ele>497</ele>
						<time>2026-10-03T00:38:41Z</time>
					</trkpt>
					<trkpt lat="48.489880" lon="6.956840">
						<ele>497</ele>
						<time>2026-10-03T00:38:48Z</time>
					</trkpt>
					<trkpt lat="48.490290" lon="6.956950">
						<ele>498</ele>
						<time>2026-10-03T00:39:09Z</time>
					</trkpt>
					<trkpt lat="48.490620" lon="6.957480">
						<ele>502</ele>
						<time>2026-10-03T00:39:33Z</time>
					</trkpt>
					<trkpt lat="48.490880" lon="6.957820">
						<ele>500</ele>
						<time>2026-10-03T00:39:50Z</time>
					</trkpt>
					<trkpt lat="48.490840" lon="6.958220">
						<ele>501</ele>
						<time>2026-10-03T00:40:03Z</time>
					</trkpt>
					<trkpt lat="48.490740" lon="6.958480">
						<ele>503</ele>
						<time>2026-10-03T00:40:13Z</time>
					</trkpt>
					<trkpt lat="48.490570" lon="6.959100">
						<ele>507</ele>
						<time>2026-10-03T00:40:36Z</time>
					</trkpt>
					<trkpt lat="48.490360" lon="6.959530">
						<ele>512</ele>
						<time>2026-10-03T00:40:53Z</time>
					</trkpt>
					<trkpt lat="48.490210" lon="6.959780">
						<ele>515</ele>
						<time>2026-10-03T00:41:04Z</time>
					</trkpt>
					<trkpt lat="48.490090" lon="6.960020">
						<ele>518</ele>
						<time>2026-10-03T00:41:14Z</time>
					</trkpt>
					<trkpt lat="48.489700" lon="6.960280">
						<ele>518</ele>
						<time>2026-10-03T00:41:36Z</time>
					</trkpt>
					<trkpt lat="48.489520" lon="6.960450">
						<ele>517</ele>
						<time>2026-10-03T00:41:46Z</time>
					</trkpt>
					<trkpt lat="48.489440" lon="6.960570">
						<ele>516</ele>
						<time>2026-10-03T00:41:52Z</time>
					</trkpt>
					<trkpt lat="48.489310" lon="6.960750">
						<ele>515</ele>
						<time>2026-10-03T00:42:01Z</time>
					</trkpt>
					<trkpt lat="48.489210" lon="6.961000">
						<ele>516</ele>
						<time>2026-10-03T00:42:11Z</time>
					</trkpt>
					<trkpt lat="48.489140" lon="6.961110">
						<ele>516</ele>
						<time>2026-10-03T00:42:16Z</time>
					</trkpt>
					<trkpt lat="48.489000" lon="6.961310">
						<ele>514</ele>
						<time>2026-10-03T00:42:25Z</time>
					</trkpt>
					<trkpt lat="48.488820" lon="6.961490">
						<ele>512</ele>
						<time>2026-10-03T00:42:36Z</time>
					</trkpt>
					<trkpt lat="48.488700" lon="6.961620">
						<ele>511</ele>
						<time>2026-10-03T00:42:43Z</time>
					</trkpt>
					<trkpt lat="48.488550" lon="6.961710">
						<ele>510</ele>
						<time>2026-10-03T00:42:52Z</time>
					</trkpt>
					<trkpt lat="48.488290" lon="6.962380">
						<ele>511</ele>
						<time>2026-10-03T00:43:17Z</time>
					</trkpt>
					<trkpt lat="48.488230" lon="6.962580">
						<ele>511</ele>
						<time>2026-10-03T00:43:25Z</time>
					</trkpt>
					<trkpt lat="48.488100" lon="6.962850">
						<ele>509</ele>
						<time>2026-10-03T00:43:36Z</time>
					</trkpt>
					<trkpt lat="48.487830" lon="6.963200">
						<ele>509</ele>
						<time>2026-10-03T00:43:53Z</time>
					</trkpt>
					<trkpt lat="48.487720" lon="6.963410">
						<ele>510</ele>
						<time>2026-10-03T00:44:02Z</time>
					</trkpt>
					<trkpt lat="48.487700" lon="6.963510">
						<ele>510</ele>
						<time>2026-10-03T00:44:06Z</time>
					</trkpt>
					<trkpt lat="48.487670" lon="6.963620">
						<ele>510</ele>
						<time>2026-10-03T00:44:10Z</time>
					</trkpt>
					<trkpt lat="48.487680" lon="6.963770">
						<ele>510</ele>
						<time>2026-10-03T00:44:15Z</time>
					</trkpt>
					<trkpt lat="48.487700" lon="6.963830">
						<ele>510</ele>
						<time>2026-10-03T00:44:17Z</time>
					</trkpt>
					<trkpt lat="48.487560" lon="6.964370">
						<ele>513</ele>
						<time>2026-10-03T00:44:36Z</time>
					</trkpt>
					<trkpt lat="48.487520" lon="6.964640">
						<ele>515</ele>
						<time>2026-10-03T00:44:45Z</time>
					</trkpt>
					<trkpt lat="48.487500" lon="6.964880">
						<ele>517</ele>
						<time>2026-10-03T00:44:53Z</time>
					</trkpt>
					<trkpt lat="48.487320" lon="6.965450">
						<ele>520</ele>
						<time>2026-10-03T00:45:14Z</time>
					</trkpt>
					<trkpt lat="48.487250" lon="6.965850">
						<ele>523</ele>
						<time>2026-10-03T00:45:28Z</time>
					</trkpt>
					<trkpt lat="48.487120" lon="6.966210">
						<ele>525</ele>
						<time>2026-10-03T00:45:42Z</time>
					</trkpt>
					<trkpt lat="48.487060" lon="6.966330">
						<ele>526</ele>
						<time>2026-10-03T00:45:47Z</time>
					</trkpt>
					<trkpt lat="48.487000" lon="6.966460">
						<ele>528</ele>
						<time>2026-10-03T00:45:52Z</time>
					</trkpt>
					<trkpt lat="48.486560" lon="6.966590">
						<ele>535</ele>
						<time>2026-10-03T00:46:14Z</time>
					</trkpt>
					<trkpt lat="48.486510" lon="6.966700">
						<ele>536</ele>
						<time>2026-10-03T00:46:19Z</time>
					</trkpt>
					<trkpt lat="48.486410" lon="6.967000">
						<ele>540</ele>
						<time>2026-10-03T00:46:30Z</time>
					</trkpt>
					<trkpt lat="48.486370" lon="6.967160">
						<ele>542</ele>
						<time>2026-10-03T00:46:36Z</time>
					</trkpt>
					<trkpt lat="48.486320" lon="6.967340">
						<ele>545</ele>
						<time>2026-10-03T00:46:42Z</time>
					</trkpt>
					<trkpt lat="48.486140" lon="6.967480">
						<ele>548</ele>
						<time>2026-10-03T00:46:52Z</time>
					</trkpt>
					<trkpt lat="48.485860" lon="6.967390">
						<ele>548</ele>
						<time>2026-10-03T00:47:06Z</time>
					</trkpt>
					<trkpt lat="48.485620" lon="6.967370">
						<ele>545</ele>
						<time>2026-10-03T00:47:19Z</time>
					</trkpt>
					<trkpt lat="48.485480" lon="6.967410">
						<ele>545</ele>
						<time>2026-10-03T00:47:26Z</time>
					</trkpt>
					<trkpt lat="48.485410" lon="6.967560">
						<ele>547</ele>
						<time>2026-10-03T00:47:32Z</time>
					</trkpt>
					<trkpt lat="48.485450" lon="6.967850">
						<ele>551</ele>
						<time>2026-10-03T00:47:42Z</time>
					</trkpt>
					<trkpt lat="48.485580" lon="6.968200">
						<ele>558</ele>
						<time>2026-10-03T00:47:55Z</time>
					</trkpt>
					<trkpt lat="48.485690" lon="6.968390">
						<ele>562</ele>
						<time>2026-10-03T00:48:03Z</time>
					</trkpt>
					<trkpt lat="48.485860" lon="6.968350">
						<ele>564</ele>
						<time>2026-10-03T00:48:12Z</time>
					</trkpt>
					<trkpt lat="48.486010" lon="6.968150">
						<ele>559</ele>
						<time>2026-10-03T00:48:22Z</time>
					</trkpt>
					<trkpt lat="48.486150" lon="6.967930">
						<ele>555</ele>
						<time>2026-10-03T00:48:32Z</time>
					</trkpt>
					<trkpt lat="48.486320" lon="6.967780">
						<ele>551</ele>
						<time>2026-10-03T00:48:42Z</time>
					</trkpt>
					<trkpt lat="48.486440" lon="6.967710">
						<ele>549</ele>
						<time>2026-10-03T00:48:48Z</time>
					</trkpt>
					<trkpt lat="48.486500" lon="6.967640">
						<ele>547</ele>
						<time>2026-10-03T00:48:52Z</time>
					</trkpt>
					<trkpt lat="48.486550" lon="6.967590">
						<ele>546</ele>
						<time>2026-10-03T00:48:55Z</time>
					</trkpt>
					<trkpt lat="48.486600" lon="6.967640">
						<ele>546</ele>
						<time>2026-10-03T00:48:58Z</time>
					</trkpt>
					<trkpt lat="48.486600" lon="6.967820">
						<ele>549</ele>
						<time>2026-10-03T00:49:04Z</time>
					</trkpt>
					<trkpt lat="48.486610" lon="6.968030">
						<ele>552</ele>
						<time>2026-10-03T00:49:11Z</time>
					</trkpt>
					<trkpt lat="48.486690" lon="6.968220">
						<ele>553</ele>
						<time>2026-10-03T00:49:18Z</time>
					</trkpt>
					<trkpt lat="48.486750" lon="6.968420">
						<ele>553</ele>
						<time>2026-10-03T00:49:26Z</time>
					</trkpt>
					<trkpt lat="48.486800" lon="6.968610">
						<ele>554</ele>
						<time>2026-10-03T00:49:33Z</time>
					</trkpt>
					<trkpt lat="48.486910" lon="6.969040">
						<ele>557</ele>
						<time>2026-10-03T00:49:48Z</time>
					</trkpt>
					<trkpt lat="48.487080" lon="6.969410">
						<ele>556</ele>
						<time>2026-10-03T00:50:03Z</time>
					</trkpt>
					<trkpt lat="48.487220" lon="6.969790">
						<ele>556</ele>
						<time>2026-10-03T00:50:17Z</time>
					</trkpt>
					<trkpt lat="48.487240" lon="6.970010">
						<ele>558</ele>
						<time>2026-10-03T00:50:25Z</time>
					</trkpt>
					<trkpt lat="48.487540" lon="6.970460">
						<ele>552</ele>
						<time>2026-10-03T00:50:46Z</time>
					</trkpt>
					<trkpt lat="48.487720" lon="6.970760">
						<ele>551</ele>
						<time>2026-10-03T00:50:59Z</time>
					</trkpt>
					<trkpt lat="48.487610" lon="6.971010">
						<ele>553</ele>
						<time>2026-10-03T00:51:09Z</time>
					</trkpt>
					<trkpt lat="48.487440" lon="6.971410">
						<ele>554</ele>
						<time>2026-10-03T00:51:25Z</time>
					</trkpt>
					<trkpt lat="48.488050" lon="6.971840">
						<ele>548</ele>
						<time>2026-10-03T00:51:59Z</time>
					</trkpt>
					<trkpt lat="48.488370" lon="6.972600">
						<ele>539</ele>
						<time>2026-10-03T00:52:28Z</time>
					</trkpt>
					<trkpt lat="48.488860" lon="6.973320">
						<ele>538</ele>
						<time>2026-10-03T00:53:03Z</time>
					</trkpt>
					<trkpt lat="48.489270" lon="6.973620">
						<ele>540</ele>
						<time>2026-10-03T00:53:25Z</time>
					</trkpt>
					<trkpt lat="48.489600" lon="6.973990">
						<ele>539</ele>
						<time>2026-10-03T00:53:46Z</time>
					</trkpt>
					<trkpt lat="48.490230" lon="6.975080">
						<ele>547</ele>
						<time>2026-10-03T00:54:34Z</time>
					</trkpt>
					<trkpt lat="48.490360" lon="6.975130">
						<ele>549</ele>
						<time>2026-10-03T00:54:41Z</time>
					</trkpt>
					<trkpt lat="48.490330" lon="6.975290">
						<ele>548</ele>
						<time>2026-10-03T00:54:46Z</time>
					</trkpt>
					<trkpt lat="48.490410" lon="6.975490">
						<ele>551</ele>
						<time>2026-10-03T00:54:54Z</time>
					</trkpt>
					<trkpt lat="48.490600" lon="6.975930">
						<ele>558</ele>
						<time>2026-10-03T00:55:11Z</time>
					</trkpt>
					<trkpt lat="48.490660" lon="6.976120">
						<ele>561</ele>
						<time>2026-10-03T00:55:18Z</time>
					</trkpt>
					<trkpt lat="48.490610" lon="6.976310">
						<ele>562</ele>
						<time>2026-10-03T00:55:25Z</time>
					</trkpt>
					<trkpt lat="48.490550" lon="6.976450">
						<ele>562</ele>
						<time>2026-10-03T00:55:31Z</time>
					</trkpt>
					<trkpt lat="48.490490" lon="6.976660">
						<ele>563</ele>
						<time>2026-10-03T00:55:38Z</time>
					</trkpt>
					<trkpt lat="48.490500" lon="6.976800">
						<ele>564</ele>
						<time>2026-10-03T00:55:43Z</time>
					</trkpt>
					<trkpt lat="48.490550" lon="6.977000">
						<ele>565</ele>
						<time>2026-10-03T00:55:50Z</time>
					</trkpt>
					<trkpt lat="48.490700" lon="6.977350">
						<ele>569</ele>
						<time>2026-10-03T00:56:04Z</time>
					</trkpt>
					<trkpt lat="48.490840" lon="6.977530">
						<ele>573</ele>
						<time>2026-10-03T00:56:13Z</time>
					</trkpt>
					<trkpt lat="48.491090" lon="6.977680">
						<ele>571</ele>
						<time>2026-10-03T00:56:27Z</time>
					</trkpt>
					<trkpt lat="48.491190" lon="6.977750">
						<ele>571</ele>
						<time>2026-10-03T00:56:32Z</time>
					</trkpt>
					<trkpt lat="48.491390" lon="6.977940">
						<ele>570</ele>
						<time>2026-10-03T00:56:44Z</time>
					</trkpt>
					<trkpt lat="48.491570" lon="6.978190">
						<ele>571</ele>
						<time>2026-10-03T00:56:56Z</time>
					</trkpt>
					<trkpt lat="48.491760" lon="6.978390">
						<ele>572</ele>
						<time>2026-10-03T00:57:08Z</time>
					</trkpt>
					<trkpt lat="48.491980" lon="6.978810">
						<ele>570</ele>
						<time>2026-10-03T00:57:25Z</time>
					</trkpt>
					<trkpt lat="48.492100" lon="6.979070">
						<ele>571</ele>
						<time>2026-10-03T00:57:36Z</time>
					</trkpt>
					<trkpt lat="48.492340" lon="6.979610">
						<ele>573</ele>
						<time>2026-10-03T00:57:58Z</time>
					</trkpt>
					<trkpt lat="48.492380" lon="6.979700">
						<ele>574</ele>
						<time>2026-10-03T00:58:01Z</time>
					</trkpt>
					<trkpt lat="48.492520" lon="6.979960">
						<ele>575</ele>
						<time>2026-10-03T00:58:12Z</time>
					</trkpt>
					<trkpt lat="48.492510" lon="6.980200">
						<ele>576</ele>
						<time>2026-10-03T00:58:20Z</time>
					</trkpt>
					<trkpt lat="48.492650" lon="6.980430">
						<ele>578</ele>
						<time>2026-10-03T00:58:31Z</time>
					</trkpt>
					<trkpt lat="48.492610" lon="6.980740">
						<ele>578</ele>
						<time>2026-10-03T00:58:41Z</time>
					</trkpt>
					<trkpt lat="48.492570" lon="6.980950">
						<ele>579</ele>
						<time>2026-10-03T00:58:48Z</time>
					</trkpt>
					<trkpt lat="48.492410" lon="6.981530">
						<ele>577</ele>
						<time>2026-10-03T00:59:09Z</time>
					</trkpt>
					<trkpt lat="48.492400" lon="6.981720">
						<ele>577</ele>
						<time>2026-10-03T00:59:15Z</time>
					</trkpt>
					<trkpt lat="48.492390" lon="6.981900">
						<ele>576</ele>
						<time>2026-10-03T00:59:21Z</time>
					</trkpt>
					<trkpt lat="48.492430" lon="6.982150">
						<ele>577</ele>
						<time>2026-10-03T00:59:30Z</time>
					</trkpt>
					<trkpt lat="48.492470" lon="6.982350">
						<ele>577</ele>
						<time>2026-10-03T00:59:37Z</time>
					</trkpt>
					<trkpt lat="48.492510" lon="6.982660">
						<ele>578</ele>
						<time>2026-10-03T00:59:47Z</time>
					</trkpt>
					<trkpt lat="48.492510" lon="6.982690">
						<ele>578</ele>
						<time>2026-10-03T00:59:48Z</time>
					</trkpt>
					<trkpt lat="48.492500" lon="6.982960">
						<ele>577</ele>
						<time>2026-10-03T00:59:57Z</time>
					</trkpt>
					<trkpt lat="48.492520" lon="6.983090">
						<ele>577</ele>
						<time>2026-10-03T01:00:02Z</time>
					</trkpt>
					<trkpt lat="48.492560" lon="6.983200">
						<ele>578</ele>
						<time>2026-10-03T01:00:06Z</time>
					</trkpt>
					<trkpt lat="48.492610" lon="6.983230">
						<ele>578</ele>
						<time>2026-10-03T01:00:09Z</time>
					</trkpt>
					<trkpt lat="48.492710" lon="6.983370">
						<ele>579</ele>
						<time>2026-10-03T01:00:15Z</time>
					</trkpt>
					<trkpt lat="48.492790" lon="6.983690">
						<ele>579</ele>
						<time>2026-10-03T01:00:27Z</time>
					</trkpt>
					<trkpt lat="48.492780" lon="6.984040">
						<ele>578</ele>
						<time>2026-10-03T01:00:38Z</time>
					</trkpt>
					<trkpt lat="48.492750" lon="6.984430">
						<ele>578</ele>
						<time>2026-10-03T01:00:51Z</time>
					</trkpt>
					<trkpt lat="48.492740" lon="6.985210">
						<ele>580</ele>
						<time>2026-10-03T01:01:17Z</time>
					</trkpt>
					<trkpt lat="48.492790" lon="6.985830">
						<ele>585</ele>
						<time>2026-10-03T01:01:38Z</time>
					</trkpt>
					<trkpt lat="48.492810" lon="6.986140">
						<ele>587</ele>
						<time>2026-10-03T01:01:48Z</time>
					</trkpt>
					<trkpt lat="48.492740" lon="6.986680">
						<ele>592</ele>
						<time>2026-10-03T01:02:07Z</time>
					</trkpt>
					<trkpt lat="48.492700" lon="6.986950">
						<ele>594</ele>
						<time>2026-10-03T01:02:16Z</time>
					</trkpt>
					<trkpt lat="48.492640" lon="6.987270">
						<ele>598</ele>
						<time>2026-10-03T01:02:27Z</time>
					</trkpt>
					<trkpt lat="48.492570" lon="6.987570">
						<ele>601</ele>
						<time>2026-10-03T01:02:37Z</time>
					</trkpt>
					<trkpt lat="48.492520" lon="6.987810">
						<ele>603</ele>
						<time>2026-10-03T01:02:46Z</time>
					</trkpt>
					<trkpt lat="48.492420" lon="6.987890">
						<ele>604</ele>
						<time>2026-10-03T01:02:51Z</time>
					</trkpt>
					<trkpt lat="48.492110" lon="6.987940">
						<ele>605</ele>
						<time>2026-10-03T01:03:07Z</time>
					</trkpt>
					<trkpt lat="48.491730" lon="6.987970">
						<ele>608</ele>
						<time>2026-10-03T01:03:26Z</time>
					</trkpt>
					<trkpt lat="48.491430" lon="6.987890">
						<ele>608</ele>
						<time>2026-10-03T01:03:41Z</time>
					</trkpt>
					<trkpt lat="48.491270" lon="6.987880">
						<ele>609</ele>
						<time>2026-10-03T01:03:49Z</time>
					</trkpt>
					<trkpt lat="48.491060" lon="6.987910">
						<ele>610</ele>
						<time>2026-10-03T01:04:00Z</time>
					</trkpt>
					<trkpt lat="48.491040" lon="6.987920">
						<ele>610</ele>
						<time>2026-10-03T01:04:01Z</time>
					</trkpt>
					<trkpt lat="48.490860" lon="6.987990">
						<ele>611</ele>
						<time>2026-10-03T01:04:10Z</time>
					</trkpt>
					<trkpt lat="48.490520" lon="6.988100">
						<ele>606</ele>
						<time>2026-10-03T01:04:28Z</time>
					</trkpt>
					<trkpt lat="48.490550" lon="6.988170">
						<ele>608</ele>
						<time>2026-10-03T01:04:30Z</time>
					</trkpt>
					<trkpt lat="48.490690" lon="6.988170">
						<ele>611</ele>
						<time>2026-10-03T01:04:37Z</time>
					</trkpt>
					<trkpt lat="48.490800" lon="6.988200">
						<ele>614</ele>
						<time>2026-10-03T01:04:43Z</time>
					</trkpt>
					<trkpt lat="48.490880" lon="6.988310">
						<ele>615</ele>
						<time>2026-10-03T01:04:48Z</time>
					</trkpt>
					<trkpt lat="48.490950" lon="6.988460">
						<ele>613</ele>
						<time>2026-10-03T01:04:54Z</time>
					</trkpt>
					<trkpt lat="48.491060" lon="6.988590">
						<ele>610</ele>
						<time>2026-10-03T01:05:01Z</time>
					</trkpt>
					<trkpt lat="48.491260" lon="6.988870">
						<ele>607</ele>
						<time>2026-10-03T01:05:15Z</time>
					</trkpt>
					<trkpt lat="48.491430" lon="6.989020">
						<ele>606</ele>
						<time>2026-10-03T01:05:25Z</time>
					</trkpt>
					<trkpt lat="48.491580" lon="6.989140">
						<ele>606</ele>
						<time>2026-10-03T01:05:33Z</time>
					</trkpt>
					<trkpt lat="48.491710" lon="6.989270">
						<ele>604</ele>
						<time>2026-10-03T01:05:41Z</time>
					</trkpt>
					<trkpt lat="48.491870" lon="6.989370">
						<ele>603</ele>
						<time>2026-10-03T01:05:50Z</time>
					</trkpt>
					<trkpt lat="48.492150" lon="6.989500">
						<ele>603</ele>
						<time>2026-10-03T01:06:05Z</time>
					</trkpt>
					<trkpt lat="48.492310" lon="6.989600">
						<ele>602</ele>
						<time>2026-10-03T01:06:13Z</time>
					</trkpt>
					<trkpt lat="48.492460" lon="6.989710">
						<ele>602</ele>
						<time>2026-10-03T01:06:22Z</time>
					</trkpt>
					<trkpt lat="48.493040" lon="6.990030">
						<ele>600</ele>
						<time>2026-10-03T01:06:52Z</time>
					</trkpt>
					<trkpt lat="48.493270" lon="6.990260">
						<ele>598</ele>
						<time>2026-10-03T01:07:06Z</time>
					</trkpt>
					<trkpt lat="48.493290" lon="6.990410">
						<ele>598</ele>
						<time>2026-10-03T01:07:11Z</time>
					</trkpt>
					<trkpt lat="48.493360" lon="6.990600">
						<ele>597</ele>
						<time>2026-10-03T01:07:19Z</time>
					</trkpt>
					<trkpt lat="48.493630" lon="6.991200">
						<ele>589</ele>
						<time>2026-10-03T01:07:43Z</time>
					</trkpt>
					<trkpt lat="48.494110" lon="6.993550">
						<ele>600</ele>
						<time>2026-10-03T01:09:04Z</time>
					</trkpt>
					<trkpt lat="48.494170" lon="6.994620">
						<ele>601</ele>
						<time>2026-10-03T01:09:40Z</time>
					</trkpt>
					<trkpt lat="48.494140" lon="6.995020">
						<ele>599</ele>
						<time>2026-10-03T01:09:53Z</time>
					</trkpt>
					<trkpt lat="48.494340" lon="6.996060">
						<ele>588</ele>
						<time>2026-10-03T01:10:29Z</time>
					</trkpt>
					<trkpt lat="48.495090" lon="6.997950">
						<ele>581</ele>
						<time>2026-10-03T01:11:42Z</time>
					</trkpt>
					<trkpt lat="48.495010" lon="6.999490">
						<ele>582</ele>
						<time>2026-10-03T01:12:33Z</time>
					</trkpt>
					<trkpt lat="48.494750" lon="6.999440">
						<ele>578</ele>
						<time>2026-10-03T01:12:46Z</time>
					</trkpt>
					<trkpt lat="48.494740" lon="6.999560">
						<ele>578</ele>
						<time>2026-10-03T01:12:50Z</time>
					</trkpt>
					<trkpt lat="48.494670" lon="6.999780">
						<ele>579</ele>
						<time>2026-10-03T01:12:59Z</time>
					</trkpt>
					<trkpt lat="48.494330" lon="7.000060">
						<ele>578</ele>
						<time>2026-10-03T01:13:18Z</time>
					</trkpt>
					<trkpt lat="48.493870" lon="7.000360">
						<ele>578</ele>
						<time>2026-10-03T01:13:43Z</time>
					</trkpt>
					<trkpt lat="48.493460" lon="7.000260">
						<ele>571</ele>
						<time>2026-10-03T01:14:04Z</time>
					</trkpt>
					<trkpt lat="48.493350" lon="6.999690">
						<ele>557</ele>
						<time>2026-10-03T01:14:23Z</time>
					</trkpt>
					<trkpt lat="48.493160" lon="6.999080">
						<ele>543</ele>
						<time>2026-10-03T01:14:46Z</time>
					</trkpt>
					<trkpt lat="48.492720" lon="6.998180">
						<ele>518</ele>
						<time>2026-10-03T01:15:23Z</time>
					</trkpt>
					<trkpt lat="48.490530" lon="6.995960">
						<ele>443</ele>
						<time>2026-10-03T01:17:35Z</time>
					</trkpt>
					<trkpt lat="48.490110" lon="6.995540">
						<ele>429</ele>
						<time>2026-10-03T01:18:00Z</time>
					</trkpt>
					<trkpt lat="48.489900" lon="6.995490">
						<ele>426</ele>
						<time>2026-10-03T01:18:11Z</time>
					</trkpt>
					<trkpt lat="48.489710" lon="6.995530">
						<ele>425</ele>
						<time>2026-10-03T01:18:20Z</time>
					</trkpt>
					<trkpt lat="48.489260" lon="6.995880">
						<ele>419</ele>
						<time>2026-10-03T01:18:46Z</time>
					</trkpt>
					<trkpt lat="48.488650" lon="6.996080">
						<ele>413</ele>
						<time>2026-10-03T01:19:17Z</time>
					</trkpt>
					<trkpt lat="48.488340" lon="6.996150">
						<ele>408</ele>
						<time>2026-10-03T01:19:33Z</time>
					</trkpt>
					<trkpt lat="48.488210" lon="6.995970">
						<ele>405</ele>
						<time>2026-10-03T01:19:41Z</time>
					</trkpt>
					<trkpt lat="48.487860" lon="6.995560">
						<ele>403</ele>
						<time>2026-10-03T01:20:04Z</time>
					</trkpt>
					<trkpt lat="48.487490" lon="6.995330">
						<ele>400</ele>
						<time>2026-10-03T01:20:24Z</time>
					</trkpt>
					<trkpt lat="48.487010" lon="6.994770">
						<ele>403</ele>
						<time>2026-10-03T01:20:54Z</time>
					</trkpt>
					<trkpt lat="48.486550" lon="6.994490">
						<ele>406</ele>
						<time>2026-10-03T01:21:19Z</time>
					</trkpt>
					<trkpt lat="48.486140" lon="6.994150">
						<ele>411</ele>
						<time>2026-10-03T01:21:42Z</time>
					</trkpt>
					<trkpt lat="48.485920" lon="6.994100">
						<ele>410</ele>
						<time>2026-10-03T01:21:53Z</time>
					</trkpt>
					<trkpt lat="48.485670" lon="6.994030">
						<ele>409</ele>
						<time>2026-10-03T01:22:06Z</time>
					</trkpt>
					<trkpt lat="48.485050" lon="6.993920">
						<ele>410</ele>
						<time>2026-10-03T01:22:37Z</time>
					</trkpt>
					<trkpt lat="48.484810" lon="6.993730">
						<ele>411</ele>
						<time>2026-10-03T01:22:51Z</time>
					</trkpt>
					<trkpt lat="48.484660" lon="6.993560">
						<ele>412</ele>
						<time>2026-10-03T01:23:00Z</time>
					</trkpt>
					<trkpt lat="48.484580" lon="6.993530">
						<ele>411</ele>
						<time>2026-10-03T01:23:04Z</time>
					</trkpt>
					<trkpt lat="48.484090" lon="6.993030">
						<ele>408</ele>
						<time>2026-10-03T01:23:34Z</time>
					</trkpt>
					<trkpt lat="48.483420" lon="6.992190">
						<ele>393</ele>
						<time>2026-10-03T01:24:18Z</time>
					</trkpt>
					<trkpt lat="48.483390" lon="6.992070">
						<ele>394</ele>
						<time>2026-10-03T01:24:22Z</time>
					</trkpt>
					<trkpt lat="48.483240" lon="6.991410">
						<ele>394</ele>
						<time>2026-10-03T01:24:45Z</time>
					</trkpt>
					<trkpt lat="48.483060" lon="6.990160">
						<ele>398</ele>
						<time>2026-10-03T01:25:27Z</time>
					</trkpt>
					<trkpt lat="48.482910" lon="6.988640">
						<ele>396</ele>
						<time>2026-10-03T01:26:18Z</time>
					</trkpt>
					<trkpt lat="48.482900" lon="6.988240">
						<ele>395</ele>
						<time>2026-10-03T01:26:32Z</time>
					</trkpt>
					<trkpt lat="48.482920" lon="6.987940">
						<ele>394</ele>
						<time>2026-10-03T01:26:42Z</time>
					</trkpt>
					<trkpt lat="48.483040" lon="6.987700">
						<ele>394</ele>
						<time>2026-10-03T01:26:52Z</time>
					</trkpt>
					<trkpt lat="48.483260" lon="6.987530">
						<ele>398</ele>
						<time>2026-10-03T01:27:04Z</time>
					</trkpt>
					<trkpt lat="48.483310" lon="6.987350">
						<ele>399</ele>
						<time>2026-10-03T01:27:11Z</time>
					</trkpt>
					<trkpt lat="48.483210" lon="6.987150">
						<ele>397</ele>
						<time>2026-10-03T01:27:19Z</time>
					</trkpt>
					<trkpt lat="48.482820" lon="6.986750">
						<ele>389</ele>
						<time>2026-10-03T01:27:42Z</time>
					</trkpt>
					<trkpt lat="48.482670" lon="6.986510">
						<ele>388</ele>
						<time>2026-10-03T01:27:53Z</time>
					</trkpt>
					<trkpt lat="48.482350" lon="6.985970">
						<ele>386</ele>
						<time>2026-10-03T01:28:17Z</time>
					</trkpt>
					<trkpt lat="48.481980" lon="6.984840">
						<ele>385</ele>
						<time>2026-10-03T01:28:59Z</time>
					</trkpt>
					<trkpt lat="48.481750" lon="6.983300">
						<ele>383</ele>
						<time>2026-10-03T01:29:52Z</time>
					</trkpt>
					<trkpt lat="48.481780" lon="6.982850">
						<ele>382</ele>
						<time>2026-10-03T01:30:07Z</time>
					</trkpt>
					<trkpt lat="48.481930" lon="6.982260">
						<ele>383</ele>
						<time>2026-10-03T01:30:28Z</time>
					</trkpt>
					<trkpt lat="48.482000" lon="6.982120">
						<ele>384</ele>
						<time>2026-10-03T01:30:33Z</time>
					</trkpt>
					<trkpt lat="48.482160" lon="6.981820">
						<ele>384</ele>
						<time>2026-10-03T01:30:46Z</time>
					</trkpt>
					<trkpt lat="48.482390" lon="6.981620">
						<ele>386</ele>
						<time>2026-10-03T01:30:59Z</time>
					</trkpt>
					<trkpt lat="48.482790" lon="6.981370">
						<ele>389</ele>
						<time>2026-10-03T01:31:21Z</time>
					</trkpt>
					<trkpt lat="48.483330" lon="6.980780">
						<ele>379</ele>
						<time>2026-10-03T01:31:54Z</time>
					</trkpt>
					<trkpt lat="48.483660" lon="6.980440">
						<ele>381</ele>
						<time>2026-10-03T01:32:14Z</time>
					</trkpt>
					<trkpt lat="48.483920" lon="6.980230">
						<ele>380</ele>
						<time>2026-10-03T01:32:29Z</time>
					</trkpt>
					<trkpt lat="48.484140" lon="6.980090">
						<ele>378</ele>
						<time>2026-10-03T01:32:41Z</time>
					</trkpt>
					<trkpt lat="48.484190" lon="6.979880">
						<ele>379</ele>
						<time>2026-10-03T01:32:49Z</time>
					</trkpt>
					<trkpt lat="48.484050" lon="6.979890">
						<ele>378</ele>
						<time>2026-10-03T01:32:56Z</time>
					</trkpt>
					<trkpt lat="48.483900" lon="6.979840">
						<ele>380</ele>
						<time>2026-10-03T01:33:03Z</time>
					</trkpt>
					<trkpt lat="48.483560" lon="6.979690">
						<ele>382</ele>
						<time>2026-10-03T01:33:21Z</time>
					</trkpt>
					<trkpt lat="48.483050" lon="6.979610">
						<ele>384</ele>
						<time>2026-10-03T01:33:47Z</time>
					</trkpt>
					<trkpt lat="48.482650" lon="6.979690">
						<ele>384</ele>
						<time>2026-10-03T01:34:07Z</time>
					</trkpt>
					<trkpt lat="48.482060" lon="6.979970">
						<ele>381</ele>
						<time>2026-10-03T01:34:38Z</time>
					</trkpt>
					<trkpt lat="48.482580" lon="6.979270">
						<ele>392</ele>
						<time>2026-10-03T01:35:13Z</time>
					</trkpt>
					<trkpt lat="48.483700" lon="6.978840">
						<ele>406</ele>
						<time>2026-10-03T01:36:10Z</time>
					</trkpt>
					<trkpt lat="48.484150" lon="6.978800">
						<ele>412</ele>
						<time>2026-10-03T01:36:33Z</time>
					</trkpt>
					<trkpt lat="48.484550" lon="6.978810">
						<ele>412</ele>
						<time>2026-10-03T01:36:53Z</time>
					</trkpt>
					<trkpt lat="48.484800" lon="6.978620">
						<ele>419</ele>
						<time>2026-10-03T01:37:07Z</time>
					</trkpt>
					<trkpt lat="48.485290" lon="6.977450">
						<ele>465</ele>
						<time>2026-10-03T01:37:53Z</time>
					</trkpt>
					<trkpt lat="48.486370" lon="6.976830">
						<ele>467</ele>
						<time>2026-10-03T01:38:51Z</time>
					</trkpt>
					<trkpt lat="48.486800" lon="6.976300">
						<ele>475</ele>
						<time>2026-10-03T01:39:19Z</time>
					</trkpt>
					<trkpt lat="48.487110" lon="6.975600">
						<ele>484</ele>
						<time>2026-10-03T01:39:47Z</time>
					</trkpt>
					<trkpt lat="48.487270" lon="6.974920">
						<ele>492</ele>
						<time>2026-10-03T01:40:10Z</time>
					</trkpt>
					<trkpt lat="48.487310" lon="6.974010">
						<ele>506</ele>
						<time>2026-10-03T01:40:41Z</time>
					</trkpt>
					<trkpt lat="48.487320" lon="6.973430">
						<ele>518</ele>
						<time>2026-10-03T01:41:00Z</time>
					</trkpt>
					<trkpt lat="48.487370" lon="6.973310">
						<ele>519</ele>
						<time>2026-10-03T01:41:05Z</time>
					</trkpt>
					<trkpt lat="48.487510" lon="6.973310">
						<ele>515</ele>
						<time>2026-10-03T01:41:12Z</time>
					</trkpt>
					<trkpt lat="48.488010" lon="6.973570">
						<ele>518</ele>
						<time>2026-10-03T01:41:38Z</time>
					</trkpt>
					<trkpt lat="48.488670" lon="6.974120">
						<ele>520</ele>
						<time>2026-10-03T01:42:16Z</time>
					</trkpt>
					<trkpt lat="48.489070" lon="6.974230">
						<ele>527</ele>
						<time>2026-10-03T01:42:36Z</time>
					</trkpt>
					<trkpt lat="48.488620" lon="6.973760">
						<ele>525</ele>
						<time>2026-10-03T01:43:04Z</time>
					</trkpt>
					<trkpt lat="48.488180" lon="6.972800">
						<ele>534</ele>
						<time>2026-10-03T01:43:42Z</time>
					</trkpt>
					<trkpt lat="48.487910" lon="6.972360">
						<ele>538</ele>
						<time>2026-10-03T01:44:02Z</time>
					</trkpt>
					<trkpt lat="48.487630" lon="6.972080">
						<ele>542</ele>
						<time>2026-10-03T01:44:19Z</time>
					</trkpt>
					<trkpt lat="48.487210" lon="6.972140">
						<ele>547</ele>
						<time>2026-10-03T01:44:40Z</time>
					</trkpt>
					<trkpt lat="48.486850" lon="6.972320">
						<ele>551</ele>
						<time>2026-10-03T01:44:59Z</time>
					</trkpt>
					<trkpt lat="48.486450" lon="6.973100">
						<ele>551</ele>
						<time>2026-10-03T01:45:32Z</time>
					</trkpt>
					<trkpt lat="48.486180" lon="6.973970">
						<ele>550</ele>
						<time>2026-10-03T01:46:04Z</time>
					</trkpt>
					<trkpt lat="48.486110" lon="6.974500">
						<ele>543</ele>
						<time>2026-10-03T01:46:22Z</time>
					</trkpt>
					<trkpt lat="48.485720" lon="6.974930">
						<ele>544</ele>
						<time>2026-10-03T01:46:46Z</time>
					</trkpt>
					<trkpt lat="48.484920" lon="6.974950">
						<ele>553</ele>
						<time>2026-10-03T01:47:26Z</time>
					</trkpt>
					<trkpt lat="48.484300" lon="6.975180">
						<ele>547</ele>
						<time>2026-10-03T01:47:58Z</time>
					</trkpt>
					<trkpt lat="48.483970" lon="6.974910">
						<ele>546</ele>
						<time>2026-10-03T01:48:17Z</time>
					</trkpt>
					<trkpt lat="48.484250" lon="6.972860">
						<ele>542</ele>
						<time>2026-10-03T01:49:26Z</time>
					</trkpt>
					<trkpt lat="48.484120" lon="6.972300">
						<ele>532</ele>
						<time>2026-10-03T01:49:46Z</time>
					</trkpt>
					<trkpt lat="48.482760" lon="6.971190">
						<ele>483</ele>
						<time>2026-10-03T01:51:03Z</time>
					</trkpt>
					<trkpt lat="48.482360" lon="6.970820">
						<ele>476</ele>
						<time>2026-10-03T01:51:27Z</time>
					</trkpt>
					<trkpt lat="48.481660" lon="6.969810">
						<ele>471</ele>
						<time>2026-10-03T01:52:15Z</time>
					</trkpt>
					<trkpt lat="48.481960" lon="6.969650">
						<ele>471</ele>
						<time>2026-10-03T01:52:31Z</time>
					</trkpt>
					<trkpt lat="48.482870" lon="6.970020">
						<ele>481</ele>
						<time>2026-10-03T01:53:18Z</time>
					</trkpt>
					<trkpt lat="48.483490" lon="6.967680">
						<ele>482</ele>
						<time>2026-10-03T01:54:42Z</time>
					</trkpt>
					<trkpt lat="48.484120" lon="6.966380">
						<ele>491</ele>
						<time>2026-10-03T01:55:35Z</time>
					</trkpt>
					<trkpt lat="48.484550" lon="6.965750">
						<ele>493</ele>
						<time>2026-10-03T01:56:05Z</time>
					</trkpt>
					<trkpt lat="48.485070" lon="6.965480">
						<ele>498</ele>
						<time>2026-10-03T01:56:33Z</time>
					</trkpt>
					<trkpt lat="48.485870" lon="6.965540">
						<ele>508</ele>
						<time>2026-10-03T01:57:13Z</time>
					</trkpt>
					<trkpt lat="48.486180" lon="6.965290">
						<ele>508</ele>
						<time>2026-10-03T01:57:30Z</time>
					</trkpt>
					<trkpt lat="48.487020" lon="6.964300">
						<ele>509</ele>
						<time>2026-10-03T01:58:24Z</time>
					</trkpt>
					<trkpt lat="48.486990" lon="6.963520">
						<ele>504</ele>
						<time>2026-10-03T01:58:50Z</time>
					</trkpt>
					<trkpt lat="48.487010" lon="6.963280">
						<ele>502</ele>
						<time>2026-10-03T01:58:58Z</time>
					</trkpt>
					<trkpt lat="48.487030" lon="6.963290">
						<ele>503</ele>
						<time>2026-10-03T01:58:59Z</time>
					</trkpt>
					<trkpt lat="48.487100" lon="6.963330">
						<ele>504</ele>
						<time>2026-10-03T01:59:02Z</time>
					</trkpt>
					<trkpt lat="48.487160" lon="6.963390">
						<ele>506</ele>
						<time>2026-10-03T01:59:06Z</time>
					</trkpt>
					<trkpt lat="48.487240" lon="6.963330">
						<ele>507</ele>
						<time>2026-10-03T01:59:10Z</time>
					</trkpt>
					<trkpt lat="48.487300" lon="6.963080">
						<ele>505</ele>
						<time>2026-10-03T01:59:19Z</time>
					</trkpt>
					<trkpt lat="48.487320" lon="6.962860">
						<ele>504</ele>
						<time>2026-10-03T01:59:27Z</time>
					</trkpt>
					<trkpt lat="48.487310" lon="6.962490">
						<ele>500</ele>
						<time>2026-10-03T01:59:39Z</time>
					</trkpt>
					<trkpt lat="48.487250" lon="6.962400">
						<ele>497</ele>
						<time>2026-10-03T01:59:43Z</time>
					</trkpt>
					<trkpt lat="48.487310" lon="6.962270">
						<ele>496</ele>
						<time>2026-10-03T01:59:48Z</time>
					</trkpt>
					<trkpt lat="48.487450" lon="6.962240">
						<ele>499</ele>
						<time>2026-10-03T01:59:55Z</time>
					</trkpt>
					<trkpt lat="48.487500" lon="6.962150">
						<ele>498</ele>
						<time>2026-10-03T01:59:59Z</time>
					</trkpt>
					<trkpt lat="48.487660" lon="6.961990">
						<ele>498</ele>
						<time>2026-10-03T02:00:09Z</time>
					</trkpt>
					<trkpt lat="48.487830" lon="6.961890">
						<ele>499</ele>
						<time>2026-10-03T02:00:18Z</time>
					</trkpt>
					<trkpt lat="48.488000" lon="6.961850">
						<ele>502</ele>
						<time>2026-10-03T02:00:27Z</time>
					</trkpt>
					<trkpt lat="48.488090" lon="6.961960">
						<ele>505</ele>
						<time>2026-10-03T02:00:32Z</time>
					</trkpt>
					<trkpt lat="48.488230" lon="6.961900">
						<ele>506</ele>
						<time>2026-10-03T02:00:40Z</time>
					</trkpt>
					<trkpt lat="48.488330" lon="6.961740">
						<ele>507</ele>
						<time>2026-10-03T02:00:47Z</time>
					</trkpt>
					<trkpt lat="48.488330" lon="6.961540">
						<ele>504</ele>
						<time>2026-10-03T02:00:54Z</time>
					</trkpt>
					<trkpt lat="48.488380" lon="6.961530">
						<ele>505</ele>
						<time>2026-10-03T02:00:56Z</time>
					</trkpt>
					<trkpt lat="48.488400" lon="6.961650">
						<ele>507</ele>
						<time>2026-10-03T02:01:00Z</time>
					</trkpt>
					<trkpt lat="48.488480" lon="6.961650">
						<ele>508</ele>
						<time>2026-10-03T02:01:04Z</time>
					</trkpt>
					<trkpt lat="48.488550" lon="6.961710">
						<ele>510</ele>
						<time>2026-10-03T02:01:08Z</time>
					</trkpt>
					<trkpt lat="48.488550" lon="6.961580">
						<ele>508</ele>
						<time>2026-10-03T02:01:13Z</time>
					</trkpt>
					<trkpt lat="48.488520" lon="6.961310">
						<ele>505</ele>
						<time>2026-10-03T02:01:22Z</time>
					</trkpt>
					<trkpt lat="48.488550" lon="6.960910">
						<ele>501</ele>
						<time>2026-10-03T02:01:35Z</time>
					</trkpt>
					<trkpt lat="48.488580" lon="6.960800">
						<ele>501</ele>
						<time>2026-10-03T02:01:39Z</time>
					</trkpt>
					<trkpt lat="48.488660" lon="6.960440">
						<ele>502</ele>
						<time>2026-10-03T02:01:52Z</time>
					</trkpt>
					<trkpt lat="48.488670" lon="6.960200">
						<ele>501</ele>
						<time>2026-10-03T02:02:00Z</time>
					</trkpt>
					<trkpt lat="48.488630" lon="6.959950">
						<ele>500</ele>
						<time>2026-10-03T02:02:08Z</time>
					</trkpt>
					<trkpt lat="48.488550" lon="6.959800">
						<ele>498</ele>
						<time>2026-10-03T02:02:15Z</time>
					</trkpt>
					<trkpt lat="48.488240" lon="6.959230">
						<ele>492</ele>
						<time>2026-10-03T02:02:39Z</time>
					</trkpt>
					<trkpt lat="48.487990" lon="6.958930">
						<ele>487</ele>
						<time>2026-10-03T02:02:55Z</time>
					</trkpt>
					<trkpt lat="48.487950" lon="6.958900">
						<ele>486</ele>
						<time>2026-10-03T02:02:57Z</time>
					</trkpt>
					<trkpt lat="48.487710" lon="6.958760">
						<ele>481</ele>
						<time>2026-10-03T02:03:10Z</time>
					</trkpt>
					<trkpt lat="48.487000" lon="6.958510">
						<ele>472</ele>
						<time>2026-10-03T02:03:47Z</time>
					</trkpt>
					<trkpt lat="48.486730" lon="6.958410">
						<ele>471</ele>
						<time>2026-10-03T02:04:00Z</time>
					</trkpt>
					<trkpt lat="48.486380" lon="6.958220">
						<ele>469</ele>
						<time>2026-10-03T02:04:19Z</time>
					</trkpt>
					<trkpt lat="48.486140" lon="6.958140">
						<ele>466</ele>
						<time>2026-10-03T02:04:31Z</time>
					</trkpt>
					<trkpt lat="48.485970" lon="6.958080">
						<ele>465</ele>
						<time>2026-10-03T02:04:40Z</time>
					</trkpt>
					<trkpt lat="48.485810" lon="6.957960">
						<ele>464</ele>
						<time>2026-10-03T02:04:49Z</time>
					</trkpt>
					<trkpt lat="48.485710" lon="6.957830">
						<ele>464</ele>
						<time>2026-10-03T02:04:56Z</time>
					</trkpt>
					<trkpt lat="48.485420" lon="6.957480">
						<ele>465</ele>
						<time>2026-10-03T02:05:14Z</time>
					</trkpt>
					<trkpt lat="48.485260" lon="6.957340">
						<ele>463</ele>
						<time>2026-10-03T02:05:24Z</time>
					</trkpt>
					<trkpt lat="48.485070" lon="6.957320">
						<ele>461</ele>
						<time>2026-10-03T02:05:33Z</time>
					</trkpt>
					<trkpt lat="48.484880" lon="6.957260">
						<ele>458</ele>
						<time>2026-10-03T02:05:43Z</time>
					</trkpt>
					<trkpt lat="48.484690" lon="6.957160">
						<ele>456</ele>
						<time>2026-10-03T02:05:53Z</time>
					</trkpt>
					<trkpt lat="48.484540" lon="6.957050">
						<ele>455</ele>
						<time>2026-10-03T02:06:01Z</time>
					</trkpt>
					<trkpt lat="48.484290" lon="6.956830">
						<ele>454</ele>
						<time>2026-10-03T02:06:16Z</time>
					</trkpt>
					<trkpt lat="48.483860" lon="6.956320">
						<ele>453</ele>
						<time>2026-10-03T02:06:43Z</time>
					</trkpt>
					<trkpt lat="48.483800" lon="6.956250">
						<ele>454</ele>
						<time>2026-10-03T02:06:47Z</time>
					</trkpt>
					<trkpt lat="48.483620" lon="6.956090">
						<ele>455</ele>
						<time>2026-10-03T02:06:57Z</time>
					</trkpt>
					<trkpt lat="48.483420" lon="6.955930">
						<ele>458</ele>
						<time>2026-10-03T02:07:09Z</time>
					</trkpt>
					<trkpt lat="48.483220" lon="6.955830">
						<ele>460</ele>
						<time>2026-10-03T02:07:19Z</time>
					</trkpt>
					<trkpt lat="48.483020" lon="6.955770">
						<ele>461</ele>
						<time>2026-10-03T02:07:29Z</time>
					</trkpt>
					<trkpt lat="48.482890" lon="6.955750">
						<ele>461</ele>
						<time>2026-10-03T02:07:36Z</time>
					</trkpt>
					<trkpt lat="48.482630" lon="6.955790">
						<ele>459</ele>
						<time>2026-10-03T02:07:49Z</time>
					</trkpt>
					<trkpt lat="48.482500" lon="6.955780">
						<ele>459</ele>
						<time>2026-10-03T02:07:55Z</time>
					</trkpt>
					<trkpt lat="48.482380" lon="6.955760">
						<ele>458</ele>
						<time>2026-10-03T02:08:02Z</time>
					</trkpt>
					<trkpt lat="48.482180" lon="6.955690">
						<ele>456</ele>
						<time>2026-10-03T02:08:12Z</time>
					</trkpt>
					<trkpt lat="48.482140" lon="6.955670">
						<ele>456</ele>
						<time>2026-10-03T02:08:14Z</time>
					</trkpt>
					<trkpt lat="48.482040" lon="6.955560">
						<ele>457</ele>
						<time>2026-10-03T02:08:20Z</time>
					</trkpt>
					<trkpt lat="48.481960" lon="6.955420">
						<ele>460</ele>
						<time>2026-10-03T02:08:26Z</time>
					</trkpt>
					<trkpt lat="48.481790" lon="6.954990">
						<ele>469</ele>
						<time>2026-10-03T02:08:43Z</time>
					</trkpt>
					<trkpt lat="48.481710" lon="6.954880">
						<ele>471</ele>
						<time>2026-10-03T02:08:48Z</time>
					</trkpt>
					<trkpt lat="48.481650" lon="6.954830">
						<ele>473</ele>
						<time>2026-10-03T02:08:52Z</time>
					</trkpt>
					<trkpt lat="48.481560" lon="6.954810">
						<ele>475</ele>
						<time>2026-10-03T02:08:56Z</time>
					</trkpt>
					<trkpt lat="48.481450" lon="6.954820">
						<ele>476</ele>
						<time>2026-10-03T02:09:02Z</time>
					</trkpt>
					<trkpt lat="48.481360" lon="6.954850">
						<ele>477</ele>
						<time>2026-10-03T02:09:06Z</time>
					</trkpt>
					<trkpt lat="48.481270" lon="6.954930">
						<ele>477</ele>
						<time>2026-10-03T02:09:12Z</time>
					</trkpt>
					<trkpt lat="48.481130" lon="6.955280">
						<ele>471</ele>
						<time>2026-10-03T02:09:25Z</time>
					</trkpt>
					<trkpt lat="48.481050" lon="6.955440">
						<ele>469</ele>
						<time>2026-10-03T02:09:32Z</time>
					</trkpt>
					<trkpt lat="48.480950" lon="6.955740">
						<ele>466</ele>
						<time>2026-10-03T02:09:43Z</time>
					</trkpt>
					<trkpt lat="48.480880" lon="6.956200">
						<ele>460</ele>
						<time>2026-10-03T02:09:59Z</time>
					</trkpt>
					<trkpt lat="48.480870" lon="6.956430">
						<ele>456</ele>
						<time>2026-10-03T02:10:06Z</time>
					</trkpt>
					<trkpt lat="48.480790" lon="6.956980">
						<ele>454</ele>
						<time>2026-10-03T02:10:25Z</time>
					</trkpt>
					<trkpt lat="48.480790" lon="6.957180">
						<ele>453</ele>
						<time>2026-10-03T02:10:32Z</time>
					</trkpt>
					<trkpt lat="48.480790" lon="6.957420">
						<ele>452</ele>
						<time>2026-10-03T02:10:40Z</time>
					</trkpt>
					<trkpt lat="48.480830" lon="6.957770">
						<ele>448</ele>
						<time>2026-10-03T02:10:51Z</time>
					</trkpt>
					<trkpt lat="48.480830" lon="6.957960">
						<ele>447</ele>
						<time>2026-10-03T02:10:58Z</time>
					</trkpt>
					<trkpt lat="48.480820" lon="6.958140">
						<ele>446</ele>
						<time>2026-10-03T02:11:04Z</time>
					</trkpt>
					<trkpt lat="48.480790" lon="6.958290">
						<ele>446</ele>
						<time>2026-10-03T02:11:09Z</time>
					</trkpt>
					<trkpt lat="48.480740" lon="6.958380">
						<ele>445</ele>
						<time>2026-10-03T02:11:13Z</time>
					</trkpt>
					<trkpt lat="48.480710" lon="6.958400">
						<ele>445</ele>
						<time>2026-10-03T02:11:14Z</time>
					</trkpt>
					<trkpt lat="48.480660" lon="6.958440">
						<ele>445</ele>
						<time>2026-10-03T02:11:17Z</time>
					</trkpt>
					<trkpt lat="48.480530" lon="6.958470">
						<ele>447</ele>
						<time>2026-10-03T02:11:24Z</time>
					</trkpt>
					<trkpt lat="48.480240" lon="6.958400">
						<ele>453</ele>
						<time>2026-10-03T02:11:38Z</time>
					</trkpt>
					<trkpt lat="48.480150" lon="6.958370">
						<ele>455</ele>
						<time>2026-10-03T02:11:43Z</time>
					</trkpt>
					<trkpt lat="48.480060" lon="6.958360">
						<ele>456</ele>
						<time>2026-10-03T02:11:48Z</time>
					</trkpt>
					<trkpt lat="48.479860" lon="6.958390">
						<ele>459</ele>
						<time>2026-10-03T02:11:58Z</time>
					</trkpt>
					<trkpt lat="48.479680" lon="6.958450">
						<ele>460</ele>
						<time>2026-10-03T02:12:07Z</time>
					</trkpt>
					<trkpt lat="48.479580" lon="6.958520">
						<ele>460</ele>
						<time>2026-10-03T02:12:12Z</time>
					</trkpt>
					<trkpt lat="48.479530" lon="6.958570">
						<ele>460</ele>
						<time>2026-10-03T02:12:15Z</time>
					</trkpt>
					<trkpt lat="48.479500" lon="6.958630">
						<ele>459</ele>
						<time>2026-10-03T02:12:18Z</time>
					</trkpt>
					<trkpt lat="48.479470" lon="6.958860">
						<ele>455</ele>
						<time>2026-10-03T02:12:26Z</time>
					</trkpt>
					<trkpt lat="48.479490" lon="6.959180">
						<ele>449</ele>
						<time>2026-10-03T02:12:36Z</time>
					</trkpt>
					<trkpt lat="48.479490" lon="6.959630">
						<ele>441</ele>
						<time>2026-10-03T02:12:51Z</time>
					</trkpt>
					<trkpt lat="48.479480" lon="6.959880">
						<ele>437</ele>
						<time>2026-10-03T02:13:00Z</time>
					</trkpt>
					<trkpt lat="48.479430" lon="6.960030">
						<ele>435</ele>
						<time>2026-10-03T02:13:05Z</time>
					</trkpt>
					<trkpt lat="48.479370" lon="6.960100">
						<ele>435</ele>
						<time>2026-10-03T02:13:09Z</time>
					</trkpt>
					<trkpt lat="48.479280" lon="6.960120">
						<ele>436</ele>
						<time>2026-10-03T02:13:13Z</time>
					</trkpt>
					<trkpt lat="48.479140" lon="6.960090">
						<ele>438</ele>
						<time>2026-10-03T02:13:21Z</time>
					</trkpt>
					<trkpt lat="48.478850" lon="6.959840">
						<ele>438</ele>
						<time>2026-10-03T02:13:37Z</time>
					</trkpt>
					<trkpt lat="48.478700" lon="6.959690">
						<ele>438</ele>
						<time>2026-10-03T02:13:46Z</time>
					</trkpt>
					<trkpt lat="48.478360" lon="6.959380">
						<ele>440</ele>
						<time>2026-10-03T02:14:06Z</time>
					</trkpt>
					<trkpt lat="48.478030" lon="6.959060">
						<ele>437</ele>
						<time>2026-10-03T02:14:26Z</time>
					</trkpt>
					<trkpt lat="48.477840" lon="6.958800">
						<ele>439</ele>
						<time>2026-10-03T02:14:39Z</time>
					</trkpt>
					<trkpt lat="48.477570" lon="6.958470">
						<ele>441</ele>
						<time>2026-10-03T02:14:56Z</time>
					</trkpt>
					<trkpt lat="48.477350" lon="6.958260">
						<ele>443</ele>
						<time>2026-10-03T02:15:09Z</time>
					</trkpt>
					<trkpt lat="48.477180" lon="6.958100">
						<ele>445</ele>
						<time>2026-10-03T02:15:19Z</time>
					</trkpt>
					<trkpt lat="48.476960" lon="6.957980">
						<ele>445</ele>
						<time>2026-10-03T02:15:31Z</time>
					</trkpt>
					<trkpt lat="48.476460" lon="6.957770">
						<ele>443</ele>
						<time>2026-10-03T02:15:57Z</time>
					</trkpt>
					<trkpt lat="48.476060" lon="6.957620">
						<ele>442</ele>
						<time>2026-10-03T02:16:17Z</time>
					</trkpt>
					<trkpt lat="48.475780" lon="6.957490">
						<ele>443</ele>
						<time>2026-10-03T02:16:32Z</time>
					</trkpt>
					<trkpt lat="48.475700" lon="6.957470">
						<ele>445</ele>
						<time>2026-10-03T02:16:36Z</time>
					</trkpt>
					<trkpt lat="48.475600" lon="6.957470">
						<ele>447</ele>
						<time>2026-10-03T02:16:41Z</time>
					</trkpt>
					<trkpt lat="48.475570" lon="6.957480">
						<ele>448</ele>
						<time>2026-10-03T02:16:43Z</time>
					</trkpt>
					<trkpt lat="48.475540" lon="6.957540">
						<ele>447</ele>
						<time>2026-10-03T02:16:45Z</time>
					</trkpt>
					<trkpt lat="48.475510" lon="6.957690">
						<ele>446</ele>
						<time>2026-10-03T02:16:50Z</time>
					</trkpt>
					<trkpt lat="48.475510" lon="6.957820">
						<ele>445</ele>
						<time>2026-10-03T02:16:55Z</time>
					</trkpt>
					<trkpt lat="48.475510" lon="6.958040">
						<ele>442</ele>
						<time>2026-10-03T02:17:02Z</time>
					</trkpt>
					<trkpt lat="48.475530" lon="6.958500">
						<ele>438</ele>
						<time>2026-10-03T02:17:17Z</time>
					</trkpt>
					<trkpt lat="48.475600" lon="6.959330">
						<ele>435</ele>
						<time>2026-10-03T02:17:45Z</time>
					</trkpt>
					<trkpt lat="48.475610" lon="6.959600">
						<ele>436</ele>
						<time>2026-10-03T02:17:54Z</time>
					</trkpt>
					<trkpt lat="48.475600" lon="6.959870">
						<ele>436</ele>
						<time>2026-10-03T02:18:03Z</time>
					</trkpt>
					<trkpt lat="48.475540" lon="6.960270">
						<ele>435</ele>
						<time>2026-10-03T02:18:17Z</time>
					</trkpt>
					<trkpt lat="48.475480" lon="6.960550">
						<ele>432</ele>
						<time>2026-10-03T02:18:26Z</time>
					</trkpt>
					<trkpt lat="48.475430" lon="6.960650">
						<ele>432</ele>
						<time>2026-10-03T02:18:30Z</time>
					</trkpt>
					<trkpt lat="48.475380" lon="6.960680">
						<ele>432</ele>
						<time>2026-10-03T02:18:33Z</time>
					</trkpt>
					<trkpt lat="48.475280" lon="6.960700">
						<ele>432</ele>
						<time>2026-10-03T02:18:38Z</time>
					</trkpt>
					<trkpt lat="48.475160" lon="6.960660">
						<ele>433</ele>
						<time>2026-10-03T02:18:44Z</time>
					</trkpt>
					<trkpt lat="48.475010" lon="6.960570">
						<ele>436</ele>
						<time>2026-10-03T02:18:52Z</time>
					</trkpt>
					<trkpt lat="48.474840" lon="6.960440">
						<ele>433</ele>
						<time>2026-10-03T02:19:02Z</time>
					</trkpt>
					<trkpt lat="48.474680" lon="6.960250">
						<ele>431</ele>
						<time>2026-10-03T02:19:12Z</time>
					</trkpt>
					<trkpt lat="48.474510" lon="6.959990">
						<ele>431</ele>
						<time>2026-10-03T02:19:24Z</time>
					</trkpt>
					<trkpt lat="48.474270" lon="6.959520">
						<ele>431</ele>
						<time>2026-10-03T02:19:44Z</time>
					</trkpt>
					<trkpt lat="48.474180" lon="6.959280">
						<ele>432</ele>
						<time>2026-10-03T02:19:53Z</time>
					</trkpt>
					<trkpt lat="48.474000" lon="6.958670">
						<ele>434</ele>
						<time>2026-10-03T02:20:15Z</time>
					</trkpt>
					<trkpt lat="48.473800" lon="6.958070">
						<ele>436</ele>
						<time>2026-10-03T02:20:37Z</time>
					</trkpt>
					<trkpt lat="48.473630" lon="6.957720">
						<ele>436</ele>
						<time>2026-10-03T02:20:52Z</time>
					</trkpt>
					<trkpt lat="48.473180" lon="6.956810">
						<ele>440</ele>
						<time>2026-10-03T02:21:30Z</time>
					</trkpt>
					<trkpt lat="48.472910" lon="6.956280">
						<ele>441</ele>
						<time>2026-10-03T02:21:52Z</time>
					</trkpt>
					<trkpt lat="48.472580" lon="6.955580">
						<ele>442</ele>
						<time>2026-10-03T02:22:20Z</time>
					</trkpt>
					<trkpt lat="48.472480" lon="6.955340">
						<ele>445</ele>
						<time>2026-10-03T02:22:30Z</time>
					</trkpt>
					<trkpt lat="48.472350" lon="6.955080">
						<ele>452</ele>
						<time>2026-10-03T02:22:40Z</time>
					</trkpt>
					<trkpt lat="48.472210" lon="6.954960">
						<ele>455</ele>
						<time>2026-10-03T02:22:48Z</time>
					</trkpt>
					<trkpt lat="48.471890" lon="6.954870">
						<ele>455</ele>
						<time>2026-10-03T02:23:05Z</time>
					</trkpt>
					<trkpt lat="48.471700" lon="6.954850">
						<ele>453</ele>
						<time>2026-10-03T02:23:14Z</time>
					</trkpt>
					<trkpt lat="48.471280" lon="6.954950">
						<ele>449</ele>
						<time>2026-10-03T02:23:36Z</time>
					</trkpt>
					<trkpt lat="48.470860" lon="6.955020">
						<ele>447</ele>
						<time>2026-10-03T02:23:57Z</time>
					</trkpt>
					<trkpt lat="48.470650" lon="6.955000">
						<ele>446</ele>
						<time>2026-10-03T02:24:07Z</time>
					</trkpt>
					<trkpt lat="48.470420" lon="6.954940">
						<ele>447</ele>
						<time>2026-10-03T02:24:19Z</time>
					</trkpt>
					<trkpt lat="48.470030" lon="6.954800">
						<ele>450</ele>
						<time>2026-10-03T02:24:39Z</time>
					</trkpt>
					<trkpt lat="48.469870" lon="6.954760">
						<ele>451</ele>
						<time>2026-10-03T02:24:47Z</time>
					</trkpt>
					<trkpt lat="48.470810" lon="6.954620">
						<ele>466</ele>
						<time>2026-10-03T02:25:34Z</time>
					</trkpt>
					<trkpt lat="48.471320" lon="6.954570">
						<ele>468</ele>
						<time>2026-10-03T02:26:00Z</time>
					</trkpt>
					<trkpt lat="48.471720" lon="6.954360">
						<ele>479</ele>
						<time>2026-10-03T02:26:21Z</time>
					</trkpt>
					<trkpt lat="48.472240" lon="6.954130">
						<ele>491</ele>
						<time>2026-10-03T02:26:48Z</time>
					</trkpt>
					<trkpt lat="48.472680" lon="6.954160">
						<ele>498</ele>
						<time>2026-10-03T02:27:10Z</time>
					</trkpt>
					<trkpt lat="48.473010" lon="6.954600">
						<ele>495</ele>
						<time>2026-10-03T02:27:32Z</time>
					</trkpt>
					<trkpt lat="48.473460" lon="6.955380">
						<ele>492</ele>
						<time>2026-10-03T02:28:07Z</time>
					</trkpt>
					<trkpt lat="48.473730" lon="6.955590">
						<ele>492</ele>
						<time>2026-10-03T02:28:22Z</time>
					</trkpt>
					<trkpt lat="48.473970" lon="6.955500">
						<ele>501</ele>
						<time>2026-10-03T02:28:34Z</time>
					</trkpt>
					<trkpt lat="48.474240" lon="6.954970">
						<ele>520</ele>
						<time>2026-10-03T02:28:56Z</time>
					</trkpt>
					<trkpt lat="48.474520" lon="6.954800">
						<ele>522</ele>
						<time>2026-10-03T02:29:12Z</time>
					</trkpt>
					<trkpt lat="48.475240" lon="6.954690">
						<ele>520</ele>
						<time>2026-10-03T02:29:48Z</time>
					</trkpt>
					<trkpt lat="48.475610" lon="6.954570">
						<ele>520</ele>
						<time>2026-10-03T02:30:07Z</time>
					</trkpt>
					<trkpt lat="48.476110" lon="6.954760">
						<ele>521</ele>
						<time>2026-10-03T02:30:32Z</time>
					</trkpt>
					<trkpt lat="48.476240" lon="6.954910">
						<ele>521</ele>
						<time>2026-10-03T02:30:41Z</time>
					</trkpt>
					<trkpt lat="48.476430" lon="6.954690">
						<ele>526</ele>
						<time>2026-10-03T02:30:53Z</time>
					</trkpt>
					<trkpt lat="48.476650" lon="6.954680">
						<ele>529</ele>
						<time>2026-10-03T02:31:04Z</time>
					</trkpt>
					<trkpt lat="48.476930" lon="6.954710">
						<ele>534</ele>
						<time>2026-10-03T02:31:18Z</time>
					</trkpt>
					<trkpt lat="48.477390" lon="6.954620">
						<ele>544</ele>
						<time>2026-10-03T02:31:41Z</time>
					</trkpt>
					<trkpt lat="48.477480" lon="6.954570">
						<ele>546</ele>
						<time>2026-10-03T02:31:46Z</time>
					</trkpt>
					<trkpt lat="48.477880" lon="6.954170">
						<ele>555</ele>
						<time>2026-10-03T02:32:10Z</time>
					</trkpt>
					<trkpt lat="48.478340" lon="6.953810">
						<ele>559</ele>
						<time>2026-10-03T02:32:36Z</time>
					</trkpt>
					<trkpt lat="48.478660" lon="6.953630">
						<ele>559</ele>
						<time>2026-10-03T02:32:53Z</time>
					</trkpt>
					<trkpt lat="48.478770" lon="6.953550">
						<ele>560</ele>
						<time>2026-10-03T02:32:59Z</time>
					</trkpt>
					<trkpt lat="48.479060" lon="6.953290">
						<ele>562</ele>
						<time>2026-10-03T02:33:16Z</time>
					</trkpt>
					<trkpt lat="48.479240" lon="6.953100">
						<ele>561</ele>
						<time>2026-10-03T02:33:27Z</time>
					</trkpt>
					<trkpt lat="48.479400" lon="6.953010">
						<ele>559</ele>
						<time>2026-10-03T02:33:35Z</time>
					</trkpt>
					<trkpt lat="48.479540" lon="6.953030">
						<ele>557</ele>
						<time>2026-10-03T02:33:42Z</time>
					</trkpt>
					<trkpt lat="48.479620" lon="6.952990">
						<ele>556</ele>
						<time>2026-10-03T02:33:47Z</time>
					</trkpt>
					<trkpt lat="48.479670" lon="6.952960">
						<ele>556</ele>
						<time>2026-10-03T02:33:49Z</time>
					</trkpt>
					<trkpt lat="48.479890" lon="6.952780">
						<ele>553</ele>
						<time>2026-10-03T02:34:02Z</time>
					</trkpt>
					<trkpt lat="48.479950" lon="6.952610">
						<ele>552</ele>
						<time>2026-10-03T02:34:08Z</time>
					</trkpt>
					<trkpt lat="48.480010" lon="6.952380">
						<ele>549</ele>
						<time>2026-10-03T02:34:16Z</time>
					</trkpt>
					<trkpt lat="48.480170" lon="6.952320">
						<ele>545</ele>
						<time>2026-10-03T02:34:25Z</time>
					</trkpt>
					<trkpt lat="48.480270" lon="6.951500">
						<ele>533</ele>
						<time>2026-10-03T02:34:52Z</time>
					</trkpt>
					<trkpt lat="48.480290" lon="6.951160">
						<ele>528</ele>
						<time>2026-10-03T02:35:04Z</time>
					</trkpt>
					<trkpt lat="48.480320" lon="6.950950">
						<ele>524</ele>
						<time>2026-10-03T02:35:11Z</time>
					</trkpt>
					<trkpt lat="48.480110" lon="6.950750">
						<ele>525</ele>
						<time>2026-10-03T02:35:23Z</time>
					</trkpt>
					<trkpt lat="48.480240" lon="6.950310">
						<ele>519</ele>
						<time>2026-10-03T02:35:39Z</time>
					</trkpt>
					<trkpt lat="48.480140" lon="6.950270">
						<ele>519</ele>
						<time>2026-10-03T02:35:44Z</time>
					</trkpt>
					<trkpt lat="48.479980" lon="6.950270">
						<ele>520</ele>
						<time>2026-10-03T02:35:52Z</time>
					</trkpt>
					<trkpt lat="48.479630" lon="6.950430">
						<ele>520</ele>
						<time>2026-10-03T02:36:11Z</time>
					</trkpt>
					<trkpt lat="48.479230" lon="6.950510">
						<ele>519</ele>
						<time>2026-10-03T02:36:31Z</time>
					</trkpt>
					<trkpt lat="48.478820" lon="6.950450">
						<ele>515</ele>
						<time>2026-10-03T02:36:51Z</time>
					</trkpt>
					<trkpt lat="48.478290" lon="6.950300">
						<ele>509</ele>
						<time>2026-10-03T02:37:18Z</time>
					</trkpt>
					<trkpt lat="48.477710" lon="6.950340">
						<ele>504</ele>
						<time>2026-10-03T02:37:47Z</time>
					</trkpt>
					<trkpt lat="48.477370" lon="6.950510">
						<ele>502</ele>
						<time>2026-10-03T02:38:05Z</time>
					</trkpt>
					<trkpt lat="48.477190" lon="6.950770">
						<ele>503</ele>
						<time>2026-10-03T02:38:18Z</time>
					</trkpt>
					<trkpt lat="48.477140" lon="6.950850">
						<ele>503</ele>
						<time>2026-10-03T02:38:22Z</time>
					</trkpt>
					<trkpt lat="48.477150" lon="6.950610">
						<ele>501</ele>
						<time>2026-10-03T02:38:29Z</time>
					</trkpt>
					<trkpt lat="48.477220" lon="6.950310">
						<ele>498</ele>
						<time>2026-10-03T02:38:40Z</time>
					</trkpt>
					<trkpt lat="48.477290" lon="6.950090">
						<ele>497</ele>
						<time>2026-10-03T02:38:48Z</time>
					</trkpt>
					<trkpt lat="48.477420" lon="6.949850">
						<ele>496</ele>
						<time>2026-10-03T02:38:58Z</time>
					</trkpt>
					<trkpt lat="48.477560" lon="6.949720">
						<ele>496</ele>
						<time>2026-10-03T02:39:07Z</time>
					</trkpt>
					<trkpt lat="48.477790" lon="6.949570">
						<ele>495</ele>
						<time>2026-10-03T02:39:19Z</time>
					</trkpt>
					<trkpt lat="48.478020" lon="6.949480">
						<ele>494</ele>
						<time>2026-10-03T02:39:31Z</time>
					</trkpt>
					<trkpt lat="48.478220" lon="6.949450">
						<ele>494</ele>
						<time>2026-10-03T02:39:41Z</time>
					</trkpt>
					<trkpt lat="48.478460" lon="6.949460">
						<ele>494</ele>
						<time>2026-10-03T02:39:53Z</time>
					</trkpt>
					<trkpt lat="48.478680" lon="6.949450">
						<ele>494</ele>
						<time>2026-10-03T02:40:04Z</time>
					</trkpt>
					<trkpt lat="48.478940" lon="6.949420">
						<ele>494</ele>
						<time>2026-10-03T02:40:17Z</time>
					</trkpt>
					<trkpt lat="48.479130" lon="6.949370">
						<ele>494</ele>
						<time>2026-10-03T02:40:27Z</time>
					</trkpt>
					<trkpt lat="48.479240" lon="6.949300">
						<ele>494</ele>
						<time>2026-10-03T02:40:33Z</time>
					</trkpt>
					<trkpt lat="48.479300" lon="6.949140">
						<ele>493</ele>
						<time>2026-10-03T02:40:39Z</time>
					</trkpt>
					<trkpt lat="48.479320" lon="6.949000">
						<ele>492</ele>
						<time>2026-10-03T02:40:44Z</time>
					</trkpt>
					<trkpt lat="48.479290" lon="6.948780">
						<ele>488</ele>
						<time>2026-10-03T02:40:51Z</time>
					</trkpt>
					<trkpt lat="48.479220" lon="6.948610">
						<ele>485</ele>
						<time>2026-10-03T02:40:58Z</time>
					</trkpt>
					<trkpt lat="48.479170" lon="6.948340">
						<ele>480</ele>
						<time>2026-10-03T02:41:07Z</time>
					</trkpt>
					<trkpt lat="48.479120" lon="6.947900">
						<ele>477</ele>
						<time>2026-10-03T02:41:22Z</time>
					</trkpt>
					<trkpt lat="48.479100" lon="6.947460">
						<ele>474</ele>
						<time>2026-10-03T02:41:37Z</time>
					</trkpt>
					<trkpt lat="48.479030" lon="6.946850">
						<ele>469</ele>
						<time>2026-10-03T02:41:57Z</time>
					</trkpt>
					<trkpt lat="48.479040" lon="6.946570">
						<ele>468</ele>
						<time>2026-10-03T02:42:06Z</time>
					</trkpt>
					<trkpt lat="48.479110" lon="6.946250">
						<ele>469</ele>
						<time>2026-10-03T02:42:18Z</time>
					</trkpt>
					<trkpt lat="48.479190" lon="6.946000">
						<ele>469</ele>
						<time>2026-10-03T02:42:27Z</time>
					</trkpt>
					<trkpt lat="48.479300" lon="6.945890">
						<ele>467</ele>
						<time>2026-10-03T02:42:33Z</time>
					</trkpt>
					<trkpt lat="48.479410" lon="6.945870">
						<ele>467</ele>
						<time>2026-10-03T02:42:39Z</time>
					</trkpt>
					<trkpt lat="48.479450" lon="6.945860">
						<ele>466</ele>
						<time>2026-10-03T02:42:41Z</time>
					</trkpt>
					<trkpt lat="48.479690" lon="6.945960">
						<ele>466</ele>
						<time>2026-10-03T02:42:53Z</time>
					</trkpt>
					<trkpt lat="48.480010" lon="6.946100">
						<ele>466</ele>
						<time>2026-10-03T02:43:10Z</time>
					</trkpt>
					<trkpt lat="48.480430" lon="6.946440">
						<ele>463</ele>
						<time>2026-10-03T02:43:34Z</time>
					</trkpt>
					<trkpt lat="48.481010" lon="6.947000">
						<ele>462</ele>
						<time>2026-10-03T02:44:08Z</time>
					</trkpt>
					<trkpt lat="48.481520" lon="6.947340">
						<ele>463</ele>
						<time>2026-10-03T02:44:36Z</time>
					</trkpt>
					<trkpt lat="48.481680" lon="6.947410">
						<ele>462</ele>
						<time>2026-10-03T02:44:45Z</time>
					</trkpt>
					<trkpt lat="48.481730" lon="6.947370">
						<ele>464</ele>
						<time>2026-10-03T02:44:47Z</time>
					</trkpt>
					<trkpt lat="48.481770" lon="6.947260">
						<ele>465</ele>
						<time>2026-10-03T02:44:52Z</time>
					</trkpt>
					<trkpt lat="48.481760" lon="6.947080">
						<ele>465</ele>
						<time>2026-10-03T02:44:58Z</time>
					</trkpt>
					<trkpt lat="48.481520" lon="6.945790">
						<ele>463</ele>
						<time>2026-10-03T02:45:42Z</time>
					</trkpt>
					<trkpt lat="48.481440" lon="6.945180">
						<ele>464</ele>
						<time>2026-10-03T02:46:03Z</time>
					</trkpt>
					<trkpt lat="48.481340" lon="6.944680">
						<ele>463</ele>
						<time>2026-10-03T02:46:20Z</time>
					</trkpt>
					<trkpt lat="48.481220" lon="6.944290">
						<ele>461</ele>
						<time>2026-10-03T02:46:34Z</time>
					</trkpt>
					<trkpt lat="48.481200" lon="6.944110">
						<ele>461</ele>
						<time>2026-10-03T02:46:40Z</time>
					</trkpt>
					<trkpt lat="48.481130" lon="6.943800">
						<ele>460</ele>
						<time>2026-10-03T02:46:51Z</time>
					</trkpt>
					<trkpt lat="48.481050" lon="6.943270">
						<ele>458</ele>
						<time>2026-10-03T02:47:09Z</time>
					</trkpt>
					<trkpt lat="48.481030" lon="6.943110">
						<ele>458</ele>
						<time>2026-10-03T02:47:15Z</time>
					</trkpt>
					<trkpt lat="48.481030" lon="6.942820">
						<ele>457</ele>
						<time>2026-10-03T02:47:24Z</time>
					</trkpt>
					<trkpt lat="48.481100" lon="6.942490">
						<ele>460</ele>
						<time>2026-10-03T02:47:36Z</time>
					</trkpt>
					<trkpt lat="48.481210" lon="6.942210">
						<ele>460</ele>
						<time>2026-10-03T02:47:46Z</time>
					</trkpt>
					<trkpt lat="48.481430" lon="6.941960">
						<ele>463</ele>
						<time>2026-10-03T02:48:00Z</time>
					</trkpt>
					<trkpt lat="48.481630" lon="6.941810">
						<ele>466</ele>
						<time>2026-10-03T02:48:11Z</time>
					</trkpt>
					<trkpt lat="48.481880" lon="6.941740">
						<ele>468</ele>
						<time>2026-10-03T02:48:24Z</time>
					</trkpt>
					<trkpt lat="48.482280" lon="6.941690">
						<ele>471</ele>
						<time>2026-10-03T02:48:44Z</time>
					</trkpt>
					<trkpt lat="48.482530" lon="6.941690">
						<ele>474</ele>
						<time>2026-10-03T02:48:57Z</time>
					</trkpt>
					<trkpt lat="48.482660" lon="6.941630">
						<ele>477</ele>
						<time>2026-10-03T02:49:04Z</time>
					</trkpt>
					<trkpt lat="48.482760" lon="6.941460">
						<ele>479</ele>
						<time>2026-10-03T02:49:11Z</time>
					</trkpt>
					<trkpt lat="48.482840" lon="6.941240">
						<ele>480</ele>
						<time>2026-10-03T02:49:19Z</time>
					</trkpt>
					<trkpt lat="48.482880" lon="6.941090">
						<ele>480</ele>
						<time>2026-10-03T02:49:25Z</time>
					</trkpt>
					<trkpt lat="48.482890" lon="6.940940">
						<ele>479</ele>
						<time>2026-10-03T02:49:30Z</time>
					</trkpt>
					<trkpt lat="48.482860" lon="6.940690">
						<ele>477</ele>
						<time>2026-10-03T02:49:38Z</time>
					</trkpt>
					<trkpt lat="48.482800" lon="6.940430">
						<ele>475</ele>
						<time>2026-10-03T02:49:47Z</time>
					</trkpt>
					<trkpt lat="48.482840" lon="6.940170">
						<ele>475</ele>
						<time>2026-10-03T02:49:56Z</time>
					</trkpt>
					<trkpt lat="48.482900" lon="6.939940">
						<ele>477</ele>
						<time>2026-10-03T02:50:04Z</time>
					</trkpt>
					<trkpt lat="48.483060" lon="6.939500">
						<ele>481</ele>
						<time>2026-10-03T02:50:21Z</time>
					</trkpt>
					<trkpt lat="48.483060" lon="6.939470">
						<ele>481</ele>
						<time>2026-10-03T02:50:22Z</time>
					</trkpt>
					<trkpt lat="48.482990" lon="6.939160">
						<ele>479</ele>
						<time>2026-10-03T02:50:33Z</time>
					</trkpt>
					<trkpt lat="48.482910" lon="6.939010">
						<ele>479</ele>
						<time>2026-10-03T02:50:39Z</time>
					</trkpt>
					<trkpt lat="48.482730" lon="6.938860">
						<ele>478</ele>
						<time>2026-10-03T02:50:50Z</time>
					</trkpt>
					<trkpt lat="48.482580" lon="6.938830">
						<ele>476</ele>
						<time>2026-10-03T02:50:57Z</time>
					</trkpt>
					<trkpt lat="48.482560" lon="6.938820">
						<ele>476</ele>
						<time>2026-10-03T02:50:58Z</time>
					</trkpt>
					<trkpt lat="48.482270" lon="6.938920">
						<ele>470</ele>
						<time>2026-10-03T02:51:13Z</time>
					</trkpt>
					<trkpt lat="48.481930" lon="6.938900">
						<ele>466</ele>
						<time>2026-10-03T02:51:30Z</time>
					</trkpt>
					<trkpt lat="48.480970" lon="6.938980">
						<ele>459</ele>
						<time>2026-10-03T02:52:18Z</time>
					</trkpt>
					<trkpt lat="48.480050" lon="6.939290">
						<ele>449</ele>
						<time>2026-10-03T02:53:05Z</time>
					</trkpt>
					<trkpt lat="48.479830" lon="6.939250">
						<ele>450</ele>
						<time>2026-10-03T02:53:17Z</time>
					</trkpt>
					<trkpt lat="48.479600" lon="6.939250">
						<ele>451</ele>
						<time>2026-10-03T02:53:28Z</time>
					</trkpt>
					<trkpt lat="48.479390" lon="6.939320">
						<ele>449</ele>
						<time>2026-10-03T02:53:39Z</time>
					</trkpt>
					<trkpt lat="48.479160" lon="6.939360">
						<ele>449</ele>
						<time>2026-10-03T02:53:50Z</time>
					</trkpt>
					<trkpt lat="48.478950" lon="6.939350">
						<ele>448</ele>
						<time>2026-10-03T02:54:01Z</time>
					</trkpt>
					<trkpt lat="48.478710" lon="6.939320">
						<ele>447</ele>
						<time>2026-10-03T02:54:13Z</time>
					</trkpt>
					<trkpt lat="48.478410" lon="6.939200">
						<ele>448</ele>
						<time>2026-10-03T02:54:28Z</time>
					</trkpt>
					<trkpt lat="48.477790" lon="6.938620">
						<ele>446</ele>
						<time>2026-10-03T02:55:05Z</time>
					</trkpt>
					<trkpt lat="48.477550" lon="6.938370">
						<ele>444</ele>
						<time>2026-10-03T02:55:20Z</time>
					</trkpt>
					<trkpt lat="48.477440" lon="6.938210">
						<ele>442</ele>
						<time>2026-10-03T02:55:27Z</time>
					</trkpt>
					<trkpt lat="48.477370" lon="6.938040">
						<ele>441</ele>
						<time>2026-10-03T02:55:34Z</time>
					</trkpt>
					<trkpt lat="48.477330" lon="6.937770">
						<ele>442</ele>
						<time>2026-10-03T02:55:43Z</time>
					</trkpt>
					<trkpt lat="48.477300" lon="6.937330">
						<ele>443</ele>
						<time>2026-10-03T02:55:58Z</time>
					</trkpt>
					<trkpt lat="48.477260" lon="6.936930">
						<ele>443</ele>
						<time>2026-10-03T02:56:11Z</time>
					</trkpt>
					<trkpt lat="48.477240" lon="6.936610">
						<ele>444</ele>
						<time>2026-10-03T02:56:22Z</time>
					</trkpt>
					<trkpt lat="48.477260" lon="6.936070">
						<ele>449</ele>
						<time>2026-10-03T02:56:40Z</time>
					</trkpt>
					<trkpt lat="48.477250" lon="6.935840">
						<ele>451</ele>
						<time>2026-10-03T02:56:47Z</time>
					</trkpt>
					<trkpt lat="48.477220" lon="6.935640">
						<ele>453</ele>
						<time>2026-10-03T02:56:54Z</time>
					</trkpt>
					<trkpt lat="48.477160" lon="6.935490">
						<ele>454</ele>
						<time>2026-10-03T02:57:00Z</time>
					</trkpt>
					<trkpt lat="48.477090" lon="6.935400">
						<ele>455</ele>
						<time>2026-10-03T02:57:05Z</time>
					</trkpt>
					<trkpt lat="48.476880" lon="6.935020">
						<ele>457</ele>
						<time>2026-10-03T02:57:21Z</time>
					</trkpt>
					<trkpt lat="48.476680" lon="6.934900">
						<ele>457</ele>
						<time>2026-10-03T02:57:32Z</time>
					</trkpt>
					<trkpt lat="48.476360" lon="6.934950">
						<ele>459</ele>
						<time>2026-10-03T02:57:48Z</time>
					</trkpt>
					<trkpt lat="48.476020" lon="6.934940">
						<ele>462</ele>
						<time>2026-10-03T02:58:05Z</time>
					</trkpt>
					<trkpt lat="48.475520" lon="6.935090">
						<ele>466</ele>
						<time>2026-10-03T02:58:30Z</time>
					</trkpt>
					<trkpt lat="48.475280" lon="6.935200">
						<ele>468</ele>
						<time>2026-10-03T02:58:43Z</time>
					</trkpt>
					<trkpt lat="48.474890" lon="6.935860">
						<ele>467</ele>
						<time>2026-10-03T02:59:12Z</time>
					</trkpt>
					<trkpt lat="48.474690" lon="6.936070">
						<ele>466</ele>
						<time>2026-10-03T02:59:24Z</time>
					</trkpt>
					<trkpt lat="48.474400" lon="6.936210">
						<ele>468</ele>
						<time>2026-10-03T02:59:40Z</time>
					</trkpt>
					<trkpt lat="48.474010" lon="6.936160">
						<ele>471</ele>
						<time>2026-10-03T02:59:59Z</time>
					</trkpt>
					<trkpt lat="48.473920" lon="6.936090">
						<ele>471</ele>
						<time>2026-10-03T03:00:04Z</time>
					</trkpt>
					<trkpt lat="48.472820" lon="6.935310">
						<ele>463</ele>
						<time>2026-10-03T03:01:05Z</time>
					</trkpt>
					<trkpt lat="48.472580" lon="6.935150">
						<ele>461</ele>
						<time>2026-10-03T03:01:18Z</time>
					</trkpt>
					<trkpt lat="48.472290" lon="6.934860">
						<ele>459</ele>
						<time>2026-10-03T03:01:36Z</time>
					</trkpt>
					<trkpt lat="48.472120" lon="6.934580">
						<ele>459</ele>
						<time>2026-10-03T03:01:48Z</time>
					</trkpt>
					<trkpt lat="48.471920" lon="6.933800">
						<ele>469</ele>
						<time>2026-10-03T03:02:16Z</time>
					</trkpt>
					<trkpt lat="48.471790" lon="6.933620">
						<ele>469</ele>
						<time>2026-10-03T03:02:25Z</time>
					</trkpt>
					<trkpt lat="48.471660" lon="6.933340">
						<ele>473</ele>
						<time>2026-10-03T03:02:36Z</time>
					</trkpt>
					<trkpt lat="48.471540" lon="6.932940">
						<ele>473</ele>
						<time>2026-10-03T03:02:51Z</time>
					</trkpt>
					<trkpt lat="48.471400" lon="6.932430">
						<ele>474</ele>
						<time>2026-10-03T03:03:09Z</time>
					</trkpt>
					<trkpt lat="48.471340" lon="6.932230">
						<ele>473</ele>
						<time>2026-10-03T03:03:16Z</time>
					</trkpt>
					<trkpt lat="48.471290" lon="6.932150">
						<ele>472</ele>
						<time>2026-10-03T03:03:20Z</time>
					</trkpt>
					<trkpt lat="48.471200" lon="6.932180">
						<ele>472</ele>
						<time>2026-10-03T03:03:25Z</time>
					</trkpt>
					<trkpt lat="48.471150" lon="6.932170">
						<ele>472</ele>
						<time>2026-10-03T03:03:27Z</time>
					</trkpt>
					<trkpt lat="48.471040" lon="6.932140">
						<ele>472</ele>
						<time>2026-10-03T03:03:33Z</time>
					</trkpt>
					<trkpt lat="48.470860" lon="6.932170">
						<ele>471</ele>
						<time>2026-10-03T03:03:42Z</time>
					</trkpt>
					<trkpt lat="48.470720" lon="6.932130">
						<ele>468</ele>
						<time>2026-10-03T03:03:49Z</time>
					</trkpt>
					<trkpt lat="48.470500" lon="6.932030">
						<ele>464</ele>
						<time>2026-10-03T03:04:01Z</time>
					</trkpt>
					<trkpt lat="48.470250" lon="6.932080">
						<ele>456</ele>
						<time>2026-10-03T03:04:13Z</time>
					</trkpt>
					<trkpt lat="48.470070" lon="6.932100">
						<ele>450</ele>
						<time>2026-10-03T03:04:22Z</time>
					</trkpt>
					<trkpt lat="48.469920" lon="6.932130">
						<ele>446</ele>
						<time>2026-10-03T03:04:30Z</time>
					</trkpt>
					<trkpt lat="48.469920" lon="6.932130">
						<ele>446</ele>
						<time>2026-10-03T03:04:30Z</time>
					</trkpt>
					<trkpt lat="48.469630" lon="6.932180">
						<ele>438</ele>
						<time>2026-10-03T03:04:44Z</time>
					</trkpt>
					<trkpt lat="48.469500" lon="6.932140">
						<ele>437</ele>
						<time>2026-10-03T03:04:51Z</time>
					</trkpt>
					<trkpt lat="48.469380" lon="6.932090">
						<ele>435</ele>
						<time>2026-10-03T03:04:57Z</time>
					</trkpt>
					<trkpt lat="48.469220" lon="6.932100">
						<ele>431</ele>
						<time>2026-10-03T03:05:05Z</time>
					</trkpt>
					<trkpt lat="48.469120" lon="6.932050">
						<ele>430</ele>
						<time>2026-10-03T03:05:11Z</time>
					</trkpt>
					<trkpt lat="48.469090" lon="6.932120">
						<ele>429</ele>
						<time>2026-10-03T03:05:13Z</time>
					</trkpt>
					<trkpt lat="48.468910" lon="6.932260">
						<ele>428</ele>
						<time>2026-10-03T03:05:23Z</time>
					</trkpt>
					<trkpt lat="48.468840" lon="6.932360">
						<ele>428</ele>
						<time>2026-10-03T03:05:28Z</time>
					</trkpt>
					<trkpt lat="48.468480" lon="6.932290">
						<ele>427</ele>
						<time>2026-10-03T03:05:46Z</time>
					</trkpt>
					<trkpt lat="48.468340" lon="6.932300">
						<ele>427</ele>
						<time>2026-10-03T03:05:53Z</time>
					</trkpt>
					<trkpt lat="48.468290" lon="6.932300">
						<ele>428</ele>
						<time>2026-10-03T03:05:56Z</time>
					</trkpt>
					<trkpt lat="48.467990" lon="6.932720">
						<ele>436</ele>
						<time>2026-10-03T03:06:16Z</time>
					</trkpt>
					<trkpt lat="48.467860" lon="6.932930">
						<ele>441</ele>
						<time>2026-10-03T03:06:26Z</time>
					</trkpt>
					<trkpt lat="48.467840" lon="6.933110">
						<ele>443</ele>
						<time>2026-10-03T03:06:32Z</time>
					</trkpt>
					<trkpt lat="48.467860" lon="6.933500">
						<ele>445</ele>
						<time>2026-10-03T03:06:45Z</time>
					</trkpt>
					<trkpt lat="48.467850" lon="6.933600">
						<ele>445</ele>
						<time>2026-10-03T03:06:48Z</time>
					</trkpt>
					<trkpt lat="48.467760" lon="6.933500">
						<ele>447</ele>
						<time>2026-10-03T03:06:54Z</time>
					</trkpt>
					<trkpt lat="48.467700" lon="6.933470">
						<ele>448</ele>
						<time>2026-10-03T03:06:57Z</time>
					</trkpt>
					<trkpt lat="48.467640" lon="6.933410">
						<ele>450</ele>
						<time>2026-10-03T03:07:01Z</time>
					</trkpt>
					<trkpt lat="48.467580" lon="6.933390">
						<ele>451</ele>
						<time>2026-10-03T03:07:04Z</time>
					</trkpt>
					<trkpt lat="48.467540" lon="6.933330">
						<ele>452</ele>
						<time>2026-10-03T03:07:07Z</time>
					</trkpt>
					<trkpt lat="48.467460" lon="6.933290">
						<ele>453</ele>
						<time>2026-10-03T03:07:11Z</time>
					</trkpt>
					<trkpt lat="48.467440" lon="6.933250">
						<ele>453</ele>
						<time>2026-10-03T03:07:12Z</time>
					</trkpt>
					<trkpt lat="48.467430" lon="6.933240">
						<ele>453</ele>
						<time>2026-10-03T03:07:13Z</time>
					</trkpt>
					<trkpt lat="48.467350" lon="6.933250">
						<ele>454</ele>
						<time>2026-10-03T03:07:17Z</time>
					</trkpt>
					<trkpt lat="48.467330" lon="6.933220">
						<ele>454</ele>
						<time>2026-10-03T03:07:19Z</time>
					</trkpt>
					<trkpt lat="48.467310" lon="6.933220">
						<ele>455</ele>
						<time>2026-10-03T03:07:20Z</time>
					</trkpt>
					<trkpt lat="48.467220" lon="6.933170">
						<ele>456</ele>
						<time>2026-10-03T03:07:24Z</time>
					</trkpt>
					<trkpt lat="48.467200" lon="6.933170">
						<ele>456</ele>
						<time>2026-10-03T03:07:25Z</time>
					</trkpt>
					<trkpt lat="48.467170" lon="6.933200">
						<ele>457</ele>
						<time>2026-10-03T03:07:27Z</time>
					</trkpt>
					<trkpt lat="48.467130" lon="6.933260">
						<ele>458</ele>
						<time>2026-10-03T03:07:30Z</time>
					</trkpt>
					<trkpt lat="48.467130" lon="6.933330">
						<ele>459</ele>
						<time>2026-10-03T03:07:32Z</time>
					</trkpt>
					<trkpt lat="48.467100" lon="6.933400">
						<ele>459</ele>
						<time>2026-10-03T03:07:35Z</time>
					</trkpt>
					<trkpt lat="48.467090" lon="6.933460">
						<ele>459</ele>
						<time>2026-10-03T03:07:37Z</time>
					</trkpt>
					<trkpt lat="48.467060" lon="6.934010">
						<ele>459</ele>
						<time>2026-10-03T03:07:55Z</time>
					</trkpt>
					<trkpt lat="48.467030" lon="6.934070">
						<ele>460</ele>
						<time>2026-10-03T03:07:58Z</time>
					</trkpt>
					<trkpt lat="48.466880" lon="6.934250">
						<ele>461</ele>
						<time>2026-10-03T03:08:07Z</time>
					</trkpt>
					<trkpt lat="48.466790" lon="6.934310">
						<ele>461</ele>
						<time>2026-10-03T03:08:12Z</time>
					</trkpt>
					<trkpt lat="48.466680" lon="6.934350">
						<ele>463</ele>
						<time>2026-10-03T03:08:18Z</time>
					</trkpt>
					<trkpt lat="48.466540" lon="6.934360">
						<ele>465</ele>
						<time>2026-10-03T03:08:25Z</time>
					</trkpt>
					<trkpt lat="48.466510" lon="6.934340">
						<ele>466</ele>
						<time>2026-10-03T03:08:27Z</time>
					</trkpt>
					<trkpt lat="48.466440" lon="6.934310">
						<ele>467</ele>
						<time>2026-10-03T03:08:30Z</time>
					</trkpt>
					<trkpt lat="48.466310" lon="6.934210">
						<ele>470</ele>
						<time>2026-10-03T03:08:38Z</time>
					</trkpt>
					<trkpt lat="48.466270" lon="6.934200">
						<ele>471</ele>
						<time>2026-10-03T03:08:40Z</time>
					</trkpt>
					<trkpt lat="48.466130" lon="6.934270">
						<ele>473</ele>
						<time>2026-10-03T03:08:47Z</time>
					</trkpt>
					<trkpt lat="48.466080" lon="6.934290">
						<ele>474</ele>
						<time>2026-10-03T03:08:50Z</time>
					</trkpt>
					<trkpt lat="48.466020" lon="6.934350">
						<ele>475</ele>
						<time>2026-10-03T03:08:53Z</time>
					</trkpt>
					<trkpt lat="48.466010" lon="6.934350">
						<ele>475</ele>
						<time>2026-10-03T03:08:54Z</time>
					</trkpt>
					<trkpt lat="48.465950" lon="6.934310">
						<ele>477</ele>
						<time>2026-10-03T03:08:57Z</time>
					</trkpt>
					<trkpt lat="48.465920" lon="6.934320">
						<ele>477</ele>
						<time>2026-10-03T03:08:59Z</time>
					</trkpt>
					<trkpt lat="48.465870" lon="6.934310">
						<ele>478</ele>
						<time>2026-10-03T03:09:01Z</time>
					</trkpt>
					<trkpt lat="48.465810" lon="6.934340">
						<ele>480</ele>
						<time>2026-10-03T03:09:04Z</time>
					</trkpt>
					<trkpt lat="48.465740" lon="6.934450">
						<ele>482</ele>
						<time>2026-10-03T03:09:09Z</time>
					</trkpt>
					<trkpt lat="48.465680" lon="6.934580">
						<ele>484</ele>
						<time>2026-10-03T03:09:15Z</time>
					</trkpt>
					<trkpt lat="48.465640" lon="6.934760">
						<ele>485</ele>
						<time>2026-10-03T03:09:21Z</time>
					</trkpt>
					<trkpt lat="48.465620" lon="6.934790">
						<ele>486</ele>
						<time>2026-10-03T03:09:22Z</time>
					</trkpt>
					<trkpt lat="48.465590" lon="6.934890">
						<ele>487</ele>
						<time>2026-10-03T03:09:26Z</time>
					</trkpt>
					<trkpt lat="48.465550" lon="6.934950">
						<ele>489</ele>
						<time>2026-10-03T03:09:29Z</time>
					</trkpt>
					<trkpt lat="48.465530" lon="6.935070">
						<ele>489</ele>
						<time>2026-10-03T03:09:33Z</time>
					</trkpt>
					<trkpt lat="48.465460" lon="6.935150">
						<ele>491</ele>
						<time>2026-10-03T03:09:37Z</time>
					</trkpt>
					<trkpt lat="48.465430" lon="6.935230">
						<ele>492</ele>
						<time>2026-10-03T03:09:40Z</time>
					</trkpt>
					<trkpt lat="48.465420" lon="6.935340">
						<ele>492</ele>
						<time>2026-10-03T03:09:44Z</time>
					</trkpt>
					<trkpt lat="48.465430" lon="6.935450">
						<ele>491</ele>
						<time>2026-10-03T03:09:48Z</time>
					</trkpt>
					<trkpt lat="48.465430" lon="6.935650">
						<ele>491</ele>
						<time>2026-10-03T03:09:54Z</time>
					</trkpt>
					<trkpt lat="48.465360" lon="6.935710">
						<ele>493</ele>
						<time>2026-10-03T03:09:58Z</time>
					</trkpt>
					<trkpt lat="48.465310" lon="6.935740">
						<ele>494</ele>
						<time>2026-10-03T03:10:01Z</time>
					</trkpt>
					<trkpt lat="48.465260" lon="6.935890">
						<ele>495</ele>
						<time>2026-10-03T03:10:07Z</time>
					</trkpt>
					<trkpt lat="48.465250" lon="6.936010">
						<ele>496</ele>
						<time>2026-10-03T03:10:11Z</time>
					</trkpt>
					<trkpt lat="48.465230" lon="6.936070">
						<ele>496</ele>
						<time>2026-10-03T03:10:13Z</time>
					</trkpt>
					<trkpt lat="48.465230" lon="6.936110">
						<ele>496</ele>
						<time>2026-10-03T03:10:14Z</time>
					</trkpt>
					<trkpt lat="48.465170" lon="6.936260">
						<ele>498</ele>
						<time>2026-10-03T03:10:20Z</time>
					</trkpt>
					<trkpt lat="48.465160" lon="6.936320">
						<ele>498</ele>
						<time>2026-10-03T03:10:22Z</time>
					</trkpt>
					<trkpt lat="48.465120" lon="6.936360">
						<ele>499</ele>
						<time>2026-10-03T03:10:24Z</time>
					</trkpt>
					<trkpt lat="48.465090" lon="6.936460">
						<ele>500</ele>
						<time>2026-10-03T03:10:28Z</time>
					</trkpt>
					<trkpt lat="48.465040" lon="6.936600">
						<ele>501</ele>
						<time>2026-10-03T03:10:33Z</time>
					</trkpt>
					<trkpt lat="48.464960" lon="6.936690">
						<ele>503</ele>
						<time>2026-10-03T03:10:38Z</time>
					</trkpt>
					<trkpt lat="48.464930" lon="6.936770">
						<ele>504</ele>
						<time>2026-10-03T03:10:41Z</time>
					</trkpt>
					<trkpt lat="48.464890" lon="6.936800">
						<ele>505</ele>
						<time>2026-10-03T03:10:44Z</time>
					</trkpt>
					<trkpt lat="48.464840" lon="6.936740">
						<ele>507</ele>
						<time>2026-10-03T03:10:47Z</time>
					</trkpt>
					<trkpt lat="48.464810" lon="6.936680">
						<ele>508</ele>
						<time>2026-10-03T03:10:49Z</time>
					</trkpt>
					<trkpt lat="48.464730" lon="6.936640">
						<ele>511</ele>
						<time>2026-10-03T03:10:54Z</time>
					</trkpt>
					<trkpt lat="48.464590" lon="6.936450">
						<ele>516</ele>
						<time>2026-10-03T03:11:03Z</time>
					</trkpt>
					<trkpt lat="48.464590" lon="6.936380">
						<ele>517</ele>
						<time>2026-10-03T03:11:05Z</time>
					</trkpt>
					<trkpt lat="48.464550" lon="6.936230">
						<ele>519</ele>
						<time>2026-10-03T03:11:11Z</time>
					</trkpt>
					<trkpt lat="48.464510" lon="6.936160">
						<ele>521</ele>
						<time>2026-10-03T03:11:14Z</time>
					</trkpt>
					<trkpt lat="48.464470" lon="6.936080">
						<ele>523</ele>
						<time>2026-10-03T03:11:17Z</time>
					</trkpt>
					<trkpt lat="48.464450" lon="6.936050">
						<ele>523</ele>
						<time>2026-10-03T03:11:18Z</time>
					</trkpt>
					<trkpt lat="48.464390" lon="6.935820">
						<ele>527</ele>
						<time>2026-10-03T03:11:27Z</time>
					</trkpt>
					<trkpt lat="48.464360" lon="6.935770">
						<ele>529</ele>
						<time>2026-10-03T03:11:29Z</time>
					</trkpt>
					<trkpt lat="48.464320" lon="6.935590">
						<ele>531</ele>
						<time>2026-10-03T03:11:35Z</time>
					</trkpt>
					<trkpt lat="48.464290" lon="6.935510">
						<ele>532</ele>
						<time>2026-10-03T03:11:38Z</time>
					</trkpt>
					<trkpt lat="48.464260" lon="6.935410">
						<ele>534</ele>
						<time>2026-10-03T03:11:42Z</time>
					</trkpt>
					<trkpt lat="48.464240" lon="6.935360">
						<ele>535</ele>
						<time>2026-10-03T03:11:44Z</time>
					</trkpt>
					<trkpt lat="48.464170" lon="6.935130">
						<ele>538</ele>
						<time>2026-10-03T03:11:52Z</time>
					</trkpt>
					<trkpt lat="48.464140" lon="6.935090">
						<ele>539</ele>
						<time>2026-10-03T03:11:54Z</time>
					</trkpt>
					<trkpt lat="48.464110" lon="6.934970">
						<ele>539</ele>
						<time>2026-10-03T03:11:58Z</time>
					</trkpt>
					<trkpt lat="48.464070" lon="6.934930">
						<ele>538</ele>
						<time>2026-10-03T03:12:01Z</time>
					</trkpt>
					<trkpt lat="48.464050" lon="6.934810">
						<ele>538</ele>
						<time>2026-10-03T03:12:05Z</time>
					</trkpt>
					<trkpt lat="48.464100" lon="6.934700">
						<ele>537</ele>
						<time>2026-10-03T03:12:09Z</time>
					</trkpt>
					<trkpt lat="48.464120" lon="6.934610">
						<ele>536</ele>
						<time>2026-10-03T03:12:13Z</time>
					</trkpt>
					<trkpt lat="48.464150" lon="6.934540">
						<ele>536</ele>
						<time>2026-10-03T03:12:15Z</time>
					</trkpt>
					<trkpt lat="48.464160" lon="6.934500">
						<ele>535</ele>
						<time>2026-10-03T03:12:17Z</time>
					</trkpt>
					<trkpt lat="48.464120" lon="6.934520">
						<ele>535</ele>
						<time>2026-10-03T03:12:19Z</time>
					</trkpt>
					<trkpt lat="48.464100" lon="6.934540">
						<ele>536</ele>
						<time>2026-10-03T03:12:20Z</time>
					</trkpt>
					<trkpt lat="48.463980" lon="6.934530">
						<ele>535</ele>
						<time>2026-10-03T03:12:26Z</time>
					</trkpt>
					<trkpt lat="48.463890" lon="6.934560">
						<ele>535</ele>
						<time>2026-10-03T03:12:31Z</time>
					</trkpt>
					<trkpt lat="48.463620" lon="6.934530">
						<ele>535</ele>
						<time>2026-10-03T03:12:44Z</time>
					</trkpt>
					<trkpt lat="48.463410" lon="6.934570">
						<ele>534</ele>
						<time>2026-10-03T03:12:55Z</time>
					</trkpt>
					<trkpt lat="48.463290" lon="6.934610">
						<ele>534</ele>
						<time>2026-10-03T03:13:01Z</time>
					</trkpt>
					<trkpt lat="48.463250" lon="6.934660">
						<ele>533</ele>
						<time>2026-10-03T03:13:04Z</time>
					</trkpt>
					<trkpt lat="48.463170" lon="6.934720">
						<ele>531</ele>
						<time>2026-10-03T03:13:08Z</time>
					</trkpt>
					<trkpt lat="48.463140" lon="6.934760">
						<ele>531</ele>
						<time>2026-10-03T03:13:10Z</time>
					</trkpt>
					<trkpt lat="48.463100" lon="6.934860">
						<ele>531</ele>
						<time>2026-10-03T03:13:14Z</time>
					</trkpt>
					<trkpt lat="48.463080" lon="6.935000">
						<ele>531</ele>
						<time>2026-10-03T03:13:19Z</time>
					</trkpt>
					<trkpt lat="48.463080" lon="6.935160">
						<ele>531</ele>
						<time>2026-10-03T03:13:24Z</time>
					</trkpt>
					<trkpt lat="48.463090" lon="6.935230">
						<ele>531</ele>
						<time>2026-10-03T03:13:26Z</time>
					</trkpt>
					<trkpt lat="48.463070" lon="6.935390">
						<ele>531</ele>
						<time>2026-10-03T03:13:32Z</time>
					</trkpt>
					<trkpt lat="48.463090" lon="6.935480">
						<ele>531</ele>
						<time>2026-10-03T03:13:35Z</time>
					</trkpt>
					<trkpt lat="48.463080" lon="6.935580">
						<ele>531</ele>
						<time>2026-10-03T03:13:38Z</time>
					</trkpt>
					<trkpt lat="48.463090" lon="6.935640">
						<ele>531</ele>
						<time>2026-10-03T03:13:40Z</time>
					</trkpt>
					<trkpt lat="48.463080" lon="6.935730">
						<ele>531</ele>
						<time>2026-10-03T03:13:43Z</time>
					</trkpt>
					<trkpt lat="48.463050" lon="6.935800">
						<ele>530</ele>
						<time>2026-10-03T03:13:46Z</time>
					</trkpt>
					<trkpt lat="48.463060" lon="6.935910">
						<ele>529</ele>
						<time>2026-10-03T03:13:50Z</time>
					</trkpt>
					<trkpt lat="48.463040" lon="6.936040">
						<ele>527</ele>
						<time>2026-10-03T03:13:54Z</time>
					</trkpt>
					<trkpt lat="48.463060" lon="6.936260">
						<ele>525</ele>
						<time>2026-10-03T03:14:02Z</time>
					</trkpt>
					<trkpt lat="48.463050" lon="6.936430">
						<ele>523</ele>
						<time>2026-10-03T03:14:07Z</time>
					</trkpt>
					<trkpt lat="48.463060" lon="6.936520">
						<ele>522</ele>
						<time>2026-10-03T03:14:10Z</time>
					</trkpt>
					<trkpt lat="48.463040" lon="6.936600">
						<ele>521</ele>
						<time>2026-10-03T03:14:13Z</time>
					</trkpt>
					<trkpt lat="48.463040" lon="6.936790">
						<ele>518</ele>
						<time>2026-10-03T03:14:19Z</time>
					</trkpt>
					<trkpt lat="48.463050" lon="6.936910">
						<ele>517</ele>
						<time>2026-10-03T03:14:23Z</time>
					</trkpt>
					<trkpt lat="48.463050" lon="6.936950">
						<ele>516</ele>
						<time>2026-10-03T03:14:25Z</time>
					</trkpt>
					<trkpt lat="48.463040" lon="6.937050">
						<ele>515</ele>
						<time>2026-10-03T03:14:28Z</time>
					</trkpt>
					<trkpt lat="48.463010" lon="6.937210">
						<ele>512</ele>
						<time>2026-10-03T03:14:34Z</time>
					</trkpt>
					<trkpt lat="48.462990" lon="6.937250">
						<ele>511</ele>
						<time>2026-10-03T03:14:35Z</time>
					</trkpt>
					<trkpt lat="48.462970" lon="6.937280">
						<ele>510</ele>
						<time>2026-10-03T03:14:37Z</time>
					</trkpt>
					<trkpt lat="48.462920" lon="6.937360">
						<ele>509</ele>
						<time>2026-10-03T03:14:40Z</time>
					</trkpt>
					<trkpt lat="48.462890" lon="6.937390">
						<ele>508</ele>
						<time>2026-10-03T03:14:42Z</time>
					</trkpt>
					<trkpt lat="48.462850" lon="6.937440">
						<ele>507</ele>
						<time>2026-10-03T03:14:45Z</time>
					</trkpt>
					<trkpt lat="48.462770" lon="6.937590">
						<ele>504</ele>
						<time>2026-10-03T03:14:51Z</time>
					</trkpt>
					<trkpt lat="48.462660" lon="6.937720">
						<ele>501</ele>
						<time>2026-10-03T03:14:58Z</time>
					</trkpt>
					<trkpt lat="48.462560" lon="6.937780">
						<ele>499</ele>
						<time>2026-10-03T03:15:04Z</time>
					</trkpt>
					<trkpt lat="48.462520" lon="6.937750">
						<ele>499</ele>
						<time>2026-10-03T03:15:06Z</time>
					</trkpt>
					<trkpt lat="48.462490" lon="6.937730">
						<ele>499</ele>
						<time>2026-10-03T03:15:07Z</time>
					</trkpt>
					<trkpt lat="48.462430" lon="6.937680">
						<ele>499</ele>
						<time>2026-10-03T03:15:11Z</time>
					</trkpt>
					<trkpt lat="48.462380" lon="6.937620">
						<ele>499</ele>
						<time>2026-10-03T03:15:14Z</time>
					</trkpt>
					<trkpt lat="48.462350" lon="6.937560">
						<ele>499</ele>
						<time>2026-10-03T03:15:17Z</time>
					</trkpt>
					<trkpt lat="48.462320" lon="6.936960">
						<ele>500</ele>
						<time>2026-10-03T03:15:37Z</time>
					</trkpt>
					<trkpt lat="48.462300" lon="6.936870">
						<ele>500</ele>
						<time>2026-10-03T03:15:40Z</time>
					</trkpt>
					<trkpt lat="48.462300" lon="6.936770">
						<ele>500</ele>
						<time>2026-10-03T03:15:43Z</time>
					</trkpt>
					<trkpt lat="48.462290" lon="6.936730">
						<ele>500</ele>
						<time>2026-10-03T03:15:44Z</time>
					</trkpt>
					<trkpt lat="48.462280" lon="6.936420">
						<ele>500</ele>
						<time>2026-10-03T03:15:55Z</time>
					</trkpt>
					<trkpt lat="48.462290" lon="6.936350">
						<ele>501</ele>
						<time>2026-10-03T03:15:57Z</time>
					</trkpt>
					<trkpt lat="48.462290" lon="6.936260">
						<ele>501</ele>
						<time>2026-10-03T03:16:00Z</time>
					</trkpt>
					<trkpt lat="48.462300" lon="6.936160">
						<ele>501</ele>
						<time>2026-10-03T03:16:03Z</time>
					</trkpt>
					<trkpt lat="48.462290" lon="6.936040">
						<ele>501</ele>
						<time>2026-10-03T03:16:07Z</time>
					</trkpt>
					<trkpt lat="48.462280" lon="6.935960">
						<ele>501</ele>
						<time>2026-10-03T03:16:10Z</time>
					</trkpt>
					<trkpt lat="48.462270" lon="6.935820">
						<ele>501</ele>
						<time>2026-10-03T03:16:15Z</time>
					</trkpt>
					<trkpt lat="48.462210" lon="6.935570">
						<ele>499</ele>
						<time>2026-10-03T03:16:24Z</time>
					</trkpt>
					<trkpt lat="48.462200" lon="6.935520">
						<ele>499</ele>
						<time>2026-10-03T03:16:25Z</time>
					</trkpt>
					<trkpt lat="48.462190" lon="6.935490">
						<ele>499</ele>
						<time>2026-10-03T03:16:26Z</time>
					</trkpt>
					<trkpt lat="48.462170" lon="6.935410">
						<ele>498</ele>
						<time>2026-10-03T03:16:29Z</time>
					</trkpt>
					<trkpt lat="48.462180" lon="6.935380">
						<ele>499</ele>
						<time>2026-10-03T03:16:30Z</time>
					</trkpt>
					<trkpt lat="48.462150" lon="6.935250">
						<ele>497</ele>
						<time>2026-10-03T03:16:35Z</time>
					</trkpt>
					<trkpt lat="48.462120" lon="6.935170">
						<ele>496</ele>
						<time>2026-10-03T03:16:38Z</time>
					</trkpt>
					<trkpt lat="48.462120" lon="6.935120">
						<ele>496</ele>
						<time>2026-10-03T03:16:40Z</time>
					</trkpt>
					<trkpt lat="48.462080" lon="6.935020">
						<ele>495</ele>
						<time>2026-10-03T03:16:44Z</time>
					</trkpt>
					<trkpt lat="48.462020" lon="6.934790">
						<ele>493</ele>
						<time>2026-10-03T03:16:52Z</time>
					</trkpt>
					<trkpt lat="48.461990" lon="6.934720">
						<ele>492</ele>
						<time>2026-10-03T03:16:55Z</time>
					</trkpt>
					<trkpt lat="48.461980" lon="6.934680">
						<ele>492</ele>
						<time>2026-10-03T03:16:56Z</time>
					</trkpt>
					<trkpt lat="48.461920" lon="6.934530">
						<ele>491</ele>
						<time>2026-10-03T03:17:02Z</time>
					</trkpt>
					<trkpt lat="48.461850" lon="6.934410">
						<ele>489</ele>
						<time>2026-10-03T03:17:07Z</time>
					</trkpt>
					<trkpt lat="48.461830" lon="6.934340">
						<ele>488</ele>
						<time>2026-10-03T03:17:10Z</time>
					</trkpt>
					<trkpt lat="48.461790" lon="6.934270">
						<ele>487</ele>
						<time>2026-10-03T03:17:13Z</time>
					</trkpt>
					<trkpt lat="48.461650" lon="6.933920">
						<ele>484</ele>
						<time>2026-10-03T03:17:26Z</time>
					</trkpt>
					<trkpt lat="48.461620" lon="6.933810">
						<ele>484</ele>
						<time>2026-10-03T03:17:30Z</time>
					</trkpt>
					<trkpt lat="48.461590" lon="6.933650">
						<ele>483</ele>
						<time>2026-10-03T03:17:36Z</time>
					</trkpt>
					<trkpt lat="48.461520" lon="6.933460">
						<ele>481</ele>
						<time>2026-10-03T03:17:43Z</time>
					</trkpt>
					<trkpt lat="48.461500" lon="6.933370">
						<ele>481</ele>
						<time>2026-10-03T03:17:46Z</time>
					</trkpt>
					<trkpt lat="48.461470" lon="6.933310">
						<ele>480</ele>
						<time>2026-10-03T03:17:49Z</time>
					</trkpt>
					<trkpt lat="48.461450" lon="6.933200">
						<ele>479</ele>
						<time>2026-10-03T03:17:52Z</time>
					</trkpt>
					<trkpt lat="48.461360" lon="6.932930">
						<ele>476</ele>
						<time>2026-10-03T03:18:02Z</time>
					</trkpt>
					<trkpt lat="48.461330" lon="6.932860">
						<ele>475</ele>
						<time>2026-10-03T03:18:05Z</time>
					</trkpt>
					<trkpt lat="48.461300" lon="6.932830">
						<ele>474</ele>
						<time>2026-10-03T03:18:07Z</time>
					</trkpt>
					<trkpt lat="48.461280" lon="6.932760">
						<ele>474</ele>
						<time>2026-10-03T03:18:09Z</time>
					</trkpt>
					<trkpt lat="48.461230" lon="6.932680">
						<ele>472</ele>
						<time>2026-10-03T03:18:13Z</time>
					</trkpt>
					<trkpt lat="48.461190" lon="6.932570">
						<ele>471</ele>
						<time>2026-10-03T03:18:17Z</time>
					</trkpt>
					<trkpt lat="48.461050" lon="6.932270">
						<ele>468</ele>
						<time>2026-10-03T03:18:29Z</time>
					</trkpt>
					<trkpt lat="48.461030" lon="6.932220">
						<ele>468</ele>
						<time>2026-10-03T03:18:31Z</time>
					</trkpt>
					<trkpt lat="48.460990" lon="6.932170">
						<ele>467</ele>
						<time>2026-10-03T03:18:34Z</time>
					</trkpt>
					<trkpt lat="48.460900" lon="6.931930">
						<ele>466</ele>
						<time>2026-10-03T03:18:43Z</time>
					</trkpt>
					<trkpt lat="48.460850" lon="6.931840">
						<ele>466</ele>
						<time>2026-10-03T03:18:47Z</time>
					</trkpt>
					<trkpt lat="48.460780" lon="6.931680">
						<ele>466</ele>
						<time>2026-10-03T03:18:53Z</time>
					</trkpt>
					<trkpt lat="48.460720" lon="6.931600">
						<ele>464</ele>
						<time>2026-10-03T03:18:57Z</time>
					</trkpt>
					<trkpt lat="48.460700" lon="6.931530">
						<ele>464</ele>
						<time>2026-10-03T03:19:00Z</time>
					</trkpt>
					<trkpt lat="48.460680" lon="6.931500">
						<ele>464</ele>
						<time>2026-10-03T03:19:01Z</time>
					</trkpt>
					<trkpt lat="48.460660" lon="6.931380">
						<ele>463</ele>
						<time>2026-10-03T03:19:05Z</time>
					</trkpt>
					<trkpt lat="48.460610" lon="6.931250">
						<ele>462</ele>
						<time>2026-10-03T03:19:10Z</time>
					</trkpt>
					<trkpt lat="48.460550" lon="6.931230">
						<ele>462</ele>
						<time>2026-10-03T03:19:14Z</time>
					</trkpt>
					<trkpt lat="48.460520" lon="6.931210">
						<ele>462</ele>
						<time>2026-10-03T03:19:15Z</time>
					</trkpt>
					<trkpt lat="48.460240" lon="6.931020">
						<ele>460</ele>
						<time>2026-10-03T03:19:31Z</time>
					</trkpt>
					<trkpt lat="48.460000" lon="6.930820">
						<ele>462</ele>
						<time>2026-10-03T03:19:44Z</time>
					</trkpt>
					<trkpt lat="48.459640" lon="6.930560">
						<ele>459</ele>
						<time>2026-10-03T03:20:04Z</time>
					</trkpt>
					<trkpt lat="48.459390" lon="6.930310">
						<ele>460</ele>
						<time>2026-10-03T03:20:19Z</time>
					</trkpt>
					<trkpt lat="48.459270" lon="6.930380">
						<ele>458</ele>
						<time>2026-10-03T03:20:26Z</time>
					</trkpt>
					<trkpt lat="48.459160" lon="6.930410">
						<ele>457</ele>
						<time>2026-10-03T03:20:31Z</time>
					</trkpt>
					<trkpt lat="48.459020" lon="6.930350">
						<ele>455</ele>
						<time>2026-10-03T03:20:39Z</time>
					</trkpt>
					<trkpt lat="48.458360" lon="6.929990">
						<ele>453</ele>
						<time>2026-10-03T03:21:14Z</time>
					</trkpt>
					<trkpt lat="48.458280" lon="6.929940">
						<ele>452</ele>
						<time>2026-10-03T03:21:18Z</time>
					</trkpt>
					<trkpt lat="48.457890" lon="6.929810">
						<ele>447</ele>
						<time>2026-10-03T03:21:38Z</time>
					</trkpt>
					<trkpt lat="48.457060" lon="6.929590">
						<ele>444</ele>
						<time>2026-10-03T03:22:20Z</time>
					</trkpt>
					<trkpt lat="48.456870" lon="6.929570">
						<ele>443</ele>
						<time>2026-10-03T03:22:30Z</time>
					</trkpt>
					<trkpt lat="48.456910" lon="6.929650">
						<ele>441</ele>
						<time>2026-10-03T03:22:33Z</time>
					</trkpt>
					<trkpt lat="48.456900" lon="6.929720">
						<ele>439</ele>
						<time>2026-10-03T03:22:35Z</time>
					</trkpt>
					<trkpt lat="48.456780" lon="6.929700">
						<ele>439</ele>
						<time>2026-10-03T03:22:41Z</time>
					</trkpt>
					<trkpt lat="48.456680" lon="6.929720">
						<ele>438</ele>
						<time>2026-10-03T03:22:46Z</time>
					</trkpt>
					<trkpt lat="48.456550" lon="6.929820">
						<ele>436</ele>
						<time>2026-10-03T03:22:54Z</time>
					</trkpt>
					<trkpt lat="48.456470" lon="6.929940">
						<ele>433</ele>
						<time>2026-10-03T03:22:59Z</time>
					</trkpt>
					<trkpt lat="48.456330" lon="6.930090">
						<ele>429</ele>
						<time>2026-10-03T03:23:08Z</time>
					</trkpt>
					<trkpt lat="48.456300" lon="6.930110">
						<ele>429</ele>
						<time>2026-10-03T03:23:10Z</time>
					</trkpt>
					<trkpt lat="48.456170" lon="6.930390">
						<ele>418</ele>
						<time>2026-10-03T03:23:21Z</time>
					</trkpt>
					<trkpt lat="48.455980" lon="6.930560">
						<ele>411</ele>
						<time>2026-10-03T03:23:32Z</time>
					</trkpt>
					<trkpt lat="48.455610" lon="6.930730">
						<ele>403</ele>
						<time>2026-10-03T03:23:51Z</time>
					</trkpt>
					<trkpt lat="48.455460" lon="6.930780">
						<ele>401</ele>
						<time>2026-10-03T03:23:59Z</time>
					</trkpt>
					<trkpt lat="48.455240" lon="6.930830">
						<ele>398</ele>
						<time>2026-10-03T03:24:10Z</time>
					</trkpt>
					<trkpt lat="48.454990" lon="6.930840">
						<ele>397</ele>
						<time>2026-10-03T03:24:23Z</time>
					</trkpt>
					<trkpt lat="48.454630" lon="6.931060">
						<ele>392</ele>
						<time>2026-10-03T03:24:42Z</time>
					</trkpt>
					<trkpt lat="48.454370" lon="6.931200">
						<ele>389</ele>
						<time>2026-10-03T03:24:56Z</time>
					</trkpt>
					<trkpt lat="48.454340" lon="6.931250">
						<ele>388</ele>
						<time>2026-10-03T03:24:58Z</time>
					</trkpt>
					<trkpt lat="48.454120" lon="6.931640">
						<ele>380</ele>
						<time>2026-10-03T03:25:15Z</time>
					</trkpt>
					<trkpt lat="48.453860" lon="6.932010">
						<ele>376</ele>
						<time>2026-10-03T03:25:33Z</time>
					</trkpt>
					<trkpt lat="48.453510" lon="6.932390">
						<ele>371</ele>
						<time>2026-10-03T03:25:55Z</time>
					</trkpt>
					<trkpt lat="48.453340" lon="6.932550">
						<ele>369</ele>
						<time>2026-10-03T03:26:05Z</time>
					</trkpt>
					<trkpt lat="48.453130" lon="6.932790">
						<ele>368</ele>
						<time>2026-10-03T03:26:18Z</time>
					</trkpt>
					<trkpt lat="48.452940" lon="6.933060">
						<ele>366</ele>
						<time>2026-10-03T03:26:31Z</time>
					</trkpt>
					<trkpt lat="48.452750" lon="6.933380">
						<ele>364</ele>
						<time>2026-10-03T03:26:45Z</time>
					</trkpt>
					<trkpt lat="48.452560" lon="6.933810">
						<ele>357</ele>
						<time>2026-10-03T03:27:02Z</time>
					</trkpt>
					<trkpt lat="48.452320" lon="6.934130">
						<ele>351</ele>
						<time>2026-10-03T03:27:18Z</time>
					</trkpt>
					<trkpt lat="48.452220" lon="6.934330">
						<ele>348</ele>
						<time>2026-10-03T03:27:27Z</time>
					</trkpt>
					<trkpt lat="48.452150" lon="6.934510">
						<ele>346</ele>
						<time>2026-10-03T03:27:34Z</time>
					</trkpt>
					<trkpt lat="48.452120" lon="6.934560">
						<ele>345</ele>
						<time>2026-10-03T03:27:36Z</time>
					</trkpt>
					<trkpt lat="48.452120" lon="6.934590">
						<ele>344</ele>
						<time>2026-10-03T03:27:37Z</time>
					</trkpt>
					<trkpt lat="48.452120" lon="6.934610">
						<ele>344</ele>
						<time>2026-10-03T03:27:38Z</time>
					</trkpt>
					<trkpt lat="48.452140" lon="6.934630">
						<ele>343</ele>
						<time>2026-10-03T03:27:39Z</time>
					</trkpt>
					<trkpt lat="48.452150" lon="6.934650">
						<ele>343</ele>
						<time>2026-10-03T03:27:40Z</time>
					</trkpt>
					<trkpt lat="48.451900" lon="6.934990">
						<ele>333</ele>
						<time>2026-10-03T03:27:56Z</time>
					</trkpt>
					<trkpt lat="48.451900" lon="6.934990">
						<ele>333</ele>
						<time>2026-10-03T03:27:56Z</time>
					</trkpt>
					<trkpt lat="48.451870" lon="6.935020">
						<ele>332</ele>
						<time>2026-10-03T03:27:58Z</time>
					</trkpt>
					<trkpt lat="48.451780" lon="6.935150">
						<ele>330</ele>
						<time>2026-10-03T03:28:04Z</time>
					</trkpt>
					<trkpt lat="48.451740" lon="6.935200">
						<ele>329</ele>
						<time>2026-10-03T03:28:07Z</time>
					</trkpt>
					<trkpt lat="48.451690" lon="6.935250">
						<ele>327</ele>
						<time>2026-10-03T03:28:10Z</time>
					</trkpt>
					<trkpt lat="48.451670" lon="6.935240">
						<ele>327</ele>
						<time>2026-10-03T03:28:11Z</time>
					</trkpt>
					<trkpt lat="48.451670" lon="6.935240">
						<ele>327</ele>
						<time>2026-10-03T03:28:11Z</time>
					</trkpt>
					<trkpt lat="48.451340" lon="6.935160">
						<ele>323</ele>
						<time>2026-10-03T03:28:28Z</time>
					</trkpt>
					<trkpt lat="48.451010" lon="6.935090">
						<ele>319</ele>
						<time>2026-10-03T03:28:45Z</time>
					</trkpt>
					<trkpt lat="48.450990" lon="6.935090">
						<ele>318</ele>
						<time>2026-10-03T03:28:46Z</time>
					</trkpt>
					<trkpt lat="48.450880" lon="6.935120">
						<ele>317</ele>
						<time>2026-10-03T03:28:51Z</time>
					</trkpt>
					<trkpt lat="48.450860" lon="6.935190">
						<ele>316</ele>
						<time>2026-10-03T03:28:54Z</time>
					</trkpt>
					<trkpt lat="48.450840" lon="6.935200">
						<ele>315</ele>
						<time>2026-10-03T03:28:55Z</time>
					</trkpt>
					<trkpt lat="48.450820" lon="6.935210">
						<ele>315</ele>
						<time>2026-10-03T03:28:56Z</time>
					</trkpt>
					<trkpt lat="48.450790" lon="6.935210">
						<ele>315</ele>
						<time>2026-10-03T03:28:57Z</time>
					</trkpt>
					<trkpt lat="48.450680" lon="6.935570">
						<ele>311</ele>
						<time>2026-10-03T03:29:10Z</time>
					</trkpt>
					<trkpt lat="48.450600" lon="6.935820">
						<ele>309</ele>
						<time>2026-10-03T03:29:20Z</time>
					</trkpt>
					</trkseg>
				</trk>
			</gpx>